model_name,bias,variance,test_mse,test_score,n_subsamples,subsample_ratio,fit_time,d_name,split_idx,n_splits,random_state,test_size
EGB_XGB_GA2M_CYCLIC_BEST_FIT,0.24328861092313125,0.01906653789187003,0.2623551488150012,-0.5121864322776656,5,0.5,1704.0014476776123,california housing,0,5,42,3096
EGB_XGB_GA2M_CYCLIC_BEST_FIT,0.25047511095318425,0.019425546250735563,0.2699006572039198,-0.5195026568728831,5,0.5,1636.257395029068,california housing,1,5,42,3096
EGB_XGB_GA2M_CYCLIC_BEST_FIT,0.25856181992553134,0.018675908643014622,0.277237728568546,-0.5264976969621532,5,0.5,1692.2723581790924,california housing,2,5,42,3096
EGB_XGB_GA2M_CYCLIC_BEST_FIT,0.23277124822796214,0.019448480162151345,0.2522197283901135,-0.5021770257344628,5,0.5,1556.2245287895203,california housing,3,5,42,3096
EGB_XGB_GA2M_CYCLIC_BEST_FIT,0.24152425190471333,0.018275436245727677,0.25979968815044097,-0.5096629434382632,5,0.5,1698.0284473896027,california housing,4,5,42,3096
EGB_XGB_GA2M_CYCLIC_BEST_FIT,22.29912708231744,3.9625549104549185,26.26168199277236,-5.112491294452907,5,0.5,489.9207093715668,concrete,0,5,42,155
EGB_XGB_GA2M_CYCLIC_BEST_FIT,18.416801029773886,4.888051443447952,23.304852473221832,-4.817154619315767,5,0.5,432.25419902801514,concrete,1,5,42,155
EGB_XGB_GA2M_CYCLIC_BEST_FIT,16.25909184399841,3.962042484850247,20.221134328848656,-4.492189904228349,5,0.5,494.952969789505,concrete,2,5,42,155
EGB_XGB_GA2M_CYCLIC_BEST_FIT,22.488971189231044,5.635405147906048,28.124376337137097,-5.3026339820658865,5,0.5,454.3899805545807,concrete,3,5,42,155
EGB_XGB_GA2M_CYCLIC_BEST_FIT,16.98971938725147,4.045172741349972,21.034892128601438,-4.582722455508498,5,0.5,420.11767387390137,concrete,4,5,42,155
EGB_XGB_GA2M_CYCLIC_BEST_FIT,0.20636406919676548,0.0004889890569830908,0.20685305825374858,0.7359356553232521,5,0.5,99.47151708602905,compass,0,5,42,926
EGB_XGB_GA2M_CYCLIC_BEST_FIT,0.20264807991996164,0.0006647073321614175,0.20331278725212304,0.7483902071917405,5,0.5,110.79230666160583,compass,1,5,42,926
EGB_XGB_GA2M_CYCLIC_BEST_FIT,0.202628043829086,0.0006256706354264142,0.2032537144645124,0.7459998588932526,5,0.5,108.96928572654724,compass,2,5,42,926
EGB_XGB_GA2M_CYCLIC_BEST_FIT,0.2068336425283075,0.0006275618137635178,0.207461204342071,0.73515580536676,5,0.5,114.11477756500244,compass,3,5,42,926
EGB_XGB_GA2M_CYCLIC_BEST_FIT,0.20201675960592705,0.0005862573048026723,0.2026030169107297,0.747863879024482,5,0.5,114.46835279464722,compass,4,5,42,926
EGB_XGB_GA2M_CYCLIC_BEST_FIT,0.14409003423553887,0.0020683042517873024,0.14615833848732615,0.8158259083093278,5,0.5,285.2188012599945,support2,0,5,42,1366
EGB_XGB_GA2M_CYCLIC_BEST_FIT,0.1319906534100278,0.0017381843047880794,0.13372883771481586,0.8350902168330319,5,0.5,281.29179978370667,support2,1,5,42,1366
EGB_XGB_GA2M_CYCLIC_BEST_FIT,0.14229716002376727,0.0017135713250397066,0.144010731348807,0.8047308010093566,5,0.5,291.1809661388397,support2,2,5,42,1366
EGB_XGB_GA2M_CYCLIC_BEST_FIT,0.1403947572713158,0.0017164613146123731,0.14211121858592818,0.8165890667917196,5,0.5,301.000497341156,support2,3,5,42,1366
EGB_XGB_GA2M_CYCLIC_BEST_FIT,0.145220848289882,0.002204259483572268,0.14742510777345427,0.8000770416024654,5,0.5,297.3657627105713,support2,4,5,42,1366
EGB_XGB_GA2M_CYCLIC_CYCLIC,2669.693906639178,161.87432287519215,2831.5682295143697,-53.20846536389202,5,0.5,1759.2862420082092,bike,0,5,42,2607
EGB_XGB_GA2M_CYCLIC_CYCLIC,2548.4769610795247,171.5744677407711,2720.051428820296,-52.13900152110256,5,0.5,1734.8045227527618,bike,1,5,42,2607
EGB_XGB_GA2M_CYCLIC_CYCLIC,2471.502106939269,159.21143481807792,2630.7135417573472,-51.28656244692661,5,0.5,1815.2000913619995,bike,2,5,42,2607
EGB_XGB_GA2M_CYCLIC_CYCLIC,2757.297122601909,151.40008919558915,2908.697211797498,-53.93184495326657,5,0.5,1805.4395065307617,bike,3,5,42,2607
EGB_XGB_GA2M_CYCLIC_CYCLIC,2557.694276756473,188.82280094241406,2746.5170776988875,-52.40264229474151,5,0.5,1833.7250921726227,bike,4,5,42,2607
EGB_XGB_GA2M_CYCLIC_BEST_FIT,2671.0102949614875,175.1231976021215,2846.133492563609,-53.34567409696798,5,0.5,1856.8733537197113,bike,0,5,42,2607
EGB_XGB_GA2M_CYCLIC_BEST_FIT,2571.5162307241467,194.39041675090832,2765.9066474750553,-52.573820785709835,5,0.5,1822.4575011730194,bike,1,5,42,2607
EGB_XGB_GA2M_CYCLIC_BEST_FIT,2481.0957030992754,161.66184277179926,2642.757545871075,-51.406332727353956,5,0.5,1837.8614153862,bike,2,5,42,2607
EGB_XGB_GA2M_CYCLIC_BEST_FIT,2752.518966746104,168.96409645475455,2921.4830632008584,-54.050672226661845,5,0.5,1856.9467051029205,bike,3,5,42,2607
EGB_XGB_GA2M_CYCLIC_BEST_FIT,2563.7528409779497,197.9231007398149,2761.675941717765,-52.547582501277134,5,0.5,1819.8092336654663,bike,4,5,42,2607
EGB_XGB_GA2M_CYCLIC_CYCLIC,0.13921573596092643,0.0008915276264653415,0.14010726358739176,0.8378142857142856,5,0.5,229.6278965473175,churn,0,5,42,1055
EGB_XGB_GA2M_CYCLIC_CYCLIC,0.1405819413529623,0.0008180692247328308,0.14140001057769513,0.8301921658986176,5,0.5,220.67442107200623,churn,1,5,42,1055
EGB_XGB_GA2M_CYCLIC_CYCLIC,0.13863997523495833,0.0008626031263297713,0.13950257836128813,0.831184331797235,5,0.5,226.81036353111267,churn,2,5,42,1055
EGB_XGB_GA2M_CYCLIC_CYCLIC,0.13042953678018895,0.000584008803038809,0.13101354558322775,0.8571599078341012,5,0.5,208.8913266658783,churn,3,5,42,1055
EGB_XGB_GA2M_CYCLIC_CYCLIC,0.12998241248160336,0.00061259301740251,0.13059500549900588,0.8538,5,0.5,203.777108669281,churn,4,5,42,1055
EGB_XGB_GA2M_CYCLIC_BEST_FIT,0.1390243650832006,0.0010144903508607238,0.14003885543406136,0.8380299539170508,5,0.5,229.8819477558136,churn,0,5,42,1055
EGB_XGB_GA2M_CYCLIC_BEST_FIT,0.14061927798880225,0.0008737573919159148,0.14149303538071817,0.8299543778801842,5,0.5,224.00741291046143,churn,1,5,42,1055
EGB_XGB_GA2M_CYCLIC_BEST_FIT,0.13858595571140334,0.0009710423852688964,0.13955699809667224,0.8307585253456221,5,0.5,220.3764932155609,churn,2,5,42,1055
EGB_XGB_GA2M_CYCLIC_BEST_FIT,0.1303664072281421,0.000606899416757034,0.13097330664489917,0.8573036866359447,5,0.5,206.71943831443787,churn,3,5,42,1055
EGB_XGB_GA2M_CYCLIC_BEST_FIT,0.1299143367615483,0.0006006060505943492,0.1305149428121426,0.8538193548387097,5,0.5,192.013001203537,churn,4,5,42,1055
EGB_XGB_GA2M_CYCLIC_CYCLIC,0.4750207870306831,0.018742549815895543,0.4937633368465786,-0.7026482382663982,5,0.5,217.94937753677368,wine,0,5,42,735
EGB_XGB_GA2M_CYCLIC_CYCLIC,0.4703433277792769,0.015565898969805135,0.48590922674908194,-0.6970286161252861,5,0.5,197.23515820503235,wine,1,5,42,735
EGB_XGB_GA2M_CYCLIC_CYCLIC,0.4974029212505568,0.01603964258331648,0.5134425638338733,-0.7165408554444183,5,0.5,213.4012222290039,wine,2,5,42,735
EGB_XGB_GA2M_CYCLIC_CYCLIC,0.4764046406806452,0.019109796780310915,0.4955144374609561,-0.7038871672055655,5,0.5,217.4653980731964,wine,3,5,42,735
EGB_XGB_GA2M_CYCLIC_CYCLIC,0.4938532510723357,0.01608649527643857,0.5099397463487743,-0.7140702964962273,5,0.5,216.55443739891052,wine,4,5,42,735
EGB_XGB_GA2M_CYCLIC_BEST_FIT,0.47657243386857373,0.018918392324731415,0.4954908261933052,-0.7038749272886707,5,0.5,208.3453288078308,wine,0,5,42,735
EGB_XGB_GA2M_CYCLIC_BEST_FIT,0.47117882303528236,0.015884049650604717,0.4870628726858871,-0.6978305111419629,5,0.5,178.3405213356018,wine,1,5,42,735
EGB_XGB_GA2M_CYCLIC_BEST_FIT,0.49935350066690376,0.015532718382125102,0.5148862190490288,-0.7175409211389752,5,0.5,192.98758912086487,wine,2,5,42,735
EGB_XGB_GA2M_CYCLIC_BEST_FIT,0.4759822487264885,0.019839186586883654,0.49582143531337214,-0.7040998513206034,5,0.5,206.90100002288818,wine,3,5,42,735
EGB_XGB_GA2M_CYCLIC_BEST_FIT,0.494519794314581,0.016958554418580605,0.5114783487331616,-0.7151431001242893,5,0.5,207.26413917541504,wine,4,5,42,735
EGB_XGB_GA2M_CYCLIC_CYCLIC,0.08588865876182698,0.0008363639886727776,0.08672502275049976,0.9303217674236046,5,0.5,1306.318822145462,adult,0,5,42,4885
EGB_XGB_GA2M_CYCLIC_CYCLIC,0.08948816443678527,0.0008351757503521874,0.09032334018713746,0.9260504417458544,5,0.5,1325.0046446323395,adult,1,5,42,4885
EGB_XGB_GA2M_CYCLIC_CYCLIC,0.08634147551828326,0.0009193538997399644,0.08726082941802321,0.9328225331653286,5,0.5,1190.5657784938812,adult,2,5,42,4885
EGB_XGB_GA2M_CYCLIC_CYCLIC,0.08903333018133516,0.0007714506241550858,0.08980478080549026,0.9256853846958034,5,0.5,1269.9848215579987,adult,3,5,42,4885
EGB_XGB_GA2M_CYCLIC_CYCLIC,0.09108602502958081,0.0008551186082297996,0.09194114363781061,0.9236936079365691,5,0.5,1236.1558532714844,adult,4,5,42,4885
EGB_XGB_GA2M_CYCLIC_BEST_FIT,0.08599077645718109,0.0008080074865433093,0.0867987839437244,0.9302319417926241,5,0.5,1228.471256017685,adult,0,5,42,4885
EGB_XGB_GA2M_CYCLIC_BEST_FIT,0.08964761842105394,0.000761848484147897,0.09040946690520184,0.925784357959954,5,0.5,1227.813508272171,adult,1,5,42,4885
EGB_XGB_GA2M_CYCLIC_BEST_FIT,0.08649616150223943,0.0009184010272831718,0.0874145625295226,0.9326458164824301,5,0.5,1168.872370481491,adult,2,5,42,4885
EGB_XGB_GA2M_CYCLIC_BEST_FIT,0.08909609082632355,0.0007547851609775827,0.08985087598730114,0.9255739165442398,5,0.5,1192.8378427028656,adult,3,5,42,4885
EGB_XGB_GA2M_CYCLIC_BEST_FIT,0.09123376617141823,0.0008233049526769145,0.09205707112409514,0.9234933229155777,5,0.5,1172.6977200508118,adult,4,5,42,4885
XGB,0.004618610840568299,0.002279930980876088,0.00689854150435565,-0.0824239690220193,5,0.5,128.25677609443665,synthetic_corr,0,5,42,150
XGB,0.0031670360329637357,0.0019486352102831006,0.005115670886277859,-0.07128052444955456,5,0.5,240.58212733268738,synthetic_corr,1,5,42,150
XGB,0.0032593340739183476,0.0020680567249655724,0.005327390710055642,-0.07278529941838117,5,0.5,36.753886222839355,synthetic_corr,2,5,42,150
XGB,0.0022492085857291374,0.0017351727001369,0.003984381355427751,-0.06264879170534995,5,0.5,0.577002763748169,synthetic_corr,3,5,42,150
XGB,0.004159974334081595,0.0024799045640975237,0.006639878961333728,-0.08142016023643743,5,0.5,0.5284695625305176,synthetic_corr,4,5,42,150
XGB,10.535187898652334,1.0769120454788208,11.612100102314475,-3.4074297308301973,5,0.5,1.0395526885986328,fico,0,5,42,1480
XGB,10.54677009834366,1.0097252130508423,11.55649443008063,-3.3993475062723846,5,0.5,0.8578090667724609,fico,1,5,42,1480
XGB,10.022360822006876,1.0931748151779175,11.115536443762329,-3.3339101018081054,5,0.5,0.8843052387237549,fico,2,5,42,1480
XGB,10.28107529360173,1.180732011795044,11.461807299059588,-3.3855088009780987,5,0.5,1.2093966007232666,fico,3,5,42,1480
XGB,9.660072405567641,1.0669939517974854,10.72706586649684,-3.275062945747216,5,0.5,1.2256312370300293,fico,4,5,42,1480
XGB,0.21900192549037517,0.025570709258317947,0.24457263486431588,-0.4945227855567074,5,0.5,1.9675962924957275,california housing,0,5,42,3096
XGB,0.2279448702302068,0.024446777999401093,0.2523916500451272,-0.5023716030316314,5,0.5,1.402000904083252,california housing,1,5,42,3096
XGB,0.22937232855358988,0.02699175290763378,0.2563640772611708,-0.5062806784356197,5,0.5,1.9584763050079346,california housing,2,5,42,3096
XGB,0.19604866483860137,0.0288481954485178,0.22489685607482426,-0.4742178186804936,5,0.5,2.0816574096679688,california housing,3,5,42,3096
XGB,0.2050233541148252,0.02480197139084339,0.22982532758856372,-0.4793764861214651,5,0.5,1.546980857849121,california housing,4,5,42,3096
XGB,22.995828484253238,8.679441452026367,31.675269209927592,-5.609104090022589,5,0.5,0.9588332176208496,concrete,0,5,42,155
XGB,21.246663792654456,9.383987426757812,30.63065108324626,-5.528073017417093,5,0.5,0.8809013366699219,concrete,1,5,42,155
XGB,17.563719987546207,9.515496253967285,27.079216178621913,-5.199682897890332,5,0.5,0.5997302532196045,concrete,2,5,42,155
XGB,31.732242814790897,9.531259536743164,41.26350267775123,-6.403523118271911,5,0.5,0.7134273052215576,concrete,3,5,42,155
XGB,20.180828845217757,8.427813529968262,28.60864020037915,-5.339540761956516,5,0.5,0.7144753932952881,concrete,4,5,42,155
XGB,0.2081622272830355,0.004917537327855825,0.21307976346791052,0.7229463088826698,5,0.5,0.19076848030090332,compass,0,5,42,926
XGB,0.20400228200369216,0.0049583218060433865,0.20896060269956668,0.7354558923825874,5,0.5,0.21500444412231445,compass,1,5,42,926
XGB,0.205696073093519,0.004188846796751022,0.20988492004565215,0.7297565908609863,5,0.5,0.18549895286560059,compass,2,5,42,926
XGB,0.20944949066577492,0.004099918995052576,0.21354941036128205,0.7208649843606688,5,0.5,0.18748188018798828,compass,3,5,42,926
XGB,0.20764131153742152,0.005410546436905861,0.2130518571341332,0.7218691940452953,5,0.5,0.2043933868408203,compass,4,5,42,926
XGB,0.14093938806746728,0.007036492694169283,0.1479758805715145,0.8104994305620687,5,0.5,0.5357246398925781,support2,0,5,42,1366
XGB,0.12981944851700947,0.006537138484418392,0.13635658779405851,0.8292981398360911,5,0.5,0.5258598327636719,support2,1,5,42,1366
XGB,0.13932279728947267,0.007147691212594509,0.146470488407152,0.8046643665840424,5,0.5,0.5467336177825928,support2,2,5,42,1366
XGB,0.13822776738114534,0.006148417945951223,0.1443761862496073,0.8140924722538576,5,0.5,0.5309514999389648,support2,3,5,42,1366
XGB,0.14498083146782545,0.006842106580734253,0.15182293771999675,0.7950581719925862,5,0.5,0.567819356918335,support2,4,5,42,1366
XGB,1641.9766061556782,255.9333953857422,1897.9100382016193,-43.553534466528255,5,0.5,1.638153076171875,bike,0,5,42,2607
XGB,1447.3902040158648,282.9579772949219,1730.3481826719185,-41.59579682996443,5,0.5,1.8792312145233154,bike,1,5,42,2607
XGB,1451.137093197512,275.5264587402344,1726.6635983812157,-41.54435436878561,5,0.5,1.994452714920044,bike,2,5,42,2607
XGB,1749.0455937002034,265.98895263671875,2015.0345765067273,-44.887966656329624,5,0.5,1.9954626560211182,bike,3,5,42,2607
XGB,1513.8676923715122,262.56060791015625,1776.428323726533,-42.14466944190736,5,0.5,1.764988899230957,bike,4,5,42,2607
XGB,0.13998139075847527,0.006134131923317909,0.14611552157227034,0.8270364055299538,5,0.5,0.3800513744354248,churn,0,5,42,1055
XGB,0.14425415853442924,0.005908656399697065,0.15016281490010328,0.8131930875576037,5,0.5,0.40845608711242676,churn,1,5,42,1055
XGB,0.14078314931360925,0.005396193824708462,0.1461793423875101,0.8174165898617511,5,0.5,0.37682533264160156,churn,2,5,42,1055
XGB,0.13137175277303748,0.0047983224503695965,0.1361700758037916,0.8470741935483872,5,0.5,0.369642972946167,churn,3,5,42,1055
XGB,0.13227774714068585,0.005849902983754873,0.13812765025450263,0.8375944700460829,5,0.5,0.3749995231628418,churn,4,5,42,1055
XGB,0.4309325103474773,0.05631943792104721,0.4872519351902457,-0.6980074891660843,5,0.5,0.6115520000457764,wine,0,5,42,735
XGB,0.44464642686756184,0.04896840080618858,0.4936148134920969,-0.7024853513088678,5,0.5,0.46860551834106445,wine,1,5,42,735
XGB,0.46341729956627925,0.037766266614198685,0.5011835446830852,-0.7078961164305508,5,0.5,0.37494397163391113,wine,2,5,42,735
XGB,0.4359302950410122,0.057643305510282516,0.49357358970088355,-0.7025120119074867,5,0.5,0.5586764812469482,wine,3,5,42,735
XGB,0.4535394939077901,0.050687409937381744,0.5042268866089533,-0.7099658266070961,5,0.5,0.6363463401794434,wine,4,5,42,735
XGB,0.08414503362767131,0.0025055857840925455,0.08665061968286902,0.9298710344207783,5,0.5,1.4792892932891846,adult,0,5,42,4885
XGB,0.08827029519690585,0.0023303255438804626,0.09060062081996459,0.9253424745471118,5,0.5,1.4355413913726807,adult,1,5,42,4885
XGB,0.08456651729053129,0.00271419039927423,0.08728070733691315,0.9320225394013091,5,0.5,1.415623664855957,adult,2,5,42,4885
XGB,0.08714723217072524,0.0023988697212189436,0.08954610205395566,0.926433197975874,5,0.5,1.5219087600708008,adult,3,5,42,4885
XGB,0.09002299516409128,0.002787541365250945,0.09281053655340948,0.9218402149212339,5,0.5,1.6138379573822021,adult,4,5,42,4885
Spline,0.012448401348116752,0.000342999401921446,0.012791400750038198,-0.11307422551521581,5,0.5,0.5138070583343506,synthetic_corr,0,5,42,150
Spline,0.011180868100274789,0.0004035015099236602,0.011584369610198444,-0.10762370099205307,5,0.5,0.5428855419158936,synthetic_corr,1,5,42,150
Spline,0.010389396207230546,0.00043278300881569856,0.010822179216046243,-0.10401173356060248,5,0.5,0.5452694892883301,synthetic_corr,2,5,42,150
Spline,0.008391335145081447,0.00031406707105608795,0.008705402216137534,-0.09328843897801575,5,0.5,0.6292328834533691,synthetic_corr,3,5,42,150
Spline,0.010563665789855126,0.00046415467901352926,0.011027820468868656,-0.10498312057858827,5,0.5,0.4336116313934326,synthetic_corr,4,5,42,150
Spline,13.098416656828448,0.2628185046957111,13.36123516152416,-3.655290139519386,5,0.5,4.537908315658569,fico,0,5,42,1480
Spline,12.68584465921099,0.26043890151313004,12.946283560724122,-3.5980267710402307,5,0.5,4.49125337600708,fico,1,5,42,1480
Spline,11.684339006224722,1.5153135571280751,13.1996525633528,-3.6277179610547456,5,0.5,4.707415580749512,fico,2,5,42,1480
Spline,12.847411923564868,0.3111360650086953,13.15854798857356,-3.6274120199140683,5,0.5,4.48799467086792,fico,3,5,42,1480
Spline,11.832054816195768,0.47814208303107686,12.310196899226847,-3.5084836094129566,5,0.5,4.480778694152832,fico,4,5,42,1480
Spline,0.3668417426083482,0.0018752856277044236,0.3687170282360526,-0.6072192838375612,5,0.5,1.591545581817627,california housing,0,5,42,3096
Spline,0.3579897326973981,0.002696038351404559,0.36068577104880273,-0.6005693860860285,5,0.5,1.5894885063171387,california housing,1,5,42,3096
Spline,0.36815886848232815,0.021290565012440154,0.38944943349476835,-0.6235472704559536,5,0.5,1.6030611991882324,california housing,2,5,42,3096
Spline,0.34716427716224846,0.0025228990431618897,0.34968717620541034,-0.591342052189783,5,0.5,1.6083488464355469,california housing,3,5,42,3096
Spline,0.34851215098258537,0.004347352560540691,0.35285950354312606,-0.5940161321736452,5,0.5,1.643846035003662,california housing,4,5,42,3096
Spline,27.293079381658615,2.2900917149138476,29.58317109657246,-5.4356891950741115,5,0.5,0.5488176345825195,concrete,0,5,42,155
Spline,27.042691961308293,3.799697373254924,30.842389334563205,-5.547324100952164,5,0.5,0.5594658851623535,concrete,1,5,42,155
Spline,26.217099608505887,3.2626649500843903,29.479764558590272,-5.422079735213738,5,0.5,0.577185869216919,concrete,2,5,42,155
Spline,29.10821668005196,3.6076330354270927,32.71584971547905,-5.719338410636435,5,0.5,0.559424638748169,concrete,3,5,42,155
Spline,23.582927864218924,3.8383822047888603,27.42131006900779,-5.233698733058001,5,0.5,0.5763821601867676,concrete,4,5,42,155
Spline,0.20597248107946906,0.0003889075267460672,0.20636138860621514,0.7372197267232661,5,0.5,0.5187239646911621,compass,0,5,42,926
Spline,0.20210478624570435,0.0004132533691265077,0.20251803961483086,0.750306436819454,5,0.5,0.5945110321044922,compass,1,5,42,926
Spline,0.20295636986154894,0.00034239516536230106,0.20329876502691127,0.7452943251569812,5,0.5,0.5389251708984375,compass,2,5,42,926
Spline,0.20684851874308371,0.00037936732970236526,0.20722788607278614,0.7352964417581901,5,0.5,0.48247838020324707,compass,3,5,42,926
Spline,0.20065912318069148,0.00041197125807601994,0.20107109443876747,0.7514000141106747,5,0.5,0.47205328941345215,compass,4,5,42,926
Spline,0.14546774143142296,0.0027693134742038665,0.14823705490562683,0.8084098166633169,5,0.5,12.027615547180176,support2,0,5,42,1366
Spline,0.1322696001236389,0.0026619447031744937,0.13493154482681335,0.8292998146535361,5,0.5,13.681713342666626,support2,1,5,42,1366
Spline,0.1446232991804412,0.002763946931767939,0.14738724611220916,0.7953133025166923,5,0.5,13.15000057220459,support2,2,5,42,1366
Spline,0.14120985786913734,0.0027365930772562798,0.1439464509463936,0.8124550590652285,5,0.5,191.7262454032898,support2,3,5,42,1366
Spline,0.14575464547743258,0.0029436126362306666,0.14869825811366322,0.795557267591166,5,0.5,13.014284610748291,support2,4,5,42,1366
Spline,9646.737042970877,53.49642908343276,9700.23347205431,-98.48973126992799,5,0.5,1.651376724243164,bike,0,5,42,2607
Spline,9530.505323794298,59.613703015409236,9590.119026809709,-97.9290433012954,5,0.5,1.6477105617523193,bike,1,5,42,2607
Spline,9354.246966572126,65.23062698723045,9419.477593559359,-97.05373656157732,5,0.5,1.6398658752441406,bike,2,5,42,2607
Spline,9917.579594524645,59.70138183931008,9977.280976363954,-99.88613644257171,5,0.5,1.6286630630493164,bike,3,5,42,2607
Spline,9290.840538132077,64.81868085641754,9355.659218988494,-96.72439883231482,5,0.5,1.6648225784301758,bike,4,5,42,2607
Spline,0.138412942475001,0.0010154973938962498,0.13942843986889725,0.8407152073732718,5,0.5,1.2237224578857422,churn,0,5,42,1055
Spline,0.14006974620290713,0.0009074581689357341,0.14097720437184286,0.830820737327189,5,0.5,1.2736284732818604,churn,1,5,42,1055
Spline,0.138087321584354,0.0009515704215306704,0.13903889200588468,0.8313327188940092,5,0.5,1.2455058097839355,churn,2,5,42,1055
Spline,0.13038079729330376,0.0007272426784378804,0.13110803997174164,0.8554645161290322,5,0.5,1.2806096076965332,churn,3,5,42,1055
Spline,0.12911749943567172,0.0008686936232363864,0.12998619305890813,0.8534147465437789,5,0.5,1.3053128719329834,churn,4,5,42,1055
Spline,0.6624324024630045,0.21042000924808824,0.8728524117110927,-0.8952192189421322,5,0.5,1.1236367225646973,wine,0,5,42,735
Spline,0.49611738887372003,0.0179709251727428,0.5140883140464629,-0.7169426030661257,5,0.5,1.1510961055755615,wine,1,5,42,735
Spline,0.5397353945503786,0.011453135386342753,0.5511885299367213,-0.7423946479422006,5,0.5,1.1511242389678955,wine,2,5,42,735
Spline,0.5654040158007624,0.0812197229789686,0.6466237387797309,-0.8004074460993016,5,0.5,1.1644213199615479,wine,3,5,42,735
Spline,0.5260998061370561,0.009839684642951594,0.5359394907800078,-0.7320724370921722,5,0.5,1.1324987411499023,wine,4,5,42,735
Spline,0.0914934371373604,0.0008127336928984863,0.0923061708302589,0.921732713036684,5,0.5,24.304779529571533,adult,0,5,42,4885
Spline,0.09588300497430766,0.0008308478434242642,0.09671385281773193,0.916207680160228,5,0.5,23.751214027404785,adult,1,5,42,4885
Spline,0.09252308312060954,0.000915488095634492,0.09343857121624403,0.9231123320182751,5,0.5,24.527466773986816,adult,2,5,42,4885
Spline,0.09447940069944674,0.0007570611670723028,0.09523646186651905,0.9157931708677001,5,0.5,26.121840476989746,adult,3,5,42,4885
Spline,0.09609427938933582,0.000891909693656757,0.09698618908299259,0.9152270722254929,5,0.5,23.061047315597534,adult,4,5,42,4885
XGB,0.0175268846289926,0.0020296608563512,0.0195565448872971,-0.1398088806158596,5,0.5,0.6138424873352051,Crimes,0,5,42,300
XGB,0.0214338280833341,0.0021205132361501,0.0235543413881477,-0.1533318454470982,5,0.5,0.7772998809814453,Crimes,1,5,42,300
XGB,0.0196879127268783,0.002889952622354,0.0225778653811424,-0.1502200989871049,5,0.5,0.841141939163208,Crimes,2,5,42,300
XGB,0.0178913504143533,0.002998077776283,0.0208894275895655,-0.1445205828825735,5,0.5,0.6374342441558838,Crimes,3,5,42,300
XGB,0.0174827833447299,0.0026850614231079,0.0201678450700403,-0.1418500879132223,5,0.5,0.727412223815918,Crimes,4,5,42,300
Spline,0.0188464071580101,0.0005362478462602,0.0193826550042703,-0.1392041740856107,5,0.5,134.32285070419312,Crimes,0,5,42,300
Spline,0.0232146131367025,0.000575381737589,0.0237899948742915,-0.1542368257432799,5,0.5,143.5888786315918,Crimes,1,5,42,300
Spline,0.0222409630555143,0.000607751265315,0.0228487143208293,-0.1511478867781322,5,0.5,147.31741309165955,Crimes,2,5,42,300
Spline,0.023290559668573,0.0005271070461317,0.0238176667147048,-0.1543190278742887,5,0.5,142.1503884792328,Crimes,3,5,42,300
Spline,0.0207798396697691,0.0006329509843403,0.0214127906541094,-0.1463196454668557,5,0.5,133.09707140922546,Crimes,4,5,42,300
EBM_GA2M,21.86149950282924,3.833620613589472,25.695120116418707,-5.055231639212108,5,0.5,128.14591097831726,concrete,0,5,42,155
EBM_GA2M,18.31825403896335,4.297806785491212,22.61606082445456,-4.7518506110566765,5,0.5,159.3786220550537,concrete,1,5,42,155
EBM_GA2M,16.116704096637513,3.967084280052796,20.08378837669031,-4.474400072514053,5,0.5,111.43260622024536,concrete,2,5,42,155
EBM_GA2M,23.1382921770384,5.285898036540727,28.42419021357913,-5.330034672398412,5,0.5,128.967298746109,concrete,3,5,42,155
EBM_GA2M,17.1121177975391,4.569490797276161,21.68160859481526,-4.648387375457167,5,0.5,119.99423909187315,concrete,4,5,42,155
EBM_GA2M,0.2061065936782241,0.0007199239077521,0.2068265175859763,0.7356717857058864,5,0.5,6.000023126602173,compass,0,5,42,926
EBM_GA2M,0.2018811091678753,0.0006668819461701,0.2025479911140455,0.7502020178264857,5,0.5,5.820986032485962,compass,1,5,42,926
EBM_GA2M,0.2031383031101759,0.0005289395370308,0.2036672426472067,0.7444693210413678,5,0.5,5.148171663284302,compass,2,5,42,926
EBM_GA2M,0.2066990550516828,0.0007041920633802,0.2074032471150631,0.7356699042825897,5,0.5,5.805907964706421,compass,3,5,42,926
EBM_GA2M,0.2016498091343821,0.0008617603322999,0.202511569466682,0.7484866301356977,5,0.5,5.77946662902832,compass,4,5,42,926
EBM_GA2M,0.1421746122155938,0.0019586658905952,0.144133278106189,0.8218641834706684,5,0.5,24.49268579483032,support2,0,5,42,1366
EBM_GA2M,0.1311174692312605,0.001882868645719,0.1330003378769795,0.8383443871284697,5,0.5,20.85466456413269,support2,1,5,42,1366
EBM_GA2M,0.1401629249245733,0.0017529427614976,0.1419158676860709,0.8093929345034724,5,0.5,23.607797145843502,support2,2,5,42,1366
EBM_GA2M,0.140231105955353,0.0017357463128442,0.1419668522681972,0.8175208235635649,5,0.5,21.95449709892273,support2,3,5,42,1366
EBM_GA2M,0.1438319711916783,0.0021215127169825,0.1459534839086609,0.8040100712355688,5,0.5,22.021907091140747,support2,4,5,42,1366
EBM_GA2M,2716.284136844801,143.25713510469762,2859.5412719494984,-53.47350271941777,5,0.5,529.4188697338104,bike,0,5,42,2607
EBM_GA2M,2526.249221005844,148.98822093752153,2675.2374419433654,-51.72179422815971,5,0.5,551.6946368217468,bike,1,5,42,2607
EBM_GA2M,2503.1012803300537,139.65171591807655,2642.7529962481303,-51.40691662572552,5,0.5,513.1659667491913,bike,2,5,42,2607
EBM_GA2M,2726.8500677798297,159.96913204685444,2886.8191998266843,-53.72848161447863,5,0.5,541.0157890319824,bike,3,5,42,2607
EBM_GA2M,2524.415173038402,137.609724090203,2662.024897128605,-51.594682200417125,5,0.5,528.0228281021118,bike,4,5,42,2607
EBM_GA2M,0.1394973658266843,0.0008778095830691,0.1403751754097534,0.8373944700460829,5,0.5,10.237727165222168,churn,0,5,42,1055
EBM_GA2M,0.1409764154443915,0.0007808644261389,0.1417572798705305,0.828715668202765,5,0.5,9.512272596359251,churn,1,5,42,1055
EBM_GA2M,0.1387827372839864,0.0008421117261502,0.1396248490101367,0.8303142857142858,5,0.5,9.809371709823608,churn,2,5,42,1055
EBM_GA2M,0.1307713902933049,0.0007304529253384,0.1315018432186434,0.8559797235023041,5,0.5,10.86384105682373,churn,3,5,42,1055
EBM_GA2M,0.1298681780325294,0.0006793148256765,0.130547492858206,0.8536331797235022,5,0.5,8.995558738708496,churn,4,5,42,1055
EBM_GA2M,0.4767406837296046,0.0156560532593851,0.4923967369889896,-0.7016919103216142,5,0.5,38.041297912597656,wine,0,5,42,735
EBM_GA2M,0.4680543410040713,0.0139340337877675,0.4819883747918389,-0.6941760504242822,5,0.5,34.10169792175293,wine,1,5,42,735
EBM_GA2M,0.5008153544759757,0.0131446162660935,0.5139599707420692,-0.7169029491036655,5,0.5,37.84465289115906,wine,2,5,42,735
EBM_GA2M,0.4806430215523937,0.0160004531223422,0.4966434746747359,-0.7047233075497891,5,0.5,32.97505474090576,wine,3,5,42,735
EBM_GA2M,0.4946264219303641,0.01452706502798,0.5091534869583442,-0.7135181303166315,5,0.5,37.23455953598023,wine,4,5,42,735
EBM_GA2M,0.0858432857747469,0.0009785437330759,0.0868218295078228,0.9301177683259876,5,0.5,91.16798806190492,adult,0,5,42,4885
EBM_GA2M,0.0896713979964833,0.0009230716983654,0.0905944696948488,0.9256973752024402,5,0.5,93.38088870048524,adult,1,5,42,4885
EBM_GA2M,0.0863752110342534,0.0010323321039009,0.0874075431381543,0.9326322899070656,5,0.5,83.97836589813232,adult,2,5,42,4885
EBM_GA2M,0.089029501882455,0.0007615456479886,0.0897910475304436,0.9254556392521958,5,0.5,84.27772188186646,adult,3,5,42,4885
EBM_GA2M,0.0911497011962806,0.0008912776273122,0.0920409788235929,0.9236085051437668,5,0.5,92.57121539115906,adult,4,5,42,4885
EGB_XGB_GA2M_CYCLIC_BEST_FIT,0.0348636574462765,0.0014631383743562,0.0363267958206328,0.9930555555555556,5,0.5,213.8282783031464,breast,0,5,42,86
EGB_XGB_GA2M_CYCLIC_BEST_FIT,0.0533142333965396,0.0014135358551071,0.0547277692516467,0.981597222222222,5,0.5,273.1129014492035,breast,1,5,42,86
EGB_XGB_GA2M_CYCLIC_BEST_FIT,0.0233783446623008,0.0013853276956585,0.0247636723579594,0.9952546296296296,5,0.5,284.6654324531555,breast,2,5,42,86
EGB_XGB_GA2M_CYCLIC_BEST_FIT,0.053373179056862,0.0014506920897127,0.0548238711465747,0.9810185185185184,5,0.5,245.0322666168213,breast,3,5,42,86
EGB_XGB_GA2M_CYCLIC_BEST_FIT,0.0218209797943852,0.0013574562332248,0.02317843602761,0.9986111111111112,5,0.5,205.3430135250092,breast,4,5,42,86
EGB_XGB_GA2M_CYCLIC_CYCLIC,0.0350040093359099,0.0014670997896194,0.0364711091255293,0.9930555555555556,5,0.5,196.92748260498047,breast,0,5,42,86
EGB_XGB_GA2M_CYCLIC_CYCLIC,0.0532425516209637,0.0014314817035636,0.0546740333245273,0.981597222222222,5,0.5,278.4021954536438,breast,1,5,42,86
EGB_XGB_GA2M_CYCLIC_CYCLIC,0.0234223453639223,0.00136680840103,0.0247891537649523,0.9954861111111112,5,0.5,265.93279361724854,breast,2,5,42,86
EGB_XGB_GA2M_CYCLIC_CYCLIC,0.053417907758007,0.0014757008671444,0.0548936086251515,0.980902777777778,5,0.5,223.8797266483307,breast,3,5,42,86
EGB_XGB_GA2M_CYCLIC_CYCLIC,0.0218522815481137,0.0013664764563581,0.0232187580044718,0.998726851851852,5,0.5,191.0449743270874,breast,4,5,42,86
EGB_XGB_GA2M_CYCLIC_BEST_FIT,0.0179697625610136,0.0005092303072186,0.0184789928682322,-0.1359243492830263,5,0.5,433.83889508247375,Crimes,0,5,42,300
EGB_XGB_GA2M_CYCLIC_BEST_FIT,0.0201465450489912,0.0005161299114458,0.020662674960437,-0.1437363401077506,5,0.5,480.35244131088257,Crimes,1,5,42,300
EGB_XGB_GA2M_CYCLIC_BEST_FIT,0.0190452431398895,0.0005098304672198,0.0195550736071094,-0.1398341450598518,5,0.5,435.0557987689972,Crimes,2,5,42,300
EGB_XGB_GA2M_CYCLIC_BEST_FIT,0.0191083622130379,0.0005164856268262,0.0196248478398641,-0.1400560899885378,5,0.5,404.1175880432129,Crimes,3,5,42,300
EGB_XGB_GA2M_CYCLIC_BEST_FIT,0.0169577214996706,0.0006047233426043,0.0175624448422749,-0.1325103605190051,5,0.5,438.654055595398,Crimes,4,5,42,300
EGB_XGB_GA2M_CYCLIC_BEST_FIT,0.0028444264556867,0.000752058744836,0.0035964852005228,-0.0594544969156211,5,0.5,176.66622281074524,synthetic_corr,0,5,42,150
EGB_XGB_GA2M_CYCLIC_BEST_FIT,0.0026857861906604,0.0008182264759752,0.0035040126666356,-0.0588917776862426,5,0.5,230.67935037612915,synthetic_corr,1,5,42,150
EGB_XGB_GA2M_CYCLIC_BEST_FIT,0.0018480389147232,0.0006488094063858,0.0024968483211091,-0.0496881605520161,5,0.5,196.5562279224396,synthetic_corr,2,5,42,150
EGB_XGB_GA2M_CYCLIC_BEST_FIT,0.0014165629682552,0.0005775879182558,0.001994150886511,-0.0445396398428065,5,0.5,208.4434823989868,synthetic_corr,3,5,42,150
EGB_XGB_GA2M_CYCLIC_BEST_FIT,0.0029551879652415,0.0008685490208597,0.0038237369861012,-0.0611020815082451,5,0.5,190.4467141628265,synthetic_corr,4,5,42,150
EGB_XGB_GA2M_CYCLIC_BEST_FIT,11.083051712733116,0.4453325471132338,11.52838425984635,-3.395294339521547,5,0.5,923.7941319942474,fico,0,5,42,1480
EGB_XGB_GA2M_CYCLIC_BEST_FIT,10.99861464163236,0.403951517782228,11.402566159414588,-3.3767193297621687,5,0.5,835.0637083053589,fico,1,5,42,1480
EGB_XGB_GA2M_CYCLIC_BEST_FIT,10.026851684152064,0.4195448921672042,10.44639657631927,-3.2318362637844134,5,0.5,850.4401786327362,fico,2,5,42,1480
EGB_XGB_GA2M_CYCLIC_BEST_FIT,10.833295401103388,0.4442856970966889,11.277581098200075,-3.358200768987224,5,0.5,828.2344024181366,fico,3,5,42,1480
EGB_XGB_GA2M_CYCLIC_BEST_FIT,10.304068624946032,0.4361035643538895,10.74017218929992,-3.2770987257481523,5,0.5,791.0548009872437,fico,4,5,42,1480
EBM_GAM,0.0383063197137979,0.0023184823729767,0.0406248020867747,0.9927083333333334,5,0.5,8.929519414901733,breast,0,5,42,86
EBM_GAM,0.0592170744613264,0.0072663705477267,0.0664834450090531,0.982638888888889,5,0.5,10.822347402572632,breast,1,5,42,86
EBM_GAM,0.0258690812802063,0.003816927590245,0.0296860088704513,0.992824074074074,5,0.5,8.849480628967285,breast,2,5,42,86
EBM_GAM,0.0580245963617677,0.0052783144029159,0.0633029107646836,0.9810185185185184,5,0.5,10.007375240325928,breast,3,5,42,86
EBM_GAM,0.0259260769594261,0.0036876172980019,0.029613694257428,0.998263888888889,5,0.5,6.632384538650513,breast,4,5,42,86
EBM_GAM,0.0179680486939839,0.0003947138620746,0.0183627625560586,-0.1354993095186281,5,0.5,5.767013311386108,Crimes,0,5,42,300
EBM_GAM,0.0206093378530014,0.0004300473106697,0.0210393851636711,-0.145036194159794,5,0.5,5.739677429199219,Crimes,1,5,42,300
EBM_GAM,0.0193131548558721,0.000489383040152,0.0198025378960242,-0.1407164520963011,5,0.5,5.859829664230347,Crimes,2,5,42,300
EBM_GAM,0.0196356808756324,0.0004412259977518,0.0200769068733843,-0.1416693956737593,5,0.5,5.883914232254028,Crimes,3,5,42,300
EBM_GAM,0.0172285431310555,0.0005300830480124,0.017758626179068,-0.1332452915068692,5,0.5,5.788426399230957,Crimes,4,5,42,300
EBM_GAM,0.0099180788207445,0.0007871929503209,0.0107052717710655,-0.1033721544056373,5,0.5,2.22631573677063,synthetic_corr,0,5,42,150
EBM_GAM,0.0090819436029702,0.0009312826203038,0.0100132262232741,-0.0999227988714433,5,0.5,2.248750686645508,synthetic_corr,1,5,42,150
EBM_GAM,0.0090663884029663,0.0007914225336672,0.0098578109366336,-0.0992765858376432,5,0.5,2.425907850265503,synthetic_corr,2,5,42,150
EBM_GAM,0.0073452837516678,0.0006190302945817,0.0079643140462496,-0.0891942531038147,5,0.5,2.5470433235168457,synthetic_corr,3,5,42,150
EBM_GAM,0.0102332696628956,0.0011353674041419,0.0113686370670376,-0.1064033356625267,5,0.5,2.486302375793457,synthetic_corr,4,5,42,150
EBM_GAM,13.363119204647983,0.323804912106079,13.686924116754062,-3.6995471789063537,5,0.5,19.818019151687626,fico,0,5,42,1480
EBM_GAM,12.698375948303358,0.2765026543677608,12.974878602671115,-3.601988029722176,5,0.5,18.379714012146,fico,1,5,42,1480
EBM_GAM,11.822153953816736,0.3032926974427835,12.12544665125952,-3.48205600763352,5,0.5,17.799498796463013,fico,2,5,42,1480
EBM_GAM,12.833349765082303,0.3177224904391689,13.151072255521472,-3.62638997550974,5,0.5,18.15296983718872,fico,3,5,42,1480
EBM_GAM,11.86000042242317,0.3501407528414715,12.210141175264642,-3.4942749469712573,5,0.5,17.691208839416504,fico,4,5,42,1480
EBM_GAM,0.3285177442194887,0.0065176884348563,0.3350354326543451,-0.5788214389138074,5,0.5,58.51006174087525,california housing,0,5,42,3096
EBM_GAM,0.3310849565387783,0.0079279604261621,0.3390129169649404,-0.5822418357007264,5,0.5,59.555004596710205,california housing,1,5,42,3096
EBM_GAM,0.342171224797969,0.0076592727851807,0.3498304975831497,-0.591463660222762,5,0.5,60.26968455314636,california housing,2,5,42,3096
EBM_GAM,0.3184667252700417,0.0083521124378678,0.3268188377079096,-0.5716622214335304,5,0.5,60.58776378631592,california housing,3,5,42,3096
EBM_GAM,0.3186012102189278,0.0071297902521783,0.3257310004711061,-0.570726514994124,5,0.5,54.89769983291626,california housing,4,5,42,3096
EBM_GAM,30.49447094198574,3.1852392620981016,33.67971020408383,-5.79612094473462,5,0.5,6.386087417602539,concrete,0,5,42,155
EBM_GAM,25.29960839793871,3.237935683062151,28.537544081000863,-5.338891862822977,5,0.5,5.824018955230713,concrete,1,5,42,155
EBM_GAM,23.55993541716241,3.4909280104354146,27.05086342759784,-5.1966316028234605,5,0.5,6.35948371887207,concrete,2,5,42,155
EBM_GAM,29.93504160962759,4.4852220698224405,34.42026367945003,-5.864690218893716,5,0.5,5.563973665237427,concrete,3,5,42,155
EBM_GAM,24.438951613068635,4.119059127949885,28.558010741018524,-5.34177508961987,5,0.5,5.592515468597412,concrete,4,5,42,155
EBM_GAM,0.2071972845547873,0.0005631678314865,0.2077604523862738,0.733524141012676,5,0.5,4.5357441902160645,compass,0,5,42,926
EBM_GAM,0.2030297719044052,0.0004567069936227,0.2034864788980279,0.7479499541403072,5,0.5,3.913658380508423,compass,1,5,42,926
EBM_GAM,0.2036762142690392,0.0004345192344758,0.2041107335035151,0.7439641588861974,5,0.5,3.450141668319702,compass,2,5,42,926
EBM_GAM,0.2074834488591308,0.000450081163934,0.2079335300230648,0.7335232003010277,5,0.5,3.8372631072998047,compass,3,5,42,926
EBM_GAM,0.2026460288861157,0.000461175289007,0.2031072041751228,0.7478601161778886,5,0.5,3.39517593383789,compass,4,5,42,926
EBM_GAM,0.1464604015964133,0.0010076211979645,0.1474680227943778,0.8131668564793104,5,0.5,7.927588224411011,support2,0,5,42,1366
EBM_GAM,0.134922977942883,0.0010518093994138,0.1359747873422968,0.8333020700743619,5,0.5,7.625672340393066,support2,1,5,42,1366
EBM_GAM,0.1443855779498447,0.0010308529227358,0.1454164308725805,0.8003595274781716,5,0.5,8.337074518203735,support2,2,5,42,1366
EBM_GAM,0.1428325897920305,0.000866002536611,0.1436985923286416,0.8143208056988455,5,0.5,7.813730955123901,support2,3,5,42,1366
EBM_GAM,0.1467345213711421,0.0011336166690122,0.1478681380401544,0.7981956633393626,5,0.5,8.237555980682373,support2,4,5,42,1366
EBM_GAM,9653.536597929658,68.02789231224267,9721.5644902419,-98.59795524298924,5,0.5,31.191251516342163,bike,0,5,42,2607
EBM_GAM,9519.641922143312,79.11589177568885,9598.757813919,-97.97298147427011,5,0.5,33.04907584190369,bike,1,5,42,2607
EBM_GAM,9403.122764148562,80.12535582920522,9483.248119977765,-97.38191316939208,5,0.5,32.95082688331604,bike,2,5,42,2607
EBM_GAM,9901.501852509797,81.84402003260902,9983.345872542404,-99.91655205272772,5,0.5,33.813130140304565,bike,3,5,42,2607
EBM_GAM,9267.377552198555,80.57913965127645,9347.956691849831,-96.68471929127944,5,0.5,32.972047567367554,bike,4,5,42,2607
EBM_GAM,0.1400144252647192,0.000568091882691,0.1405825171474103,0.8362198156682028,5,0.5,5.425686597824097,churn,0,5,42,1055
EBM_GAM,0.1413361747482202,0.0005766330966617,0.1419128078448819,0.8276350230414746,5,0.5,4.988428831100464,churn,1,5,42,1055
EBM_GAM,0.139380292295121,0.0005479683951444,0.1399282606902655,0.8299433179723502,5,0.5,4.77589750289917,churn,2,5,42,1055
EBM_GAM,0.1309616648793576,0.0004748849575754,0.1314365498369331,0.8558930875576036,5,0.5,5.292246341705322,churn,3,5,42,1055
EBM_GAM,0.1307917207441874,0.0004985585086301,0.1312902792528175,0.8530027649769585,5,0.5,4.799437046051025,churn,4,5,42,1055
EBM_GAM,0.5156890956456053,0.0090017170247314,0.5246908126703368,-0.724339427927837,5,0.5,3.1565160751342773,wine,0,5,42,735
EBM_GAM,0.4877339109224568,0.0089570198084945,0.4966909307309514,-0.7047326315788865,5,0.5,3.1625075340271,wine,1,5,42,735
EBM_GAM,0.5356251433003666,0.0086749092404047,0.5443000525407713,-0.7377660997555872,5,0.5,3.325746774673462,wine,2,5,42,735
EBM_GAM,0.5107481112602319,0.0113076254433665,0.5220557367035984,-0.722528171920868,5,0.5,3.640827894210816,wine,3,5,42,735
EBM_GAM,0.5293054534540793,0.0086014917556707,0.5379069452097499,-0.7334142392289774,5,0.5,3.483587741851806,wine,4,5,42,735
EBM_GAM,0.0863974319415577,0.0006920184047907,0.0870894503463485,0.9297564024261632,5,0.5,73.79692935943604,adult,0,5,42,4885
EBM_GAM,0.0899710019500011,0.0006686134024809,0.090639615352482,0.9253360551554136,5,0.5,76.16159510612488,adult,1,5,42,4885
EBM_GAM,0.0869530170087086,0.0007594217420973,0.0877124387508059,0.9323170060690764,5,0.5,62.636340618133545,adult,2,5,42,4885
EBM_GAM,0.0895049393860958,0.0006047136180898,0.0901096530041856,0.9247900858914612,5,0.5,64.19002223014832,adult,3,5,42,4885
EBM_GAM,0.0915039001027401,0.0007073932308955,0.0922112933336357,0.9231217318418335,5,0.5,73.80504083633423,adult,4,5,42,4885
EBM_GA2M,0.0338919552934033,0.0037184179620279,0.0376103732554312,0.993402777777778,5,0.5,44.51084995269776,breast,0,5,42,86
EBM_GA2M,0.0539715734095501,0.0111447513165217,0.0651163247260719,0.9847222222222222,5,0.5,43.69197821617127,breast,1,5,42,86
EBM_GA2M,0.0273667513156102,0.0056993758463076,0.0330661271619178,0.990625,5,0.5,44.69439673423767,breast,2,5,42,86
EBM_GA2M,0.0525690052066613,0.0090000335618714,0.0615690387685327,0.9824074074074074,5,0.5,44.38131785392761,breast,3,5,42,86
EBM_GA2M,0.0238197109942721,0.0050150519719749,0.028834762966247,0.9986111111111112,5,0.5,22.798022031784058,breast,4,5,42,86
EBM_GA2M,0.017682367354827,0.0007574675285264,0.0184398348833534,-0.1357797401976009,5,0.5,34.59472751617432,Crimes,0,5,42,300
EBM_GA2M,0.0198119667847417,0.0007224082714287,0.0205343750561705,-0.1432638728760953,5,0.5,33.64941596984863,Crimes,1,5,42,300
EBM_GA2M,0.0184725940843794,0.0009721431957048,0.0194447372800842,-0.1394212189023478,5,0.5,43.05868363380432,Crimes,2,5,42,300
EBM_GA2M,0.0184836585966901,0.0009080290653107,0.0193916876620009,-0.1392434132460048,5,0.5,37.35227918624878,Crimes,3,5,42,300
EBM_GA2M,0.0169853593833336,0.0008708072945443,0.017856166677878,-0.1336082307143694,5,0.5,33.71157932281494,Crimes,4,5,42,300
EBM_GA2M,0.0033706068625052,0.0008327115498508,0.004203318412356,-0.0643634882799022,5,0.5,49.40051937103272,synthetic_corr,0,5,42,150
EBM_GA2M,0.0030781893358042,0.0008174291351515,0.0038956184709558,-0.0619744500679176,5,0.5,46.59040832519531,synthetic_corr,1,5,42,150
EBM_GA2M,0.0024326652314867,0.000761145851752,0.0031938110832387,-0.056304319904757,5,0.5,51.017258167266846,synthetic_corr,2,5,42,150
EBM_GA2M,0.0017290191679523,0.0005801205154303,0.0023091396833826,-0.0479990980568185,5,0.5,50.9607048034668,synthetic_corr,3,5,42,150
EBM_GA2M,0.003319475267127,0.0010620270917383,0.0043815023588653,-0.0655814539967849,5,0.5,47.76376676559448,synthetic_corr,4,5,42,150
EBM_GA2M,11.224315341543637,0.3918385602261169,11.616153901769756,-3.408202147994736,5,0.5,36.33719348907471,fico,0,5,42,1480
EBM_GA2M,10.9314310249271,0.3788927968880565,11.310323821815157,-3.363015636064252,5,0.5,36.20839428901672,fico,1,5,42,1480
EBM_GA2M,10.041249220525952,0.3596163854118662,10.40086560593782,-3.224949066084902,5,0.5,35.11010670661926,fico,2,5,42,1480
EBM_GA2M,10.630722663568934,0.381990477767269,11.012713141336205,-3.318483841451459,5,0.5,34.98899245262146,fico,3,5,42,1480
EBM_GA2M,10.116895458631216,0.4313178521065774,10.548213310737792,-3.2476711774455125,5,0.5,37.06354713439941,fico,4,5,42,1480
EBM_GA2M,0.2585805453847882,0.0148019414555338,0.273382486840322,-0.5228250859914153,5,0.5,396.7848534584045,california housing,0,5,42,3096
EBM_GA2M,0.262533181501904,0.0154978496713362,0.2780310311732402,-0.5272687995503184,5,0.5,429.4551515579224,california housing,1,5,42,3096
EBM_GA2M,0.2725934444120697,0.0161857330487996,0.2887791774608693,-0.537367989459286,5,0.5,429.41890931129456,california housing,2,5,42,3096
EBM_GA2M,0.2456761383556988,0.0174603727940017,0.2631365111497005,-0.5129339550939989,5,0.5,407.0166997909546,california housing,3,5,42,3096
EBM_GA2M,0.2538341830969501,0.015275853389516,0.2691100364864661,-0.5187330708315614,5,0.5,436.1928250789642,california housing,4,5,42,3096
EGB_XGB_GA2M_CYCLIC_RANDOM_CYCLIC_RANDOM,0.0349086388074953,0.0014892894764838,0.0363979282839791,0.9930555555555556,5,0.5,205.82497024536133,breast,0,5,42,86
EGB_XGB_GA2M_CYCLIC_RANDOM_CYCLIC_RANDOM,0.053369658635213,0.0014277585579051,0.0547974171931181,0.981597222222222,5,0.5,275.77099990844727,breast,1,5,42,86
EGB_XGB_GA2M_CYCLIC_RANDOM_CYCLIC_RANDOM,0.0233972956369298,0.0013691655674443,0.0247664612043742,0.9951388888888888,5,0.5,284.8183763027191,breast,2,5,42,86
EGB_XGB_GA2M_CYCLIC_RANDOM_CYCLIC_RANDOM,0.0532347877683505,0.0015087939813688,0.0547435817497193,0.9811342592592592,5,0.5,239.1752958297729,breast,3,5,42,86
EGB_XGB_GA2M_CYCLIC_RANDOM_CYCLIC_RANDOM,0.02186793625301,0.0013600399298529,0.023227976182863,0.998726851851852,5,0.5,205.08216643333435,breast,4,5,42,86
EGB_XGB_GA2M_BEST_FIT_BEST_FIT,18.5816618265864,3.585969242225976,22.16763106881238,-4.6998180224523285,5,0.5,402.3170964717865,concrete,0,5,42,155
EGB_XGB_GA2M_BEST_FIT_BEST_FIT,17.544211048851956,4.650147201424398,22.19435825027634,-4.705519296176282,5,0.5,381.999263048172,concrete,1,5,42,155
EGB_XGB_GA2M_BEST_FIT_BEST_FIT,16.540492716056114,3.0813302996039424,19.62182301566005,-4.426608340945792,5,0.5,348.1634011268616,concrete,2,5,42,155
EGB_XGB_GA2M_BEST_FIT_BEST_FIT,21.996929721328723,5.006733026090183,27.00366274741891,-5.195316572154384,5,0.5,368.0386028289795,concrete,3,5,42,155
EGB_XGB_GA2M_BEST_FIT_BEST_FIT,16.72028641143639,3.435648258480274,20.155934669916668,-4.487721915948709,5,0.5,372.5852093696594,concrete,4,5,42,155
EGB_XGB_GA2M_CYCLIC_RANDOM_BEST_FIT,22.30387621609915,3.97735917143048,26.28123538752963,-5.114475154916619,5,0.5,458.1939527988434,concrete,0,5,42,155
EGB_XGB_GA2M_CYCLIC_RANDOM_BEST_FIT,18.469740932783097,4.953411686146753,23.42315261892985,-4.827405823598105,5,0.5,425.3518350124359,concrete,1,5,42,155
EGB_XGB_GA2M_CYCLIC_RANDOM_BEST_FIT,16.33002174386955,3.973650054110743,20.303671797980297,-4.500830127096091,5,0.5,463.01711082458496,concrete,2,5,42,155
EGB_XGB_GA2M_CYCLIC_RANDOM_BEST_FIT,22.49271532206054,5.827183855603606,28.319899177664148,-5.320998792908104,5,0.5,504.9597218036652,concrete,3,5,42,155
EGB_XGB_GA2M_CYCLIC_RANDOM_BEST_FIT,17.04889953256901,4.099467022507717,21.148366555076727,-4.5944833953066855,5,0.5,504.19102668762207,concrete,4,5,42,155
EGB_XGB_GA2M_BEST_FIT_BEST_FIT,0.2057681848264442,0.0004727430332258,0.20624092785967,0.7368476752663389,5,0.5,61.64165687561035,compass,0,5,42,926
EGB_XGB_GA2M_BEST_FIT_BEST_FIT,0.2023665637287586,0.0006387881889319,0.2030053519176905,0.7492547211965852,5,0.5,79.01383209228516,compass,1,5,42,926
EGB_XGB_GA2M_BEST_FIT_BEST_FIT,0.2024079311705553,0.0006514161310996,0.2030593473016549,0.7470341713506267,5,0.5,74.13881540298462,compass,2,5,42,926
EGB_XGB_GA2M_BEST_FIT_BEST_FIT,0.2063645279140085,0.0005577220401984,0.206922249954207,0.7370155922955716,5,0.5,66.01804423332214,compass,3,5,42,926
EGB_XGB_GA2M_BEST_FIT_BEST_FIT,0.2008959796898961,0.00064842858153,0.2015444082714261,0.7506446226570401,5,0.5,80.00304245948792,compass,4,5,42,926
EGB_XGB_GA2M_CYCLIC_RANDOM_BEST_FIT,0.2063824647587449,0.0004893409800756,0.2068718057388205,0.7357729122080855,5,0.5,105.59831047058104,compass,0,5,42,926
EGB_XGB_GA2M_CYCLIC_RANDOM_BEST_FIT,0.2026617153702604,0.0006548251656038,0.2033165405358643,0.7484283060134992,5,0.5,116.34369325637816,compass,1,5,42,926
EGB_XGB_GA2M_CYCLIC_RANDOM_BEST_FIT,0.2026447664598734,0.000614845252395,0.2032596117122685,0.7457971355330308,5,0.5,115.40926241874696,compass,2,5,42,926
EGB_XGB_GA2M_CYCLIC_RANDOM_BEST_FIT,0.2069280135746106,0.0005889953221841,0.2075170088967948,0.7348274970014816,5,0.5,111.71019172668456,compass,3,5,42,926
EGB_XGB_GA2M_CYCLIC_RANDOM_BEST_FIT,0.2020011792749824,0.0005948460956807,0.2025960253706632,0.7480087486183298,5,0.5,111.82605814933775,compass,4,5,42,926
EGB_XGB_GA2M_BEST_FIT_BEST_FIT,0.1429494761178449,0.0016882951623458,0.1446377712801907,0.8190906857819165,5,0.5,219.21963095664967,support2,0,5,42,1366
EGB_XGB_GA2M_BEST_FIT_BEST_FIT,0.1310627491878081,0.0014849732708775,0.1325477224586857,0.8379552712087716,5,0.5,219.46201586723328,support2,1,5,42,1366
EGB_XGB_GA2M_BEST_FIT_BEST_FIT,0.1419409287963595,0.0014672806408839,0.1434082094372435,0.8053527165538956,5,0.5,228.6703040599823,support2,2,5,42,1366
EGB_XGB_GA2M_BEST_FIT_BEST_FIT,0.1405684241130102,0.0015678501481549,0.1421362742611651,0.8158125097697685,5,0.5,228.74924206733704,support2,3,5,42,1366
EGB_XGB_GA2M_BEST_FIT_BEST_FIT,0.14424036905074,0.0016471784586996,0.1458875475094396,0.8026891985440253,5,0.5,214.9601080417633,support2,4,5,42,1366
EGB_XGB_GA2M_CYCLIC_RANDOM_BEST_FIT,0.0322296016897354,0.0017405428809923,0.0339701445707277,0.9940972222222222,5,0.5,49.02391266822815,breast,0,5,42,86
EGB_XGB_GA2M_CYCLIC_RANDOM_BEST_FIT,0.0512863793960673,0.0016796548377673,0.0529660342338346,0.983101851851852,5,0.5,64.27726173400879,breast,1,5,42,86
EGB_XGB_GA2M_CYCLIC_RANDOM_BEST_FIT,0.0223766069242046,0.0016750357826223,0.0240516427068269,0.995949074074074,5,0.5,56.11347079277039,breast,2,5,42,86
EGB_XGB_GA2M_CYCLIC_RANDOM_BEST_FIT,0.0517492084170175,0.0016826668944526,0.0534318753114702,0.9829861111111112,5,0.5,62.31164741516113,breast,3,5,42,86
EGB_XGB_GA2M_CYCLIC_RANDOM_BEST_FIT,0.0207452694177659,0.0014530343462052,0.0221983037639712,0.9983796296296296,5,0.5,51.8105149269104,breast,4,5,42,86
EGB_XGB_GA2M_BEST_FIT_BEST_FIT,0.2448706944497891,0.0193808978617435,0.2642515923115327,-0.5140330320420413,5,0.5,71.8463683128357,california housing,0,5,42,3096
EGB_XGB_GA2M_BEST_FIT_BEST_FIT,0.248612038760612,0.0205595209188211,0.2691715596794333,-0.518788822784766,5,0.5,74.1298463344574,california housing,1,5,42,3096
EGB_XGB_GA2M_BEST_FIT_BEST_FIT,0.2574588651881231,0.0207203741040908,0.278179239292214,-0.5274067063363687,5,0.5,73.46132326126099,california housing,2,5,42,3096
EGB_XGB_GA2M_BEST_FIT_BEST_FIT,0.2312788583894739,0.0210727488288959,0.2523516072183699,-0.5023103093299777,5,0.5,69.83572936058044,california housing,3,5,42,3096
EGB_XGB_GA2M_BEST_FIT_BEST_FIT,0.2394329466244787,0.0202980747688629,0.2597310213933416,-0.5095862193881803,5,0.5,71.76909279823303,california housing,4,5,42,3096
EGB_XGB_GA2M_CYCLIC_RANDOM_BEST_FIT,0.2472013147451016,0.0216675098004058,0.2688688245455075,-0.5184974664550936,5,0.5,79.72411680221558,california housing,0,5,42,3096
EGB_XGB_GA2M_CYCLIC_RANDOM_BEST_FIT,0.2524474516977887,0.022716580645865,0.2751640323436537,-0.5245492300588903,5,0.5,76.66189575195312,california housing,1,5,42,3096
EGB_XGB_GA2M_CYCLIC_RANDOM_BEST_FIT,0.2599091264150924,0.0222844670002975,0.2821935934153899,-0.5311662749614581,5,0.5,78.99675035476685,california housing,2,5,42,3096
EGB_XGB_GA2M_CYCLIC_RANDOM_BEST_FIT,0.2346775806479598,0.0227296166661921,0.257407197314152,-0.5073185860543302,5,0.5,74.6129310131073,california housing,3,5,42,3096
EGB_XGB_GA2M_CYCLIC_RANDOM_BEST_FIT,0.2411438115603229,0.022237900037228,0.2633817115975509,-0.5131663776553035,5,0.5,80.9394199848175,california housing,4,5,42,3096
EGB_XGB_GAM_BEST_FIT_BEST_FIT,0.1945526793253408,0.0068158532234445,0.2013685325487853,0.776,5,0.5,9.525172472000122,heart,0,5,42,46
EGB_XGB_GAM_BEST_FIT_BEST_FIT,0.1579449240765139,0.0094132314446998,0.1673581555212138,0.8323809523809524,5,0.5,10.039321184158323,heart,1,5,42,46
EGB_XGB_GAM_BEST_FIT_BEST_FIT,0.1109120767490076,0.0070951350310166,0.1180072117800243,0.9196190476190476,5,0.5,8.535093545913696,heart,2,5,42,46
EGB_XGB_GAM_BEST_FIT_BEST_FIT,0.1395437021691326,0.00715765252393,0.1467013546930627,0.8792380952380953,5,0.5,7.377358436584473,heart,3,5,42,46
EGB_XGB_GAM_BEST_FIT_BEST_FIT,0.1452775848331091,0.007840031958597,0.1531176167917061,0.8441904761904763,5,0.5,9.242292404174805,heart,4,5,42,46
EGB_XGB_GAM_RANDOM_RANDOM,0.0093474911772234,0.0008582652106836,0.010205756387907,-0.1009436703087021,5,0.5,10.159700393676758,synthetic_corr,0,5,42,150
EGB_XGB_GAM_RANDOM_RANDOM,0.0088843695572292,0.0010004620389593,0.0098848315961886,-0.0993212394139647,5,0.5,10.087822675704956,synthetic_corr,1,5,42,150
EGB_XGB_GAM_RANDOM_RANDOM,0.0087236511026127,0.0008532675797316,0.0095769186823443,-0.0978193525571009,5,0.5,12.324804306030272,synthetic_corr,2,5,42,150
EGB_XGB_GAM_RANDOM_RANDOM,0.0071271631691922,0.0007120792850905,0.0078392424542828,-0.0885012337902618,5,0.5,10.293071508407593,synthetic_corr,3,5,42,150
EGB_XGB_GAM_RANDOM_RANDOM,0.0095389439667511,0.0011485970309407,0.0106875409976918,-0.1032393481664805,5,0.5,10.278449773788452,synthetic_corr,4,5,42,150
EGB_XGB_GAM_RANDOM_RANDOM,13.346058978330174,0.3551968706048812,13.701255848935054,-3.701501849839849,5,0.5,93.0266251564026,fico,0,5,42,1480
EGB_XGB_GAM_RANDOM_RANDOM,12.624191752701591,0.2841515225501889,12.90834327525178,-3.5927860154234224,5,0.5,91.83148431777954,fico,1,5,42,1480
EGB_XGB_GAM_RANDOM_RANDOM,11.748565943867288,0.325653752995013,12.0742196968623,-3.474708847813467,5,0.5,95.53898096084596,fico,2,5,42,1480
EGB_XGB_GAM_RANDOM_RANDOM,12.781244820723652,0.3473900551179948,13.12863487584165,-3.623289324020008,5,0.5,97.74292159080504,fico,3,5,42,1480
EGB_XGB_GAM_RANDOM_RANDOM,11.857029757783929,0.3835078721525058,12.240537629936432,-3.498619212748392,5,0.5,99.69466805458067,fico,4,5,42,1480
EGB_XGB_GAM_CYCLIC_RANDOM_BEST_FIT,0.0331963008714682,0.001766383274773,0.0349626841462412,0.99375,5,0.5,36.85684680938721,breast,0,5,42,86
EGB_XGB_GAM_CYCLIC_RANDOM_BEST_FIT,0.0506488973839665,0.0016895400749444,0.0523384374589109,0.9832175925925926,5,0.5,46.62900447845459,breast,1,5,42,86
EGB_XGB_GAM_CYCLIC_RANDOM_BEST_FIT,0.0223768567659728,0.0016414924138099,0.0240183491797828,0.9954861111111112,5,0.5,43.82793116569519,breast,2,5,42,86
EGB_XGB_GAM_CYCLIC_RANDOM_BEST_FIT,0.0524756439383344,0.0017219241807771,0.0541975681191116,0.9819444444444444,5,0.5,41.135788679122925,breast,3,5,42,86
EGB_XGB_GAM_CYCLIC_RANDOM_BEST_FIT,0.02087621264412,0.0014205421979889,0.0222967548421089,0.9983796296296296,5,0.5,35.67019200325012,breast,4,5,42,86
EGB_XGB_GAM_CYCLIC_CYCLIC,0.0337288171357078,0.0017634245979071,0.035492241733615,0.9930555555555556,5,0.5,34.77035880088806,breast,0,5,42,86
EGB_XGB_GAM_CYCLIC_CYCLIC,0.0521428984018506,0.0014407230800885,0.0535836214819392,0.982523148148148,5,0.5,56.75813484191895,breast,1,5,42,86
EGB_XGB_GAM_CYCLIC_CYCLIC,0.0226808504869806,0.001510062557677,0.0241909130446576,0.9952546296296296,5,0.5,43.245861291885376,breast,2,5,42,86
EGB_XGB_GAM_CYCLIC_CYCLIC,0.0511818020330925,0.0017767408249422,0.0529585428580348,0.9828703703703704,5,0.5,38.86203718185425,breast,3,5,42,86
EGB_XGB_GAM_CYCLIC_CYCLIC,0.0214238088789451,0.0014903309808533,0.0229141398597984,0.9986111111111112,5,0.5,33.8640570640564,breast,4,5,42,86
EGB_XGB_GAM_RANDOM_RANDOM,0.0180876493216463,0.0004931177153916,0.018580767037038,-0.13629574880542,5,0.5,191.42786574363708,Crimes,0,5,42,300
EGB_XGB_GAM_RANDOM_RANDOM,0.0205961602176059,0.0005060930949017,0.0211022533125076,-0.1452575731787258,5,0.5,183.51555609703064,Crimes,1,5,42,300
EGB_XGB_GAM_RANDOM_RANDOM,0.0197676048494454,0.0005561183095666,0.020323723159012,-0.142557792934361,5,0.5,180.8698372840881,Crimes,2,5,42,300
EGB_XGB_GAM_RANDOM_RANDOM,0.0199191272321906,0.0005331465748371,0.0204522738070277,-0.1429687713746579,5,0.5,184.02414846420288,Crimes,3,5,42,300
EGB_XGB_GAM_RANDOM_RANDOM,0.0176360025801948,0.0006489109902384,0.0182849135704333,-0.1352038732289021,5,0.5,183.7630579471588,Crimes,4,5,42,300
EGB_XGB_GAM_CYCLIC_RANDOM_CYCLIC_RANDOM,0.1875570272717904,0.0044854370629756,0.192042464334766,0.7881904761904761,5,0.5,37.22435975074768,heart,0,5,42,46
EGB_XGB_GAM_CYCLIC_RANDOM_CYCLIC_RANDOM,0.155970051206762,0.0059516883923721,0.1619217395991342,0.8380952380952381,5,0.5,42.01894235610962,heart,1,5,42,46
EGB_XGB_GAM_CYCLIC_RANDOM_CYCLIC_RANDOM,0.1168285044355913,0.0044908846806194,0.1213193891162108,0.9215238095238094,5,0.5,28.48504090309143,heart,2,5,42,46
EGB_XGB_GAM_CYCLIC_RANDOM_CYCLIC_RANDOM,0.1295860068461727,0.0048192713609803,0.134405278207153,0.8975238095238096,5,0.5,24.78412818908692,heart,3,5,42,46
EGB_XGB_GAM_CYCLIC_RANDOM_CYCLIC_RANDOM,0.1479943402206948,0.0061164380743669,0.1541107782950618,0.8445714285714286,5,0.5,48.48263907432556,heart,4,5,42,46
XGB,0.0361470635050155,0.0110091120004653,0.0471561755360359,0.991550925925926,5,0.5,0.1887733936309814,breast,0,5,42,86
XGB,0.0467703022300128,0.0076293833553791,0.0543996851030373,0.9846064814814814,5,0.5,0.1740944385528564,breast,1,5,42,86
XGB,0.0262461846667061,0.007361720316112,0.0336079048135533,0.9869212962962964,5,0.5,0.1880970001220703,breast,2,5,42,86
XGB,0.0563334728722365,0.0119078122079372,0.0682412842604887,0.9719907407407408,5,0.5,0.1646864414215088,breast,3,5,42,86
XGB,0.0255133516160332,0.006012154277414,0.0315255047344154,0.9953703703703703,5,0.5,0.1800761222839355,breast,4,5,42,86
Spline,0.1006225829812574,0.0007574092214348,0.1013799922026923,0.9594907407407408,5,0.5,753.8583991527557,breast,0,5,42,86
Spline,0.1116042619800255,0.0006627706217316,0.1122670326017571,0.9246527777777775,5,0.5,761.5260121822357,breast,1,5,42,86
Spline,0.0950185860076679,0.0005309358710557,0.0955495218787236,0.9552083333333334,5,0.5,754.7469408512115,breast,2,5,42,86
Spline,0.1035759673071807,0.0007010368829183,0.1042770041900991,0.937037037037037,5,0.5,871.2917296886444,breast,3,5,42,86
Spline,0.0720271721530349,0.0005430833290525,0.0725702554820875,0.9784722222222224,5,0.5,831.3884689807892,breast,4,5,42,86
EGB_XGB_GA2M_RANDOM_RANDOM,0.034918265874152,0.0014842365738786,0.0364025024480307,0.9930555555555556,5,0.5,200.1498959064484,breast,0,5,42,86
EGB_XGB_GA2M_RANDOM_RANDOM,0.0531808867352093,0.0014195078696576,0.054600394604867,0.981712962962963,5,0.5,258.9372856616974,breast,1,5,42,86
EGB_XGB_GA2M_RANDOM_RANDOM,0.0233053427921144,0.0013686180301733,0.0246739608222878,0.9953703703703703,5,0.5,285.4516932964325,breast,2,5,42,86
EGB_XGB_GA2M_RANDOM_RANDOM,0.0533864079542107,0.0014874317223704,0.0548738396765812,0.9810185185185184,5,0.5,240.01631999015808,breast,3,5,42,86
EGB_XGB_GA2M_RANDOM_RANDOM,0.0217400211394523,0.0013551804754245,0.0230952016148768,0.998726851851852,5,0.5,204.33468627929688,breast,4,5,42,86
EGB_XGB_GA2M_BEST_FIT_BEST_FIT,0.0313478217181559,0.002195211124304,0.0335430328424599,0.9936342592592592,5,0.5,153.73405742645264,breast,0,5,42,86
EGB_XGB_GA2M_BEST_FIT_BEST_FIT,0.0517222337593723,0.0016272485114455,0.0533494822708178,0.9819444444444444,5,0.5,198.1682152748108,breast,1,5,42,86
EGB_XGB_GA2M_BEST_FIT_BEST_FIT,0.024303907694411,0.0022402060852895,0.0265441137797006,0.9864583333333334,5,0.5,180.6772904396057,breast,2,5,42,86
EGB_XGB_GA2M_BEST_FIT_BEST_FIT,0.0559395341466224,0.0022995593517108,0.0582390934983332,0.9751157407407408,5,0.5,171.77814292907715,breast,3,5,42,86
EGB_XGB_GA2M_BEST_FIT_BEST_FIT,0.0208103655776991,0.0021620005725378,0.022972366150237,0.9971064814814816,5,0.5,150.1740128993988,breast,4,5,42,86
EGB_XGB_GAM_RANDOM_RANDOM,0.0349182756690257,0.0014842243799555,0.0364025000489813,0.9930555555555556,5,0.5,170.1799178123474,breast,0,5,42,86
EGB_XGB_GAM_RANDOM_RANDOM,0.0531809683723125,0.0014195009944471,0.0546004693667597,0.981712962962963,5,0.5,238.3138256072998,breast,1,5,42,86
EGB_XGB_GAM_RANDOM_RANDOM,0.0233052935215578,0.001368680600076,0.0246739741216338,0.9953703703703703,5,0.5,253.45345520973208,breast,2,5,42,86
EGB_XGB_GAM_RANDOM_RANDOM,0.0533864079542107,0.0014874317223704,0.0548738396765812,0.9810185185185184,5,0.5,230.25088763237,breast,3,5,42,86
EGB_XGB_GAM_RANDOM_RANDOM,0.0217399933096508,0.0013551824191034,0.0230951757287543,0.998726851851852,5,0.5,176.96708035469055,breast,4,5,42,86
EGB_XGB_GAM_BEST_FIT_BEST_FIT,0.0313478553594768,0.002195216488362,0.0335430718478389,0.9936342592592592,5,0.5,143.06327939033508,breast,0,5,42,86
EGB_XGB_GAM_BEST_FIT_BEST_FIT,0.051722315913114,0.0016272113173593,0.0533495272304733,0.9819444444444444,5,0.5,189.1626877784729,breast,1,5,42,86
EGB_XGB_GAM_BEST_FIT_BEST_FIT,0.0243038662294093,0.0022402687780088,0.0265441350074181,0.9864583333333334,5,0.5,170.12997722625732,breast,2,5,42,86
EGB_XGB_GAM_BEST_FIT_BEST_FIT,0.0559395341466224,0.0022995593517108,0.0582390934983332,0.9751157407407408,5,0.5,156.8929319381714,breast,3,5,42,86
EGB_XGB_GAM_BEST_FIT_BEST_FIT,0.0208103151848797,0.0021619778735095,0.0229722930583892,0.9971064814814816,5,0.5,143.23031401634216,breast,4,5,42,86
EGB_XGB_GAM_CYCLIC_RANDOM_CYCLIC_RANDOM,0.0348499620946912,0.0014526649759614,0.0363026270706526,0.9930555555555556,5,0.5,193.3287534713745,breast,0,5,42,86
EGB_XGB_GAM_CYCLIC_RANDOM_CYCLIC_RANDOM,0.0533504314911822,0.0014154031245397,0.0547658346157219,0.981597222222222,5,0.5,278.1300232410431,breast,1,5,42,86
EGB_XGB_GAM_CYCLIC_RANDOM_CYCLIC_RANDOM,0.0233736091873397,0.0013554908501825,0.0247291000375223,0.9951388888888888,5,0.5,259.1159582138061,breast,2,5,42,86
EGB_XGB_GAM_CYCLIC_RANDOM_CYCLIC_RANDOM,0.0533016326697615,0.0014978764445583,0.0547995091143198,0.980902777777778,5,0.5,245.7826635837555,breast,3,5,42,86
EGB_XGB_GAM_CYCLIC_RANDOM_CYCLIC_RANDOM,0.0218697007380683,0.001362793705934,0.0232324944440024,0.9986111111111112,5,0.5,185.50251841545105,breast,4,5,42,86
EGB_XGB_GA2M_CYCLIC_RANDOM_CYCLIC_RANDOM,22.879438923059496,3.861112184898386,26.74055110795789,-5.158310426716024,5,0.5,489.3401854038239,concrete,0,5,42,155
EGB_XGB_GA2M_CYCLIC_RANDOM_CYCLIC_RANDOM,18.745508259332617,4.747603743558951,23.49311200289157,-4.836045134304641,5,0.5,477.7426908016205,concrete,1,5,42,155
EGB_XGB_GA2M_CYCLIC_RANDOM_CYCLIC_RANDOM,16.5204265553325,3.892400239822329,20.41282679515483,-4.513969282595317,5,0.5,517.3458459377289,concrete,2,5,42,155
EGB_XGB_GA2M_CYCLIC_RANDOM_CYCLIC_RANDOM,22.78268757468233,5.720216760292847,28.50290433497518,-5.337570405278087,5,0.5,644.5041298866272,concrete,3,5,42,155
EGB_XGB_GA2M_CYCLIC_RANDOM_CYCLIC_RANDOM,17.543967865599228,4.001745653435735,21.54571351903496,-4.638808694905146,5,0.5,531.0164833068848,concrete,4,5,42,155
EGB_XGB_GA2M_CYCLIC_CYCLIC,22.79171240704434,3.84415466756316,26.6358670746075,-5.148976494524299,5,0.5,515.5097098350525,concrete,0,5,42,155
EGB_XGB_GA2M_CYCLIC_CYCLIC,18.679401479222324,4.784816561065424,23.46421804028774,-4.831772582971725,5,0.5,493.9420354366303,concrete,1,5,42,155
EGB_XGB_GA2M_CYCLIC_CYCLIC,16.391263243383847,3.917584202813136,20.30884744619698,-4.502359801056325,5,0.5,541.5625946521759,concrete,2,5,42,155
EGB_XGB_GA2M_CYCLIC_CYCLIC,22.89831490911114,5.599985000218187,28.49829990932933,-5.337669432004586,5,0.5,623.9384386539459,concrete,3,5,42,155
EGB_XGB_GA2M_CYCLIC_CYCLIC,17.674774520249898,3.9904864954028527,21.66526101565276,-4.651216709511817,5,0.5,478.7343151569367,concrete,4,5,42,155
EGB_XGB_GA2M_CYCLIC_RANDOM_CYCLIC_RANDOM,0.2064444250799091,0.0004683809526461,0.2069128060325552,0.7358415841584158,5,0.5,107.44379615783691,compass,0,5,42,926
EGB_XGB_GA2M_CYCLIC_RANDOM_CYCLIC_RANDOM,0.2027159581930622,0.0005891872179026,0.2033051454109648,0.7484522941605325,5,0.5,118.06554055213928,compass,1,5,42,926
EGB_XGB_GA2M_CYCLIC_RANDOM_CYCLIC_RANDOM,0.2025433893112877,0.0005925168662143,0.203135906177502,0.7465440605818301,5,0.5,122.81925106048584,compass,2,5,42,926
EGB_XGB_GA2M_CYCLIC_RANDOM_CYCLIC_RANDOM,0.2070131765279808,0.0005935993074029,0.2076067758353837,0.7348895839702735,5,0.5,117.20483422279358,compass,3,5,42,926
EGB_XGB_GA2M_CYCLIC_RANDOM_CYCLIC_RANDOM,0.2021427543649729,0.0005485807652216,0.2026913351301945,0.7477919145833825,5,0.5,125.8392140865326,compass,4,5,42,926
EGB_XGB_GA2M_CYCLIC_CYCLIC,0.206413755016307,0.000478088374414,0.206891843390721,0.7358171256555583,5,0.5,107.92398929595949,compass,0,5,42,926
EGB_XGB_GA2M_CYCLIC_CYCLIC,0.2027783891295475,0.0005743664122017,0.2033527555417492,0.7483455233884434,5,0.5,113.53832364082336,compass,1,5,42,926
EGB_XGB_GA2M_CYCLIC_CYCLIC,0.2025445534711981,0.0005829316704778,0.203127485141676,0.7466861080407328,5,0.5,116.75109004974364,compass,2,5,42,926
EGB_XGB_GA2M_CYCLIC_CYCLIC,0.2070689259741087,0.0006088834208473,0.207677809394956,0.7344662637285106,5,0.5,118.46148180961607,compass,3,5,42,926
EGB_XGB_GA2M_CYCLIC_CYCLIC,0.2021016079504543,0.0005650659361672,0.2026666738866215,0.7476588038851391,5,0.5,124.3839635848999,compass,4,5,42,926
EGB_XGB_GA2M_CYCLIC_RANDOM_CYCLIC_RANDOM,0.1439949494710087,0.0022003492794345,0.1461952987504432,0.8154814541881601,5,0.5,290.2887823581696,support2,0,5,42,1366
EGB_XGB_GA2M_CYCLIC_RANDOM_CYCLIC_RANDOM,0.1317414729640125,0.0019310408663095,0.133672513830322,0.8357992228847057,5,0.5,283.46147108078003,support2,1,5,42,1366
EGB_XGB_GA2M_CYCLIC_RANDOM_CYCLIC_RANDOM,0.1415956519251477,0.0019364204883185,0.1435320724134663,0.8063425336638307,5,0.5,312.39276003837585,support2,2,5,42,1366
EGB_XGB_GA2M_CYCLIC_RANDOM_CYCLIC_RANDOM,0.1404670680558897,0.0018898027214174,0.1423568707773072,0.8166772738438176,5,0.5,308.4947667121887,support2,3,5,42,1366
EGB_XGB_GA2M_CYCLIC_RANDOM_CYCLIC_RANDOM,0.1452337124472817,0.0023740091407867,0.1476077215880685,0.7998492664299591,5,0.5,315.54474449157715,support2,4,5,42,1366
EGB_XGB_GA2M_CYCLIC_CYCLIC,0.1438505858935445,0.0023692459330497,0.1462198318265943,0.8150448851075233,5,0.5,307.2588441371918,support2,0,5,42,1366
EGB_XGB_GA2M_CYCLIC_CYCLIC,0.1316772787074532,0.0019355276579569,0.1336128063654101,0.8355954534289095,5,0.5,296.92933106422424,support2,1,5,42,1366
EGB_XGB_GA2M_CYCLIC_CYCLIC,0.1420170718707918,0.0018505147149993,0.1438675865857911,0.8049228467430384,5,0.5,303.9084839820862,support2,2,5,42,1366
EGB_XGB_GA2M_CYCLIC_CYCLIC,0.1405487057007271,0.0018925166903026,0.1424412223910298,0.8162898327415645,5,0.5,305.5478971004486,support2,3,5,42,1366
EGB_XGB_GA2M_CYCLIC_CYCLIC,0.1448622648533947,0.0024993754199666,0.1473616402733613,0.8001875795538286,5,0.5,319.1791081428528,support2,4,5,42,1366
EGB_XGB_GAM_CYCLIC_CYCLIC,0.0181433626266444,0.0004407928610951,0.0185841554877396,-0.1363105110265407,5,0.5,407.4458162784576,Crimes,0,5,42,300
EGB_XGB_GAM_CYCLIC_CYCLIC,0.0206940296359554,0.0003935566098243,0.0210875862457798,-0.1452035461682044,5,0.5,426.8331251144409,Crimes,1,5,42,300
EGB_XGB_GAM_CYCLIC_CYCLIC,0.0194093154417762,0.0004626493825896,0.0198719648243658,-0.1409640987425398,5,0.5,404.80263328552246,Crimes,2,5,42,300
EGB_XGB_GAM_CYCLIC_CYCLIC,0.0196008552439734,0.00044239806316,0.0200432533071335,-0.1415539584915714,5,0.5,382.2933397293091,Crimes,3,5,42,300
EGB_XGB_GAM_CYCLIC_CYCLIC,0.0172217965942749,0.0005805774843818,0.0178023740786567,-0.1334095914278035,5,0.5,392.38215231895447,Crimes,4,5,42,300
EGB_XGB_GAM_BEST_FIT_BEST_FIT,0.0176454358639529,0.0003215632864263,0.0179669991503793,-0.134034468142291,5,0.5,328.1753685474396,Crimes,0,5,42,300
EGB_XGB_GAM_BEST_FIT_BEST_FIT,0.0201607048524009,0.0003442476323279,0.0205049524847289,-0.1431934347058725,5,0.5,347.0271906852722,Crimes,1,5,42,300
EGB_XGB_GAM_BEST_FIT_BEST_FIT,0.0192583180094503,0.0004455052584414,0.0197038232678918,-0.1403654147502556,5,0.5,346.5081984996796,Crimes,2,5,42,300
EGB_XGB_GAM_BEST_FIT_BEST_FIT,0.0178225004108023,0.0004382615549771,0.0182607619657794,-0.1350912675409592,5,0.5,322.27889609336853,Crimes,3,5,42,300
EGB_XGB_GAM_BEST_FIT_BEST_FIT,0.0173236190336306,0.0004277979681286,0.0177514170017592,-0.1332309219174439,5,0.5,346.24759244918823,Crimes,4,5,42,300
EGB_XGB_GAM_CYCLIC_CYCLIC,0.0094182887072076,0.0008104106448535,0.0102286993520612,-0.1010495139027799,5,0.5,48.01283407211304,synthetic_corr,0,5,42,150
EGB_XGB_GAM_CYCLIC_CYCLIC,0.0089565478844806,0.000947107020516,0.0099036549049966,-0.0994144291804143,5,0.5,51.66801047325134,synthetic_corr,1,5,42,150
EGB_XGB_GAM_CYCLIC_CYCLIC,0.0088167785141062,0.0007835950726384,0.0096003735867446,-0.0979433575384423,5,0.5,52.80160665512085,synthetic_corr,2,5,42,150
EGB_XGB_GAM_CYCLIC_CYCLIC,0.0071936263232903,0.0006646404414973,0.0078582667647876,-0.0886098246954004,5,0.5,56.5347797870636,synthetic_corr,3,5,42,150
EGB_XGB_GAM_CYCLIC_CYCLIC,0.0098675368288631,0.0010669670549881,0.0109345038838512,-0.1044295452313242,5,0.5,48.99615979194641,synthetic_corr,4,5,42,150
EGB_XGB_GAM_BEST_FIT_BEST_FIT,0.0102559915702682,0.0008479738400821,0.0111039654103504,-0.1052671270775966,5,0.5,44.19395089149475,synthetic_corr,0,5,42,150
EGB_XGB_GAM_BEST_FIT_BEST_FIT,0.0096913095144798,0.0008305875340274,0.0105218970485072,-0.1025062440622548,5,0.5,43.95576739311218,synthetic_corr,1,5,42,150
EGB_XGB_GAM_BEST_FIT_BEST_FIT,0.009475416055837,0.0008118421303921,0.0102872581862292,-0.1013894080188664,5,0.5,49.833091020584106,synthetic_corr,2,5,42,150
EGB_XGB_GAM_BEST_FIT_BEST_FIT,0.0074238635663526,0.0005541812232383,0.007978044789591,-0.0893096915418092,5,0.5,49.73849606513977,synthetic_corr,3,5,42,150
EGB_XGB_GAM_BEST_FIT_BEST_FIT,0.0103007795864237,0.0009725140150704,0.0112732936014942,-0.1060862079912394,5,0.5,48.15660643577576,synthetic_corr,4,5,42,150
EGB_XGB_GAM_CYCLIC_CYCLIC,13.34640496040237,0.3448094149539614,13.691214375356331,-3.7001430675052815,5,0.5,581.1641480922699,fico,0,5,42,1480
EGB_XGB_GAM_CYCLIC_CYCLIC,12.632463098359802,0.2815746056475282,12.914037704007333,-3.593572437177167,5,0.5,563.3782775402069,fico,1,5,42,1480
EGB_XGB_GAM_CYCLIC_CYCLIC,11.74757726300497,0.3199117470172872,12.067489010022255,-3.473731502877256,5,0.5,604.8796315193176,fico,2,5,42,1480
EGB_XGB_GAM_CYCLIC_CYCLIC,12.783828529202268,0.3440017700964115,13.12783029929868,-3.6231794797464345,5,0.5,616.4354581832886,fico,3,5,42,1480
EGB_XGB_GAM_CYCLIC_CYCLIC,11.86497789836899,0.3709782806745888,12.235956179043576,-3.4979685782850263,5,0.5,562.3533267974854,fico,4,5,42,1480
EGB_XGB_GAM_BEST_FIT_BEST_FIT,13.191694645130305,0.2591332651161942,13.4508279102465,-3.667515928052073,5,0.5,313.92837262153625,fico,0,5,42,1480
EGB_XGB_GAM_BEST_FIT_BEST_FIT,12.679771230719693,0.2037674677865264,12.883538698506214,-3.5893231954631672,5,0.5,275.8928544521332,fico,1,5,42,1480
EGB_XGB_GAM_BEST_FIT_BEST_FIT,11.632149985401911,0.2182890068571782,11.850438992259091,-3.442395951023596,5,0.5,304.3860285282135,fico,2,5,42,1480
EGB_XGB_GAM_BEST_FIT_BEST_FIT,12.891616480152804,0.2445555803322845,13.136172060485093,-3.62437395042161,5,0.5,301.5348596572876,fico,3,5,42,1480
EGB_XGB_GAM_BEST_FIT_BEST_FIT,11.662459869551457,0.2755852243290986,11.938045093880554,-3.4551348096964167,5,0.5,276.939977645874,fico,4,5,42,1480
EGB_XGB_GAM_CYCLIC_CYCLIC,0.3301841031812652,0.0071544478780462,0.3373385510593115,-0.5808060944574228,5,0.5,922.5011320114136,california housing,0,5,42,3096
EGB_XGB_GAM_CYCLIC_CYCLIC,0.3346776113669153,0.0084278226146487,0.3431054339815641,-0.5857508793759968,5,0.5,883.5573861598969,california housing,1,5,42,3096
EGB_XGB_GAM_CYCLIC_CYCLIC,0.34621822610222,0.0079652642342738,0.3541834903364939,-0.5951322018409194,5,0.5,906.9839429855348,california housing,2,5,42,3096
EGB_XGB_GAM_CYCLIC_CYCLIC,0.3211132438605908,0.008666402492082,0.3297796463526729,-0.5742512642265424,5,0.5,878.6778862476349,california housing,3,5,42,3096
EGB_XGB_GAM_CYCLIC_CYCLIC,0.3198719877292662,0.0078479901901809,0.3277199779194472,-0.5724662704822167,5,0.5,873.1261191368103,california housing,4,5,42,3096
EGB_XGB_GAM_BEST_FIT_BEST_FIT,0.3260824908865631,0.0055280154527157,0.3316105063392788,-0.5758530069176532,5,0.5,588.6530439853668,california housing,0,5,42,3096
EGB_XGB_GAM_BEST_FIT_BEST_FIT,0.3294803990332905,0.0065681142008803,0.3360485132341708,-0.5796951646464078,5,0.5,563.0202348232269,california housing,1,5,42,3096
EGB_XGB_GAM_BEST_FIT_BEST_FIT,0.3424657614315556,0.0061635705287533,0.348629331960309,-0.5904459635871152,5,0.5,582.7707045078278,california housing,2,5,42,3096
EGB_XGB_GAM_BEST_FIT_BEST_FIT,0.3156302570139221,0.0070138666782836,0.3226441236922057,-0.5680013546737434,5,0.5,584.3934404850006,california housing,3,5,42,3096
EGB_XGB_GAM_BEST_FIT_BEST_FIT,0.3160702035833665,0.0059165961132154,0.321986799696582,-0.5674356333698227,5,0.5,553.992862701416,california housing,4,5,42,3096
EGB_XGB_GAM_CYCLIC_CYCLIC,30.047267278098627,3.266494201453753,33.313761479552376,-5.76131379980828,5,0.5,158.98694801330566,concrete,0,5,42,155
EGB_XGB_GAM_CYCLIC_CYCLIC,24.258907749607097,3.4937581202075885,27.752665869814685,-5.26112210850451,5,0.5,157.87685132026672,concrete,1,5,42,155
EGB_XGB_GAM_CYCLIC_CYCLIC,22.955881829144708,3.5124414788064096,26.46832330795112,-5.142325632309471,5,0.5,144.73948049545288,concrete,2,5,42,155
EGB_XGB_GAM_CYCLIC_CYCLIC,28.875588594392354,4.781505056165579,33.65709365055793,-5.799132505327468,5,0.5,134.59728121757507,concrete,3,5,42,155
EGB_XGB_GAM_CYCLIC_CYCLIC,24.18061000654186,3.675264446025815,27.855874452567672,-5.276375058049733,5,0.5,139.91954493522644,concrete,4,5,42,155
EGB_XGB_GAM_BEST_FIT_BEST_FIT,26.60965172777089,2.7171359588641253,29.32678768663501,-5.4069422690004325,5,0.5,111.76069593429564,concrete,0,5,42,155
EGB_XGB_GAM_BEST_FIT_BEST_FIT,23.64338225377682,3.2744317460707943,26.917813999847617,-5.186055448062886,5,0.5,134.12911224365234,concrete,1,5,42,155
EGB_XGB_GAM_BEST_FIT_BEST_FIT,22.77087771619028,2.5526501050714905,25.323527821261766,-5.02977543190516,5,0.5,110.656414270401,concrete,2,5,42,155
EGB_XGB_GAM_BEST_FIT_BEST_FIT,28.701752211051456,4.198456376963296,32.90020858801476,-5.733326284623801,5,0.5,102.85236692428587,concrete,3,5,42,155
EGB_XGB_GAM_BEST_FIT_BEST_FIT,23.291095918988287,2.930477165062308,26.22157308405059,-5.119659412497678,5,0.5,108.75210452079772,concrete,4,5,42,155
EGB_XGB_GAM_CYCLIC_CYCLIC,0.2068919087035509,0.0004185513751179,0.2073104600786689,0.7345537499118083,5,0.5,70.24513387680054,compass,0,5,42,926
EGB_XGB_GAM_CYCLIC_CYCLIC,0.2032896773788446,0.0004244299026794,0.2037141072815241,0.7476724442040403,5,0.5,65.69092154502869,compass,1,5,42,926
EGB_XGB_GAM_CYCLIC_CYCLIC,0.2029299328926122,0.0005086946685778,0.20343862756119,0.745948590108417,5,0.5,75.46702861785889,compass,2,5,42,926
EGB_XGB_GAM_CYCLIC_CYCLIC,0.2072889346761315,0.0005081308319542,0.2077970655080858,0.7341464217680675,5,0.5,74.21930050849915,compass,3,5,42,926
EGB_XGB_GAM_CYCLIC_CYCLIC,0.2018267850569612,0.0003895246258946,0.2022163096828559,0.749428282495708,5,0.5,74.9475953578949,compass,4,5,42,926
EGB_XGB_GAM_BEST_FIT_BEST_FIT,0.2061728716098284,0.000422228062136,0.2065950996719645,0.7361571929164412,5,0.5,30.97636747360229,compass,0,5,42,926
EGB_XGB_GAM_BEST_FIT_BEST_FIT,0.2030014713280661,0.0004424441978995,0.2034439155259656,0.7490552903271325,5,0.5,27.615145206451416,compass,1,5,42,926
EGB_XGB_GAM_BEST_FIT_BEST_FIT,0.2026619497139828,0.0005404265731903,0.2032023762871732,0.7468507325791961,5,0.5,28.861538410186768,compass,2,5,42,926
EGB_XGB_GAM_BEST_FIT_BEST_FIT,0.2066038954669515,0.0004784567144296,0.2070823521813812,0.7364172996872134,5,0.5,28.28591680526733,compass,3,5,42,926
EGB_XGB_GAM_BEST_FIT_BEST_FIT,0.2002775198142197,0.0004878519964053,0.2007653718106251,0.7531281014087158,5,0.5,33.39733839035034,compass,4,5,42,926
EGB_XGB_GAM_CYCLIC_CYCLIC,0.1460060978501341,0.0012561134137188,0.1472622112638529,0.813129452223041,5,0.5,210.69320583343503,support2,0,5,42,1366
EGB_XGB_GAM_CYCLIC_CYCLIC,0.1342230180683982,0.0012367823445528,0.135459800412951,0.833035774100623,5,0.5,204.3021421432495,support2,1,5,42,1366
EGB_XGB_GAM_CYCLIC_CYCLIC,0.1445188048545516,0.0011648423894901,0.1456836472440417,0.8004756481543511,5,0.5,210.80318474769592,support2,2,5,42,1366
EGB_XGB_GAM_CYCLIC_CYCLIC,0.1419338084192657,0.0010495274710806,0.1429833358903464,0.8152335812063152,5,0.5,206.80443215370173,support2,3,5,42,1366
EGB_XGB_GAM_CYCLIC_CYCLIC,0.1468558158407301,0.0014406131399058,0.148296428980636,0.7968569259284072,5,0.5,204.72746562957764,support2,4,5,42,1366
EGB_XGB_GAM_BEST_FIT_BEST_FIT,0.1444948983734792,0.0009574436275427,0.145452342001022,0.8177994015318998,5,0.5,139.61132955551147,support2,0,5,42,1366
EGB_XGB_GAM_BEST_FIT_BEST_FIT,0.1327205039401553,0.0009213878511232,0.1336418917912785,0.8368666398695875,5,0.5,131.91673827171326,support2,1,5,42,1366
EGB_XGB_GAM_BEST_FIT_BEST_FIT,0.1436786950802638,0.0008640083446062,0.14454270342487,0.8024636564614456,5,0.5,140.25853943824768,support2,2,5,42,1366
EGB_XGB_GAM_BEST_FIT_BEST_FIT,0.141263042981988,0.0007677627862038,0.1420308057681917,0.8167794377079567,5,0.5,133.54550337791443,support2,3,5,42,1366
EGB_XGB_GAM_BEST_FIT_BEST_FIT,0.1453378321397191,0.0010409583745606,0.1463787905142797,0.8010986802438536,5,0.5,134.8016254901886,support2,4,5,42,1366
EGB_XGB_GAM_CYCLIC_CYCLIC,9640.53350202969,74.20651668169275,9714.740018711382,-98.56329754294993,5,0.5,551.8666322231293,bike,0,5,42,2607
EGB_XGB_GAM_CYCLIC_CYCLIC,9524.524451929256,83.10497920870986,9607.629431137968,-98.01842249988516,5,0.5,558.8072075843811,bike,1,5,42,2607
EGB_XGB_GAM_CYCLIC_CYCLIC,9407.768788657244,85.50208770833426,9493.270876365576,-97.43322294782568,5,0.5,574.9945905208588,bike,2,5,42,2607
EGB_XGB_GAM_CYCLIC_CYCLIC,9899.67597901562,81.61764088062417,9981.293619896243,-99.90616641780584,5,0.5,609.8146824836731,bike,3,5,42,2607
EGB_XGB_GAM_CYCLIC_CYCLIC,9269.892373201195,82.13179779343811,9352.024170994631,-96.7056816917903,5,0.5,587.0983481407166,bike,4,5,42,2607
EGB_XGB_GAM_BEST_FIT_BEST_FIT,9671.671377543991,56.252973440275625,9727.924350984267,-98.63018645872596,5,0.5,215.0886092185974,bike,0,5,42,2607
EGB_XGB_GAM_BEST_FIT_BEST_FIT,9518.776928451429,68.78707031154178,9587.563998762967,-97.91594668654372,5,0.5,235.99466228485107,bike,1,5,42,2607
EGB_XGB_GAM_BEST_FIT_BEST_FIT,9405.9698320234,69.95409894151646,9475.923930964917,-97.3442263641734,5,0.5,239.2833755016327,bike,2,5,42,2607
EGB_XGB_GAM_BEST_FIT_BEST_FIT,9877.93565674745,69.60866881308372,9947.544325560537,-99.73710494375663,5,0.5,272.8691647052765,bike,3,5,42,2607
EGB_XGB_GAM_BEST_FIT_BEST_FIT,9269.78612433297,68.61926056656793,9338.40538489954,-96.63522982604384,5,0.5,251.33058142662048,bike,4,5,42,2607
EGB_XGB_GAM_CYCLIC_CYCLIC,0.1394501989421073,0.000806589619504,0.1402567885616113,0.8374078341013826,5,0.5,160.11595392227173,churn,0,5,42,1055
EGB_XGB_GAM_CYCLIC_CYCLIC,0.1406426238631344,0.000712484352297,0.1413551082154314,0.8299645161290323,5,0.5,161.8797800540924,churn,1,5,42,1055
EGB_XGB_GAM_CYCLIC_CYCLIC,0.1388997312843189,0.0006499709324993,0.1395497022168182,0.8311299539170506,5,0.5,146.35931777954102,churn,2,5,42,1055
EGB_XGB_GAM_CYCLIC_CYCLIC,0.1305501930615004,0.0005469845406236,0.131097177602124,0.8571248847926267,5,0.5,150.29010200500488,churn,3,5,42,1055
EGB_XGB_GAM_CYCLIC_CYCLIC,0.1301105806933934,0.0005386418761583,0.1306492225695517,0.8537953917050691,5,0.5,138.77840971946716,churn,4,5,42,1055
EGB_XGB_GAM_BEST_FIT_BEST_FIT,0.139069071158631,0.0008033301529521,0.1398724013115831,0.8380373271889401,5,0.5,76.37692594528198,churn,0,5,42,1055
EGB_XGB_GAM_BEST_FIT_BEST_FIT,0.1404395268890028,0.0008567775158843,0.1412963044048871,0.8305608294930877,5,0.5,74.16109132766724,churn,1,5,42,1055
EGB_XGB_GAM_BEST_FIT_BEST_FIT,0.138666931805399,0.000764737434947,0.139431669240346,0.8312036866359447,5,0.5,75.47190546989441,churn,2,5,42,1055
EGB_XGB_GAM_BEST_FIT_BEST_FIT,0.1302552707215881,0.0006437259563688,0.1308989966779569,0.8582566820276497,5,0.5,73.47131562232971,churn,3,5,42,1055
EGB_XGB_GAM_BEST_FIT_BEST_FIT,0.1309488909124218,0.0006180546100544,0.1315669455224762,0.8518820276497696,5,0.5,69.78219604492188,churn,4,5,42,1055
EGB_XGB_GAM_CYCLIC_CYCLIC,0.5084532265903516,0.0118271480214779,0.5202803746118295,-0.7212937789977442,5,0.5,99.2394208908081,wine,0,5,42,735
EGB_XGB_GAM_CYCLIC_CYCLIC,0.4904816991290214,0.0091780454913449,0.4996597446203664,-0.7068294567886235,5,0.5,84.21949529647827,wine,1,5,42,735
EGB_XGB_GAM_CYCLIC_CYCLIC,0.5327267247495171,0.0089909635604527,0.5417176883099698,-0.7360094555211475,5,0.5,90.26948070526124,wine,2,5,42,735
EGB_XGB_GAM_CYCLIC_CYCLIC,0.5111059706107004,0.0115845998369875,0.5226905704476879,-0.7229638549756754,5,0.5,97.95839500427246,wine,3,5,42,735
EGB_XGB_GAM_CYCLIC_CYCLIC,0.5251636655621927,0.0092313608415514,0.5343950264037443,-0.7310090883395682,5,0.5,97.2444965839386,wine,4,5,42,735
EGB_XGB_GAM_BEST_FIT_BEST_FIT,0.5176395221191166,0.0094874828262976,0.5271270049454142,-0.7260212589718663,5,0.5,73.58699631690979,wine,0,5,42,735
EGB_XGB_GAM_BEST_FIT_BEST_FIT,0.4920134642071063,0.0076754399931202,0.4996889042002266,-0.7068531353910432,5,0.5,67.02347493171692,wine,1,5,42,735
EGB_XGB_GAM_BEST_FIT_BEST_FIT,0.5384426021945372,0.0080894536152468,0.5465320558097841,-0.7392711814989643,5,0.5,74.43321442604065,wine,2,5,42,735
EGB_XGB_GAM_BEST_FIT_BEST_FIT,0.5126839210398414,0.0092876356331244,0.5219715566729658,-0.7224706169485915,5,0.5,70.74628043174744,wine,3,5,42,735
EGB_XGB_GAM_BEST_FIT_BEST_FIT,0.5226100762632657,0.0080440693004142,0.5306541455636801,-0.7284504433829792,5,0.5,79.6462721824646,wine,4,5,42,735
EGB_XGB_GAM_CYCLIC_RANDOM_CYCLIC_RANDOM,0.086218256525935,0.000656241160189,0.0868744976861241,0.930070356533015,5,0.5,924.016839504242,adult,0,5,42,4885
EGB_XGB_GAM_CYCLIC_RANDOM_CYCLIC_RANDOM,0.0897092310073972,0.0006943980546685,0.0904036290620658,0.9256294213560324,5,0.5,961.2367541790009,adult,1,5,42,4885
EGB_XGB_GAM_CYCLIC_RANDOM_CYCLIC_RANDOM,0.086694529033244,0.0008246618272281,0.0875191908604722,0.9325099087896144,5,0.5,891.0000262260437,adult,2,5,42,4885
EGB_XGB_GAM_CYCLIC_RANDOM_CYCLIC_RANDOM,0.0893295938252074,0.0006498175065164,0.0899794113317239,0.9252520299033604,5,0.5,910.933661222458,adult,3,5,42,4885
EGB_XGB_GAM_CYCLIC_RANDOM_CYCLIC_RANDOM,0.0913674233684167,0.0007021244896471,0.0920695478580639,0.9233582405731232,5,0.5,867.7930152416229,adult,4,5,42,4885
EGB_XGB_GAM_CYCLIC_CYCLIC,0.0862274221938556,0.0006503067823587,0.0868777289762144,0.9300599479479038,5,0.5,920.6832101345062,adult,0,5,42,4885
EGB_XGB_GAM_CYCLIC_CYCLIC,0.0897122789999203,0.0006899003121477,0.090402179312068,0.9256383167988144,5,0.5,960.2268962860109,adult,1,5,42,4885
EGB_XGB_GAM_CYCLIC_CYCLIC,0.0866931589372885,0.0008258393538291,0.0875189982911177,0.9325140355414204,5,0.5,899.268162727356,adult,2,5,42,4885
EGB_XGB_GAM_CYCLIC_CYCLIC,0.0893196507719449,0.0006497385070689,0.0899693892790139,0.925275414830262,5,0.5,910.9226582050323,adult,3,5,42,4885
EGB_XGB_GAM_CYCLIC_CYCLIC,0.0913318520640384,0.0007139070406152,0.0920457591046536,0.9233877697749362,5,0.5,920.588294506073,adult,4,5,42,4885
EGB_XGB_GAM_BEST_FIT_BEST_FIT,0.0869134732010894,0.0006348552942091,0.0875483284952985,0.9288533774253838,5,0.5,531.9921174049377,adult,0,5,42,4885
EGB_XGB_GAM_BEST_FIT_BEST_FIT,0.0910170101997535,0.0006203130357557,0.0916373232355092,0.9236753585230264,5,0.5,495.3318874835968,adult,1,5,42,4885
EGB_XGB_GAM_BEST_FIT_BEST_FIT,0.0875526537418545,0.0007662342480957,0.0883188879899503,0.9312318537552524,5,0.5,495.529116153717,adult,2,5,42,4885
EGB_XGB_GAM_BEST_FIT_BEST_FIT,0.0901358923001815,0.0005846476321736,0.0907205399323552,0.92389134812728,5,0.5,480.8224186897278,adult,3,5,42,4885
EGB_XGB_GAM_BEST_FIT_BEST_FIT,0.092157491567815,0.0006308409584636,0.0927883325262787,0.9223172445036252,5,0.5,480.4240736961365,adult,4,5,42,4885
EGB_XGB_GA2M_CYCLIC_RANDOM_CYCLIC_RANDOM,0.0180873496936317,0.0006432226631088,0.0187305723567406,-0.1368418952886646,5,0.5,519.5450038909912,Crimes,0,5,42,300
EGB_XGB_GA2M_CYCLIC_RANDOM_CYCLIC_RANDOM,0.0200791563529939,0.0006653747299265,0.0207445310829205,-0.1440094487527627,5,0.5,529.2349548339844,Crimes,1,5,42,300
EGB_XGB_GA2M_CYCLIC_RANDOM_CYCLIC_RANDOM,0.0187210843443725,0.0006122431954751,0.0193333275398476,-0.1390351824985627,5,0.5,502.792751789093,Crimes,2,5,42,300
EGB_XGB_GA2M_CYCLIC_RANDOM_CYCLIC_RANDOM,0.0189380448869317,0.0007048910449488,0.0196429359318805,-0.1401170803606483,5,0.5,475.40876936912537,Crimes,3,5,42,300
EGB_XGB_GA2M_CYCLIC_RANDOM_CYCLIC_RANDOM,0.0168840769449282,0.0006795966055113,0.0175636735504395,-0.1325018788148183,5,0.5,485.9101357460022,Crimes,4,5,42,300
EGB_XGB_GA2M_CYCLIC_CYCLIC,0.0181201247730106,0.0006320886481969,0.0187522134212075,-0.1369179925204212,5,0.5,509.4496188163757,Crimes,0,5,42,300
EGB_XGB_GA2M_CYCLIC_CYCLIC,0.0200459491183622,0.0006898173387837,0.020735766457146,-0.1439772654612783,5,0.5,524.0125517845154,Crimes,1,5,42,300
EGB_XGB_GA2M_CYCLIC_CYCLIC,0.0187595594357343,0.0006766414193832,0.0194362008551175,-0.1394012515795243,5,0.5,496.1034963130951,Crimes,2,5,42,300
EGB_XGB_GA2M_CYCLIC_CYCLIC,0.0189947118589934,0.0006789819373345,0.019673693796328,-0.1402347088063232,5,0.5,467.3489937782288,Crimes,3,5,42,300
EGB_XGB_GA2M_CYCLIC_CYCLIC,0.0168493768988519,0.000706523804993,0.0175559007038449,-0.132467757718059,5,0.5,504.053514957428,Crimes,4,5,42,300
EGB_XGB_GA2M_CYCLIC_RANDOM_BEST_FIT,0.0179956883658912,0.0005106950004555,0.0185063833663468,-0.1360264199419569,5,0.5,490.5901370048523,Crimes,0,5,42,300
EGB_XGB_GA2M_CYCLIC_RANDOM_BEST_FIT,0.0201858373562861,0.0005161569483361,0.0207019943046223,-0.1438692815494311,5,0.5,534.2389810085297,Crimes,1,5,42,300
EGB_XGB_GA2M_CYCLIC_RANDOM_BEST_FIT,0.0189813429895594,0.000508302887433,0.0194896458769925,-0.1396006794063485,5,0.5,488.25461316108704,Crimes,2,5,42,300
EGB_XGB_GA2M_CYCLIC_RANDOM_BEST_FIT,0.0190403287513165,0.000508361248081,0.0195486899993975,-0.139788537778621,5,0.5,446.5013711452484,Crimes,3,5,42,300
EGB_XGB_GA2M_CYCLIC_RANDOM_BEST_FIT,0.0170039783094792,0.0006080330559572,0.0176120113654365,-0.1326964446920717,5,0.5,462.6798279285431,Crimes,4,5,42,300
EGB_XGB_GA2M_BEST_FIT_BEST_FIT,0.0175866870314446,0.0003424468847082,0.0179291339161528,-0.1338943050895301,5,0.5,390.4163908958435,Crimes,0,5,42,300
EGB_XGB_GA2M_BEST_FIT_BEST_FIT,0.0202013561961619,0.0003935365680147,0.0205948927641766,-0.1435069956612039,5,0.5,437.46495151519775,Crimes,1,5,42,300
EGB_XGB_GA2M_BEST_FIT_BEST_FIT,0.0190042460040715,0.0005093736881959,0.0195136196922675,-0.1396846520074328,5,0.5,420.5763728618622,Crimes,2,5,42,300
EGB_XGB_GA2M_BEST_FIT_BEST_FIT,0.0178240652300073,0.0004838904063099,0.0183079556363172,-0.1352667278185,5,0.5,386.499058008194,Crimes,3,5,42,300
EGB_XGB_GA2M_BEST_FIT_BEST_FIT,0.0172182778301105,0.000487217448423,0.0177054952785335,-0.1330565444693283,5,0.5,407.9737331867218,Crimes,4,5,42,300
EGB_XGB_GA2M_CYCLIC_RANDOM_CYCLIC_RANDOM,0.0030283228791378,0.0008473983262605,0.0038757212053984,-0.0618619391533541,5,0.5,244.37307858467105,synthetic_corr,0,5,42,150
EGB_XGB_GA2M_CYCLIC_RANDOM_CYCLIC_RANDOM,0.0029971977380379,0.0008598095882037,0.0038570073262416,-0.0618165519314795,5,0.5,294.783459186554,synthetic_corr,1,5,42,150
EGB_XGB_GA2M_CYCLIC_RANDOM_CYCLIC_RANDOM,0.0021116249886032,0.0006934494542876,0.0028050744428909,-0.0527385074350693,5,0.5,279.09914779663086,synthetic_corr,2,5,42,150
EGB_XGB_GA2M_CYCLIC_RANDOM_CYCLIC_RANDOM,0.0017160144740225,0.0006251749675087,0.0023411894415312,-0.0482874350455965,5,0.5,282.1491448879242,synthetic_corr,3,5,42,150
EGB_XGB_GA2M_CYCLIC_RANDOM_CYCLIC_RANDOM,0.0032016492091275,0.0008977051036723,0.0040993543127999,-0.0634121373179473,5,0.5,272.79845118522644,synthetic_corr,4,5,42,150
EGB_XGB_GA2M_CYCLIC_CYCLIC,0.0030266668380865,0.0008550037409589,0.0038816705790454,-0.0619095332681381,5,0.5,248.448356628418,synthetic_corr,0,5,42,150
EGB_XGB_GA2M_CYCLIC_CYCLIC,0.002993300809763,0.0008699494025288,0.0038632502122919,-0.0618536243704151,5,0.5,301.56279850006104,synthetic_corr,1,5,42,150
EGB_XGB_GA2M_CYCLIC_CYCLIC,0.0021189069358534,0.0007040430374168,0.0028229499732703,-0.0528985623050008,5,0.5,280.7985780239105,synthetic_corr,2,5,42,150
EGB_XGB_GA2M_CYCLIC_CYCLIC,0.0017131831745831,0.0006229366553656,0.0023361198299488,-0.04823286726199,5,0.5,274.3587234020233,synthetic_corr,3,5,42,150
EGB_XGB_GA2M_CYCLIC_CYCLIC,0.0031957915049714,0.0008885759040444,0.0040843674090158,-0.0633235646488991,5,0.5,271.66506934165955,synthetic_corr,4,5,42,150
EGB_XGB_GA2M_CYCLIC_RANDOM_BEST_FIT,0.0028350243331255,0.0007915466628655,0.003626570995991,-0.0597220261114822,5,0.5,170.08078122138977,synthetic_corr,0,5,42,150
EGB_XGB_GA2M_CYCLIC_RANDOM_BEST_FIT,0.0026855772385986,0.000812232054366,0.0034978092929647,-0.0588508649017271,5,0.5,217.6310837268829,synthetic_corr,1,5,42,150
EGB_XGB_GA2M_CYCLIC_RANDOM_BEST_FIT,0.0018382232588398,0.0006450842975095,0.0024833075563493,-0.0495571035482639,5,0.5,194.7433755397797,synthetic_corr,2,5,42,150
EGB_XGB_GA2M_CYCLIC_RANDOM_BEST_FIT,0.0014159799358454,0.0005748504007082,0.0019908303365536,-0.0445065858862696,5,0.5,213.6508026123047,synthetic_corr,3,5,42,150
EGB_XGB_GA2M_CYCLIC_RANDOM_BEST_FIT,0.0029631569847699,0.0008704705810668,0.0038336275658367,-0.0612023234708682,5,0.5,194.71203923225403,synthetic_corr,4,5,42,150
EGB_XGB_GA2M_BEST_FIT_BEST_FIT,0.0035206368089092,0.0008705035311815,0.0043911403400907,-0.0657007209061721,5,0.5,159.11790657043457,synthetic_corr,0,5,42,150
EGB_XGB_GA2M_BEST_FIT_BEST_FIT,0.0030384579129896,0.0007201752565298,0.0037586331695195,-0.0611483054027655,5,0.5,188.96201872825625,synthetic_corr,1,5,42,150
EGB_XGB_GA2M_BEST_FIT_BEST_FIT,0.0021457003061491,0.0007031836330564,0.0028488839392055,-0.0531153643041102,5,0.5,175.50164675712583,synthetic_corr,2,5,42,150
EGB_XGB_GA2M_BEST_FIT_BEST_FIT,0.0014566667978175,0.000510052082236,0.0019667188800536,-0.0442301595311959,5,0.5,193.25372076034543,synthetic_corr,3,5,42,150
EGB_XGB_GA2M_BEST_FIT_BEST_FIT,0.0032455246209695,0.0007923951447314,0.004037919765701,-0.0627706955414556,5,0.5,184.8198428153992,synthetic_corr,4,5,42,150
EGB_XGB_GA2M_CYCLIC_RANDOM_CYCLIC_RANDOM,11.043473554750648,0.4494911277429007,11.492964682493549,-3.3900522100832027,5,0.5,816.2382502555847,fico,0,5,42,1480
EGB_XGB_GA2M_CYCLIC_RANDOM_CYCLIC_RANDOM,10.986369858849104,0.3990784339973164,11.38544829284642,-3.3742215387028858,5,0.5,789.0651988983154,fico,1,5,42,1480
EGB_XGB_GA2M_CYCLIC_RANDOM_CYCLIC_RANDOM,10.004407838243884,0.3895781516849858,10.393985989928868,-3.223799237334911,5,0.5,761.8896284103394,fico,2,5,42,1480
EGB_XGB_GA2M_CYCLIC_RANDOM_CYCLIC_RANDOM,10.794868323508576,0.4318372165247368,11.226705540033311,-3.350596290916504,5,0.5,799.0307292938232,fico,3,5,42,1480
EGB_XGB_GA2M_CYCLIC_RANDOM_CYCLIC_RANDOM,10.174881408423555,0.4608113852069683,10.635692793630524,-3.2610517601831868,5,0.5,798.5800914764404,fico,4,5,42,1480
EGB_XGB_GA2M_CYCLIC_CYCLIC,11.041490113370392,0.4557614609856697,11.49725157435606,-3.390674924173001,5,0.5,822.1699452400208,fico,0,5,42,1480
EGB_XGB_GA2M_CYCLIC_CYCLIC,10.987843704197958,0.3991602777944958,11.387003981992455,-3.374452553926301,5,0.5,793.8572833538055,fico,1,5,42,1480
EGB_XGB_GA2M_CYCLIC_CYCLIC,10.054430306875949,0.3896235637204602,10.44405387059641,-3.2316160394013784,5,0.5,769.6360728740692,fico,2,5,42,1480
EGB_XGB_GA2M_CYCLIC_CYCLIC,10.764988381978377,0.42727839879685,11.192266780775228,-3.3454623317897245,5,0.5,794.8661005496979,fico,3,5,42,1480
EGB_XGB_GA2M_CYCLIC_CYCLIC,10.186087217618336,0.4541557819993773,10.640242999617715,-3.261769870590709,5,0.5,785.1047461032867,fico,4,5,42,1480
EGB_XGB_GA2M_CYCLIC_RANDOM_BEST_FIT,11.017595249540326,0.4510094819703964,11.46860473151072,-3.3865099514327683,5,0.5,857.7456486225128,fico,0,5,42,1480
EGB_XGB_GA2M_CYCLIC_RANDOM_BEST_FIT,11.014667494857802,0.4075744527956973,11.422241947653497,-3.3796419594394216,5,0.5,822.0993046760559,fico,1,5,42,1480
EGB_XGB_GA2M_CYCLIC_RANDOM_BEST_FIT,10.019621033410932,0.4037632031061013,10.423384236517034,-3.2284417682819844,5,0.5,805.1995329856873,fico,2,5,42,1480
EGB_XGB_GA2M_CYCLIC_RANDOM_BEST_FIT,10.818057470206863,0.4497379577200845,11.267795427926949,-3.35672070574752,5,0.5,812.7284362316132,fico,3,5,42,1480
EGB_XGB_GA2M_CYCLIC_RANDOM_BEST_FIT,10.28713752036786,0.4636005353082608,10.75073805567612,-3.278680371813254,5,0.5,776.8880457878113,fico,4,5,42,1480
EGB_XGB_GA2M_BEST_FIT_BEST_FIT,11.098529089147116,0.3431489336062896,11.441678022753406,-3.3824556158142185,5,0.5,536.0646481513977,fico,0,5,42,1480
EGB_XGB_GA2M_BEST_FIT_BEST_FIT,10.791061858210757,0.3347951022144199,11.125856960425176,-3.335530161662367,5,0.5,513.2701144218445,fico,1,5,42,1480
EGB_XGB_GA2M_BEST_FIT_BEST_FIT,9.917663164447768,0.3366863002927283,10.254349464740494,-3.202173999433508,5,0.5,499.463826417923,fico,2,5,42,1480
EGB_XGB_GA2M_BEST_FIT_BEST_FIT,10.839566776748342,0.317179762412523,11.156746539160864,-3.3401159934697,5,0.5,491.0513410568237,fico,3,5,42,1480
EGB_XGB_GA2M_BEST_FIT_BEST_FIT,9.865823562437992,0.3786198968898163,10.244443459327806,-3.2004621559364304,5,0.5,476.00417709350586,fico,4,5,42,1480
EGB_XGB_GA2M_CYCLIC_RANDOM_CYCLIC_RANDOM,0.2491034389051538,0.0191143138348691,0.2682177527400229,-0.5178806993802935,5,0.5,2119.709028720856,california housing,0,5,42,3096
EGB_XGB_GA2M_CYCLIC_RANDOM_CYCLIC_RANDOM,0.2559472766676207,0.0199108492724079,0.2758581259400287,-0.5251907765157182,5,0.5,2111.7597246170044,california housing,1,5,42,3096
EGB_XGB_GA2M_CYCLIC_RANDOM_CYCLIC_RANDOM,0.2633259330630219,0.0190616702740418,0.2823876033370637,-0.5313740799016717,5,0.5,2153.408297777176,california housing,2,5,42,3096
EGB_XGB_GA2M_CYCLIC_RANDOM_CYCLIC_RANDOM,0.2365493321989267,0.0207088637196645,0.2572581959185912,-0.5071619091360472,5,0.5,2066.369980096817,california housing,3,5,42,3096
EGB_XGB_GA2M_CYCLIC_RANDOM_CYCLIC_RANDOM,0.2461549074563943,0.0189560484325841,0.2651109558889785,-0.5148544066272661,5,0.5,2119.072769641876,california housing,4,5,42,3096
EGB_XGB_GA2M_CYCLIC_CYCLIC,0.2496929772348602,0.0190013938001979,0.2686943710350582,-0.5183393636182071,5,0.5,2105.2838349342346,california housing,0,5,42,3096
EGB_XGB_GA2M_CYCLIC_CYCLIC,0.2552536291802259,0.0204428453527693,0.2756964745329953,-0.5250138937374385,5,0.5,2183.889675140381,california housing,1,5,42,3096
EGB_XGB_GA2M_CYCLIC_CYCLIC,0.2629896467687903,0.019014010869811,0.2820036576386013,-0.5310123776764664,5,0.5,2176.220438718796,california housing,2,5,42,3096
EGB_XGB_GA2M_CYCLIC_CYCLIC,0.236451888071762,0.0206744955261914,0.2571263835979535,-0.5070339442531517,5,0.5,2056.4205451011658,california housing,3,5,42,3096
EGB_XGB_GA2M_CYCLIC_CYCLIC,0.2449080285798984,0.0193251986243974,0.2642332272042957,-0.5139933294839765,5,0.5,2153.8628726005554,california housing,4,5,42,3096
EGB_XGB_GAM_CYCLIC_RANDOM_CYCLIC_RANDOM,0.0094278541028565,0.0008005370919952,0.0102283911948517,-0.1010510910382905,5,0.5,48.30471301078797,synthetic_corr,0,5,42,150
EGB_XGB_GAM_CYCLIC_RANDOM_CYCLIC_RANDOM,0.0089505282697714,0.0009439315314385,0.00989445980121,-0.0993681290985905,5,0.5,52.42560911178589,synthetic_corr,1,5,42,150
EGB_XGB_GAM_CYCLIC_RANDOM_CYCLIC_RANDOM,0.0088303044528411,0.0007879754120687,0.0096182798649098,-0.0980341360305402,5,0.5,62.267742395401,synthetic_corr,2,5,42,150
EGB_XGB_GAM_CYCLIC_RANDOM_CYCLIC_RANDOM,0.0072026994463479,0.0006611439059893,0.0078638433523373,-0.0886421766350836,5,0.5,50.81492376327515,synthetic_corr,3,5,42,150
EGB_XGB_GAM_CYCLIC_RANDOM_CYCLIC_RANDOM,0.0098340307504445,0.0010834422111413,0.0109174729615858,-0.1043344798351603,5,0.5,52.79090309143066,synthetic_corr,4,5,42,150
EGB_XGB_GAM_CYCLIC_RANDOM_CYCLIC_RANDOM,13.349607561953755,0.3407284868859785,13.690336048839734,-3.700022854158481,5,0.5,565.6074728965759,fico,0,5,42,1480
EGB_XGB_GAM_CYCLIC_RANDOM_CYCLIC_RANDOM,12.628752058708631,0.282354547952247,12.911106606660876,-3.5931637500761555,5,0.5,559.0965759754181,fico,1,5,42,1480
EGB_XGB_GAM_CYCLIC_RANDOM_CYCLIC_RANDOM,11.749099956221018,0.3176568986555695,12.066756854876587,-3.47363157342131,5,0.5,576.2652850151062,fico,2,5,42,1480
EGB_XGB_GAM_CYCLIC_RANDOM_CYCLIC_RANDOM,12.790165409406756,0.3411828997303093,13.131348309137069,-3.6236617503822472,5,0.5,586.2491126060486,fico,3,5,42,1480
EGB_XGB_GAM_CYCLIC_RANDOM_CYCLIC_RANDOM,11.86442091261713,0.3716302332658213,12.23605114588295,-3.49798343973958,5,0.5,549.5244426727295,fico,4,5,42,1480
EGB_XGB_GAM_CYCLIC_RANDOM_CYCLIC_RANDOM,0.330201831217195,0.0071847648632407,0.3373865960804358,-0.5808471190403035,5,0.5,891.1776688098907,california housing,0,5,42,3096
EGB_XGB_GAM_CYCLIC_RANDOM_CYCLIC_RANDOM,0.3348314740115227,0.0084010551752625,0.3432325291867851,-0.5858592040268078,5,0.5,855.1187818050385,california housing,1,5,42,3096
EGB_XGB_GAM_CYCLIC_RANDOM_CYCLIC_RANDOM,0.3460063834223951,0.0080317031839652,0.3540380866063604,-0.5950100137925125,5,0.5,899.4543559551239,california housing,2,5,42,3096
EGB_XGB_GAM_CYCLIC_RANDOM_CYCLIC_RANDOM,0.3208629984464479,0.0087306084763587,0.3295936069228066,-0.5740896444285238,5,0.5,991.3159399032592,california housing,3,5,42,3096
EGB_XGB_GAM_CYCLIC_RANDOM_CYCLIC_RANDOM,0.32024582102633,0.0077362288545529,0.3279820498808829,-0.5726953838846994,5,0.5,891.8591680526733,california housing,4,5,42,3096
EGB_XGB_GAM_CYCLIC_RANDOM_CYCLIC_RANDOM,29.987991327957705,3.267576329362942,33.25556765732066,-5.75559996702098,5,0.5,159.65782594680786,concrete,0,5,42,155
EGB_XGB_GAM_CYCLIC_RANDOM_CYCLIC_RANDOM,24.17323149249206,3.515552700785749,27.68878419327781,-5.2544019311881724,5,0.5,169.46860814094543,concrete,1,5,42,155
EGB_XGB_GAM_CYCLIC_RANDOM_CYCLIC_RANDOM,22.93410853638038,3.520447732978937,26.45455626935932,-5.140944218650178,5,0.5,147.00123047828674,concrete,2,5,42,155
EGB_XGB_GAM_CYCLIC_RANDOM_CYCLIC_RANDOM,28.88988998844902,4.730921024212671,33.62081101266169,-5.796191482264851,5,0.5,139.85858535766602,concrete,3,5,42,155
EGB_XGB_GAM_CYCLIC_RANDOM_CYCLIC_RANDOM,24.154534351350843,3.660419037442897,27.814953388793743,-5.272739415881013,5,0.5,140.66883325576782,concrete,4,5,42,155
EGB_XGB_GAM_CYCLIC_RANDOM_CYCLIC_RANDOM,0.2068800104013761,0.0004129042042806,0.2072929146056567,0.7345753862797206,5,0.5,71.4041657447815,compass,0,5,42,926
EGB_XGB_GAM_CYCLIC_RANDOM_CYCLIC_RANDOM,0.2032503131438115,0.0004376518785867,0.2036879650223982,0.7476254086216223,5,0.5,65.51671266555786,compass,1,5,42,926
EGB_XGB_GAM_CYCLIC_RANDOM_CYCLIC_RANDOM,0.2029454121858455,0.0004957936110469,0.2034412057968924,0.7458869734954492,5,0.5,77.82142186164856,compass,2,5,42,926
EGB_XGB_GAM_CYCLIC_RANDOM_CYCLIC_RANDOM,0.207302920023988,0.0005150808550566,0.2078180008790446,0.7340946826274075,5,0.5,76.72689318656921,compass,3,5,42,926
EGB_XGB_GAM_CYCLIC_RANDOM_CYCLIC_RANDOM,0.2017582856367664,0.0003991023849066,0.202157388021673,0.7495129465440605,5,0.5,81.35754537582397,compass,4,5,42,926
EGB_XGB_GAM_CYCLIC_RANDOM_CYCLIC_RANDOM,0.1459925635414119,0.001255266820001,0.147247830361413,0.8131780219289432,5,0.5,220.3303816318512,support2,0,5,42,1366
EGB_XGB_GAM_CYCLIC_RANDOM_CYCLIC_RANDOM,0.1342230837690056,0.0012422885813512,0.1354653723503569,0.8330340992831781,5,0.5,214.02124309539795,support2,1,5,42,1366
EGB_XGB_GAM_CYCLIC_RANDOM_CYCLIC_RANDOM,0.1444855555346106,0.0011763505684582,0.1456619061030689,0.8005303588575512,5,0.5,226.29155588150024,support2,2,5,42,1366
EGB_XGB_GAM_CYCLIC_RANDOM_CYCLIC_RANDOM,0.1419022960499585,0.0010597832613801,0.1429620793113387,0.8152670775552131,5,0.5,217.5886058807373,support2,3,5,42,1366
EGB_XGB_GAM_CYCLIC_RANDOM_CYCLIC_RANDOM,0.1468777825843189,0.0014172681162109,0.1482950507005299,0.7968909805497867,5,0.5,219.96557474136355,support2,4,5,42,1366
EGB_XGB_GAM_CYCLIC_RANDOM_CYCLIC_RANDOM,9640.544663233271,74.39267401702594,9714.9373372503,-98.56429484119244,5,0.5,569.559502363205,bike,0,5,42,2607
EGB_XGB_GAM_CYCLIC_RANDOM_CYCLIC_RANDOM,9523.260412608304,83.28015950964438,9606.540572117949,-98.01286415779562,5,0.5,585.1930794715881,bike,1,5,42,2607
EGB_XGB_GAM_CYCLIC_RANDOM_CYCLIC_RANDOM,9405.72460286714,85.02264560883422,9490.747248475973,-97.42030313268354,5,0.5,654.2782542705536,bike,2,5,42,2607
EGB_XGB_GAM_CYCLIC_RANDOM_CYCLIC_RANDOM,9899.736110896052,81.30359997946192,9981.039710875517,-99.90489857319167,5,0.5,641.1840209960938,bike,3,5,42,2607
EGB_XGB_GAM_CYCLIC_RANDOM_CYCLIC_RANDOM,9269.582846746232,82.29055175261686,9351.873398498848,-96.70491053259292,5,0.5,628.1093487739563,bike,4,5,42,2607
EGB_XGB_GAM_CYCLIC_RANDOM_CYCLIC_RANDOM,0.1394404469988151,0.0008195615498006,0.1402600085486157,0.8373700460829493,5,0.5,168.07794380187988,churn,0,5,42,1055
EGB_XGB_GAM_CYCLIC_RANDOM_CYCLIC_RANDOM,0.1406315471834466,0.0007119962395486,0.1413435434229953,0.8299921658986176,5,0.5,176.08386373519895,churn,1,5,42,1055
EGB_XGB_GAM_CYCLIC_RANDOM_CYCLIC_RANDOM,0.1388709577423003,0.0006579216927743,0.1395288794350747,0.8311539170506913,5,0.5,170.59645557403564,churn,2,5,42,1055
EGB_XGB_GAM_CYCLIC_RANDOM_CYCLIC_RANDOM,0.1305362950110739,0.0005372010331828,0.1310734960442567,0.8571847926267282,5,0.5,160.01577854156494,churn,3,5,42,1055
EGB_XGB_GAM_CYCLIC_RANDOM_CYCLIC_RANDOM,0.1300717306483688,0.0005570729059543,0.1306288035543232,0.8537917050691245,5,0.5,159.51507902145386,churn,4,5,42,1055
EGB_XGB_GAM_CYCLIC_RANDOM_CYCLIC_RANDOM,0.5079786715542148,0.0118643021004312,0.519842973654646,-0.7209892624955995,5,0.5,100.80364608764648,wine,0,5,42,735
EGB_XGB_GAM_CYCLIC_RANDOM_CYCLIC_RANDOM,0.4907407371462268,0.0090181275584793,0.4997588647047061,-0.7069001553389525,5,0.5,93.04285597801208,wine,1,5,42,735
EGB_XGB_GAM_CYCLIC_RANDOM_CYCLIC_RANDOM,0.5327627361306657,0.0090637840265381,0.5418265201572037,-0.7360833526079791,5,0.5,100.02526140213013,wine,2,5,42,735
EGB_XGB_GAM_CYCLIC_RANDOM_CYCLIC_RANDOM,0.5114121345734263,0.0112275265879542,0.5226396611613805,-0.7229285218158432,5,0.5,103.78341054916382,wine,3,5,42,735
EGB_XGB_GAM_CYCLIC_RANDOM_CYCLIC_RANDOM,0.5244866846329405,0.0095151378229894,0.5340018224559299,-0.7307381848433799,5,0.5,104.28268909454346,wine,4,5,42,735
EGB_XGB_GAM_CYCLIC_RANDOM_CYCLIC_RANDOM,0.0181393372810323,0.0004329929801393,0.0185723302611717,-0.1362676958456681,5,0.5,403.5548686981201,Crimes,0,5,42,300
EGB_XGB_GAM_CYCLIC_RANDOM_CYCLIC_RANDOM,0.0206722984831543,0.0004035509877984,0.0210758494709527,-0.1451630365999797,5,0.5,396.5234460830689,Crimes,1,5,42,300
EGB_XGB_GAM_CYCLIC_RANDOM_CYCLIC_RANDOM,0.0194060661741189,0.0004541748667331,0.019860241040852,-0.1409232080045666,5,0.5,388.7648265361786,Crimes,2,5,42,300
EGB_XGB_GAM_CYCLIC_RANDOM_CYCLIC_RANDOM,0.0196264876902032,0.0004469991024314,0.0200734867926346,-0.1416610423477555,5,0.5,356.56090354919434,Crimes,3,5,42,300
EGB_XGB_GAM_CYCLIC_RANDOM_CYCLIC_RANDOM,0.0172352115542213,0.0005748062655298,0.0178100178197512,-0.1334396937934227,5,0.5,367.9652593135834,Crimes,4,5,42,300
