feat_names,feat_perf,model_name,d_name,split_idx,n_splits,random_state,test_size
"['offset', 'x1', 'x2', 'x3', 'x4', 'x5', 'x6', 'x7', 'x8', 'x9', 'x10']","[0.7023820540789875, 0.7023820540789875, 0.021252973062964763, 0.021252973062964763, 0.021252973062964763, 0.021252973062964763, 0.021252973062964763, 0.021252973062964763, 0.021252973062964763, 0.021252973062964763, 0.021252973062964763]",EGB_XGB_GAM_BEST_FIT_BEST_FIT,synthetic_ordering10,0,5,42,150
"['offset', 'x1', 'x2', 'x3', 'x4', 'x5', 'x6', 'x7', 'x8', 'x9', 'x10']","[0.6993877926414314, 0.6993877926414314, 0.022468064030335067, 0.022468064030335067, 0.022468064030335067, 0.022468064030335067, 0.022468064030335067, 0.022468064030335067, 0.022468064030335067, 0.022468064030335067, 0.022468064030335067]",EGB_XGB_GAM_BEST_FIT_BEST_FIT,synthetic_ordering10,1,5,42,150
"['offset', 'x1', 'x2', 'x3', 'x4', 'x5', 'x6', 'x7', 'x8', 'x9', 'x10']","[0.7132502859334683, 0.7132502859334683, 0.02111011942759957, 0.02111011942759957, 0.02111011942759957, 0.02111011942759957, 0.02111011942759957, 0.02111011942759957, 0.02111011942759957, 0.02111011942759957, 0.02111011942759957]",EGB_XGB_GAM_BEST_FIT_BEST_FIT,synthetic_ordering10,2,5,42,150
"['offset', 'x1', 'x2', 'x3', 'x4', 'x5', 'x6', 'x7', 'x8', 'x9', 'x10']","[0.7174612742975268, 0.7174612742975268, 0.020950840332796483, 0.020950840332796483, 0.020950840332796483, 0.020950840332796483, 0.020950840332796483, 0.020950840332796483, 0.020950840332796483, 0.020950840332796483, 0.020950840332796483]",EGB_XGB_GAM_BEST_FIT_BEST_FIT,synthetic_ordering10,3,5,42,150
"['offset', 'x1', 'x2', 'x3', 'x4', 'x5', 'x6', 'x7', 'x8', 'x9', 'x10']","[0.7001086674469982, 0.7001086674469982, 0.019528496065512956, 0.019528496065512956, 0.019528496065512956, 0.019528496065512956, 0.019528496065512956, 0.019528496065512956, 0.019528496065512956, 0.019528496065512956, 0.019528496065512956]",EGB_XGB_GAM_BEST_FIT_BEST_FIT,synthetic_ordering10,4,5,42,150
"['offset', 'x1', 'x2', 'x3', 'x4', 'x5', 'x6', 'x7', 'x8', 'x9', 'x10', 'x11', 'x12', 'x13', 'x14', 'x15', 'x16', 'x17', 'x18', 'x19', 'x20', 'x21', 'x22', 'x23', 'x24', 'x25', 'x26', 'x27', 'x28', 'x29', 'x30', 'x31', 'x32', 'x33', 'x34', 'x35', 'x36', 'x37', 'x38', 'x39', 'x40', 'x41', 'x42', 'x43', 'x44', 'x45', 'x46', 'x47', 'x48', 'x49', 'x50', 'x51', 'x52', 'x53', 'x54', 'x55', 'x56', 'x57', 'x58', 'x59', 'x60', 'x61', 'x62', 'x63', 'x64', 'x65', 'x66', 'x67', 'x68', 'x69', 'x70', 'x71', 'x72', 'x73', 'x74', 'x75', 'x76', 'x77', 'x78', 'x79', 'x80', 'x81', 'x82', 'x83', 'x84', 'x85', 'x86', 'x87', 'x88', 'x89', 'x90', 'x91', 'x92', 'x93', 'x94', 'x95', 'x96', 'x97', 'x98', 'x99', 'x100']","[0.7023820540789875, 0.7023820540789875, 0.021252973062964763, 0.021252973062964763, 0.021252973062964763, 0.021252973062964763, 0.021252973062964763, 0.021252973062964763, 0.021252973062964763, 0.021252973062964763, 0.021252973062964763, 0.021252973062964763, 0.021252973062964763, 0.021252973062964763, 0.021252973062964763, 0.021252973062964763, 0.021252973062964763, 0.021252973062964763, 0.021252973062964763, 0.021252973062964763, 0.021252973062964763, 0.021252973062964763, 0.021252973062964763, 0.021252973062964763, 0.021252973062964763, 0.021252973062964763, 0.021252973062964763, 0.021252973062964763, 0.021252973062964763, 0.021252973062964763, 0.021252973062964763, 0.021252973062964763, 0.021252973062964763, 0.021252973062964763, 0.021252973062964763, 0.021252973062964763, 0.021252973062964763, 0.021252973062964763, 0.021252973062964763, 0.021252973062964763, 0.021252973062964763, 0.021252973062964763, 0.021252973062964763, 0.021252973062964763, 0.021252973062964763, 0.021252973062964763, 0.021252973062964763, 0.021252973062964763, 0.021252973062964763, 0.021252973062964763, 0.021252973062964763, 0.021252973062964763, 0.021252973062964763, 0.021252973062964763, 0.021252973062964763, 0.021252973062964763, 0.021252973062964763, 0.021252973062964763, 0.021252973062964763, 0.021252973062964763, 0.021252973062964763, 0.021252973062964763, 0.021252973062964763, 0.021252973062964763, 0.021252973062964763, 0.021252973062964763, 0.021252973062964763, 0.021252973062964763, 0.021252973062964763, 0.021252973062964763, 0.021252973062964763, 0.021252973062964763, 0.021252973062964763, 0.021252973062964763, 0.021252973062964763, 0.021252973062964763, 0.021252973062964763, 0.021252973062964763, 0.021252973062964763, 0.021252973062964763, 0.021252973062964763, 0.021252973062964763, 0.021252973062964763, 0.021252973062964763, 0.021252973062964763, 0.021252973062964763, 0.021252973062964763, 0.021252973062964763, 0.021252973062964763, 0.021252973062964763, 0.021252973062964763, 0.021252973062964763, 0.021252973062964763, 0.021252973062964763, 0.021252973062964763, 0.021252973062964763, 0.021252973062964763, 0.021252973062964763, 0.021252973062964763, 0.021252973062964763, 0.021252973062964763]",EGB_XGB_GAM_BEST_FIT_BEST_FIT,synthetic_ordering100,0,5,42,150
"['offset', 'x1', 'x2', 'x3', 'x4', 'x5', 'x6', 'x7', 'x8', 'x9', 'x10', 'x11', 'x12', 'x13', 'x14', 'x15', 'x16', 'x17', 'x18', 'x19', 'x20', 'x21', 'x22', 'x23', 'x24', 'x25', 'x26', 'x27', 'x28', 'x29', 'x30', 'x31', 'x32', 'x33', 'x34', 'x35', 'x36', 'x37', 'x38', 'x39', 'x40', 'x41', 'x42', 'x43', 'x44', 'x45', 'x46', 'x47', 'x48', 'x49', 'x50', 'x51', 'x52', 'x53', 'x54', 'x55', 'x56', 'x57', 'x58', 'x59', 'x60', 'x61', 'x62', 'x63', 'x64', 'x65', 'x66', 'x67', 'x68', 'x69', 'x70', 'x71', 'x72', 'x73', 'x74', 'x75', 'x76', 'x77', 'x78', 'x79', 'x80', 'x81', 'x82', 'x83', 'x84', 'x85', 'x86', 'x87', 'x88', 'x89', 'x90', 'x91', 'x92', 'x93', 'x94', 'x95', 'x96', 'x97', 'x98', 'x99', 'x100']","[0.6993877926414314, 0.6993877926414314, 0.022468064030335067, 0.022468064030335067, 0.022468064030335067, 0.022468064030335067, 0.022468064030335067, 0.022468064030335067, 0.022468064030335067, 0.022468064030335067, 0.022468064030335067, 0.022468064030335067, 0.022468064030335067, 0.022468064030335067, 0.022468064030335067, 0.022468064030335067, 0.022468064030335067, 0.022468064030335067, 0.022468064030335067, 0.022468064030335067, 0.022468064030335067, 0.022468064030335067, 0.022468064030335067, 0.022468064030335067, 0.022468064030335067, 0.022468064030335067, 0.022468064030335067, 0.022468064030335067, 0.022468064030335067, 0.022468064030335067, 0.022468064030335067, 0.022468064030335067, 0.022468064030335067, 0.022468064030335067, 0.022468064030335067, 0.022468064030335067, 0.022468064030335067, 0.022468064030335067, 0.022468064030335067, 0.022468064030335067, 0.022468064030335067, 0.022468064030335067, 0.022468064030335067, 0.022468064030335067, 0.022468064030335067, 0.022468064030335067, 0.022468064030335067, 0.022468064030335067, 0.022468064030335067, 0.022468064030335067, 0.022468064030335067, 0.022468064030335067, 0.022468064030335067, 0.022468064030335067, 0.022468064030335067, 0.022468064030335067, 0.022468064030335067, 0.022468064030335067, 0.022468064030335067, 0.022468064030335067, 0.022468064030335067, 0.022468064030335067, 0.022468064030335067, 0.022468064030335067, 0.022468064030335067, 0.022468064030335067, 0.022468064030335067, 0.022468064030335067, 0.022468064030335067, 0.022468064030335067, 0.022468064030335067, 0.022468064030335067, 0.022468064030335067, 0.022468064030335067, 0.022468064030335067, 0.022468064030335067, 0.022468064030335067, 0.022468064030335067, 0.022468064030335067, 0.022468064030335067, 0.022468064030335067, 0.022468064030335067, 0.022468064030335067, 0.022468064030335067, 0.022468064030335067, 0.022468064030335067, 0.022468064030335067, 0.022468064030335067, 0.022468064030335067, 0.022468064030335067, 0.022468064030335067, 0.022468064030335067, 0.022468064030335067, 0.022468064030335067, 0.022468064030335067, 0.022468064030335067, 0.022468064030335067, 0.022468064030335067, 0.022468064030335067, 0.022468064030335067, 0.022468064030335067]",EGB_XGB_GAM_BEST_FIT_BEST_FIT,synthetic_ordering100,1,5,42,150
"['offset', 'x1', 'x2', 'x3', 'x4', 'x5', 'x6', 'x7', 'x8', 'x9', 'x10', 'x11', 'x12', 'x13', 'x14', 'x15', 'x16', 'x17', 'x18', 'x19', 'x20', 'x21', 'x22', 'x23', 'x24', 'x25', 'x26', 'x27', 'x28', 'x29', 'x30', 'x31', 'x32', 'x33', 'x34', 'x35', 'x36', 'x37', 'x38', 'x39', 'x40', 'x41', 'x42', 'x43', 'x44', 'x45', 'x46', 'x47', 'x48', 'x49', 'x50', 'x51', 'x52', 'x53', 'x54', 'x55', 'x56', 'x57', 'x58', 'x59', 'x60', 'x61', 'x62', 'x63', 'x64', 'x65', 'x66', 'x67', 'x68', 'x69', 'x70', 'x71', 'x72', 'x73', 'x74', 'x75', 'x76', 'x77', 'x78', 'x79', 'x80', 'x81', 'x82', 'x83', 'x84', 'x85', 'x86', 'x87', 'x88', 'x89', 'x90', 'x91', 'x92', 'x93', 'x94', 'x95', 'x96', 'x97', 'x98', 'x99', 'x100']","[0.7132502859334683, 0.7132502859334683, 0.02111011942759957, 0.02111011942759957, 0.02111011942759957, 0.02111011942759957, 0.02111011942759957, 0.02111011942759957, 0.02111011942759957, 0.02111011942759957, 0.02111011942759957, 0.02111011942759957, 0.02111011942759957, 0.02111011942759957, 0.02111011942759957, 0.02111011942759957, 0.02111011942759957, 0.02111011942759957, 0.02111011942759957, 0.02111011942759957, 0.02111011942759957, 0.02111011942759957, 0.02111011942759957, 0.02111011942759957, 0.02111011942759957, 0.02111011942759957, 0.02111011942759957, 0.02111011942759957, 0.02111011942759957, 0.02111011942759957, 0.02111011942759957, 0.02111011942759957, 0.02111011942759957, 0.02111011942759957, 0.02111011942759957, 0.02111011942759957, 0.02111011942759957, 0.02111011942759957, 0.02111011942759957, 0.02111011942759957, 0.02111011942759957, 0.02111011942759957, 0.02111011942759957, 0.02111011942759957, 0.02111011942759957, 0.02111011942759957, 0.02111011942759957, 0.02111011942759957, 0.02111011942759957, 0.02111011942759957, 0.02111011942759957, 0.02111011942759957, 0.02111011942759957, 0.02111011942759957, 0.02111011942759957, 0.02111011942759957, 0.02111011942759957, 0.02111011942759957, 0.02111011942759957, 0.02111011942759957, 0.02111011942759957, 0.02111011942759957, 0.02111011942759957, 0.02111011942759957, 0.02111011942759957, 0.02111011942759957, 0.02111011942759957, 0.02111011942759957, 0.02111011942759957, 0.02111011942759957, 0.02111011942759957, 0.02111011942759957, 0.02111011942759957, 0.02111011942759957, 0.02111011942759957, 0.02111011942759957, 0.02111011942759957, 0.02111011942759957, 0.02111011942759957, 0.02111011942759957, 0.02111011942759957, 0.02111011942759957, 0.02111011942759957, 0.02111011942759957, 0.02111011942759957, 0.02111011942759957, 0.02111011942759957, 0.02111011942759957, 0.02111011942759957, 0.02111011942759957, 0.02111011942759957, 0.02111011942759957, 0.02111011942759957, 0.02111011942759957, 0.02111011942759957, 0.02111011942759957, 0.02111011942759957, 0.02111011942759957, 0.02111011942759957, 0.02111011942759957, 0.02111011942759957]",EGB_XGB_GAM_BEST_FIT_BEST_FIT,synthetic_ordering100,2,5,42,150
"['offset', 'x1', 'x2', 'x3', 'x4', 'x5', 'x6', 'x7', 'x8', 'x9', 'x10', 'x11', 'x12', 'x13', 'x14', 'x15', 'x16', 'x17', 'x18', 'x19', 'x20', 'x21', 'x22', 'x23', 'x24', 'x25', 'x26', 'x27', 'x28', 'x29', 'x30', 'x31', 'x32', 'x33', 'x34', 'x35', 'x36', 'x37', 'x38', 'x39', 'x40', 'x41', 'x42', 'x43', 'x44', 'x45', 'x46', 'x47', 'x48', 'x49', 'x50', 'x51', 'x52', 'x53', 'x54', 'x55', 'x56', 'x57', 'x58', 'x59', 'x60', 'x61', 'x62', 'x63', 'x64', 'x65', 'x66', 'x67', 'x68', 'x69', 'x70', 'x71', 'x72', 'x73', 'x74', 'x75', 'x76', 'x77', 'x78', 'x79', 'x80', 'x81', 'x82', 'x83', 'x84', 'x85', 'x86', 'x87', 'x88', 'x89', 'x90', 'x91', 'x92', 'x93', 'x94', 'x95', 'x96', 'x97', 'x98', 'x99', 'x100']","[0.7174612742975268, 0.7174612742975268, 0.020950840332796483, 0.020950840332796483, 0.020950840332796483, 0.020950840332796483, 0.020950840332796483, 0.020950840332796483, 0.020950840332796483, 0.020950840332796483, 0.020950840332796483, 0.020950840332796483, 0.020950840332796483, 0.020950840332796483, 0.020950840332796483, 0.020950840332796483, 0.020950840332796483, 0.020950840332796483, 0.020950840332796483, 0.020950840332796483, 0.020950840332796483, 0.020950840332796483, 0.020950840332796483, 0.020950840332796483, 0.020950840332796483, 0.020950840332796483, 0.020950840332796483, 0.020950840332796483, 0.020950840332796483, 0.020950840332796483, 0.020950840332796483, 0.020950840332796483, 0.020950840332796483, 0.020950840332796483, 0.020950840332796483, 0.020950840332796483, 0.020950840332796483, 0.020950840332796483, 0.020950840332796483, 0.020950840332796483, 0.020950840332796483, 0.020950840332796483, 0.020950840332796483, 0.020950840332796483, 0.020950840332796483, 0.020950840332796483, 0.020950840332796483, 0.020950840332796483, 0.020950840332796483, 0.020950840332796483, 0.020950840332796483, 0.020950840332796483, 0.020950840332796483, 0.020950840332796483, 0.020950840332796483, 0.020950840332796483, 0.020950840332796483, 0.020950840332796483, 0.020950840332796483, 0.020950840332796483, 0.020950840332796483, 0.020950840332796483, 0.020950840332796483, 0.020950840332796483, 0.020950840332796483, 0.020950840332796483, 0.020950840332796483, 0.020950840332796483, 0.020950840332796483, 0.020950840332796483, 0.020950840332796483, 0.020950840332796483, 0.020950840332796483, 0.020950840332796483, 0.020950840332796483, 0.020950840332796483, 0.020950840332796483, 0.020950840332796483, 0.020950840332796483, 0.020950840332796483, 0.020950840332796483, 0.020950840332796483, 0.020950840332796483, 0.020950840332796483, 0.020950840332796483, 0.020950840332796483, 0.020950840332796483, 0.020950840332796483, 0.020950840332796483, 0.020950840332796483, 0.020950840332796483, 0.020950840332796483, 0.020950840332796483, 0.020950840332796483, 0.020950840332796483, 0.020950840332796483, 0.020950840332796483, 0.020950840332796483, 0.020950840332796483, 0.020950840332796483, 0.020950840332796483]",EGB_XGB_GAM_BEST_FIT_BEST_FIT,synthetic_ordering100,3,5,42,150
"['offset', 'x1', 'x2', 'x3', 'x4', 'x5', 'x6', 'x7', 'x8', 'x9', 'x10', 'x11', 'x12', 'x13', 'x14', 'x15', 'x16', 'x17', 'x18', 'x19', 'x20', 'x21', 'x22', 'x23', 'x24', 'x25', 'x26', 'x27', 'x28', 'x29', 'x30', 'x31', 'x32', 'x33', 'x34', 'x35', 'x36', 'x37', 'x38', 'x39', 'x40', 'x41', 'x42', 'x43', 'x44', 'x45', 'x46', 'x47', 'x48', 'x49', 'x50', 'x51', 'x52', 'x53', 'x54', 'x55', 'x56', 'x57', 'x58', 'x59', 'x60', 'x61', 'x62', 'x63', 'x64', 'x65', 'x66', 'x67', 'x68', 'x69', 'x70', 'x71', 'x72', 'x73', 'x74', 'x75', 'x76', 'x77', 'x78', 'x79', 'x80', 'x81', 'x82', 'x83', 'x84', 'x85', 'x86', 'x87', 'x88', 'x89', 'x90', 'x91', 'x92', 'x93', 'x94', 'x95', 'x96', 'x97', 'x98', 'x99', 'x100']","[0.7001086674469982, 0.7001086674469982, 0.019528496065512956, 0.019528496065512956, 0.019528496065512956, 0.019528496065512956, 0.019528496065512956, 0.019528496065512956, 0.019528496065512956, 0.019528496065512956, 0.019528496065512956, 0.019528496065512956, 0.019528496065512956, 0.019528496065512956, 0.019528496065512956, 0.019528496065512956, 0.019528496065512956, 0.019528496065512956, 0.019528496065512956, 0.019528496065512956, 0.019528496065512956, 0.019528496065512956, 0.019528496065512956, 0.019528496065512956, 0.019528496065512956, 0.019528496065512956, 0.019528496065512956, 0.019528496065512956, 0.019528496065512956, 0.019528496065512956, 0.019528496065512956, 0.019528496065512956, 0.019528496065512956, 0.019528496065512956, 0.019528496065512956, 0.019528496065512956, 0.019528496065512956, 0.019528496065512956, 0.019528496065512956, 0.019528496065512956, 0.019528496065512956, 0.019528496065512956, 0.019528496065512956, 0.019528496065512956, 0.019528496065512956, 0.019528496065512956, 0.019528496065512956, 0.019528496065512956, 0.019528496065512956, 0.019528496065512956, 0.019528496065512956, 0.019528496065512956, 0.019528496065512956, 0.019528496065512956, 0.019528496065512956, 0.019528496065512956, 0.019528496065512956, 0.019528496065512956, 0.019528496065512956, 0.019528496065512956, 0.019528496065512956, 0.019528496065512956, 0.019528496065512956, 0.019528496065512956, 0.019528496065512956, 0.019528496065512956, 0.019528496065512956, 0.019528496065512956, 0.019528496065512956, 0.019528496065512956, 0.019528496065512956, 0.019528496065512956, 0.019528496065512956, 0.019528496065512956, 0.019528496065512956, 0.019528496065512956, 0.019528496065512956, 0.019528496065512956, 0.019528496065512956, 0.019528496065512956, 0.019528496065512956, 0.019528496065512956, 0.019528496065512956, 0.019528496065512956, 0.019528496065512956, 0.019528496065512956, 0.019528496065512956, 0.019528496065512956, 0.019528496065512956, 0.019528496065512956, 0.019528496065512956, 0.019528496065512956, 0.019528496065512956, 0.019528496065512956, 0.019528496065512956, 0.019528496065512956, 0.019528496065512956, 0.019528496065512956, 0.019528496065512956, 0.019528496065512956, 0.019528496065512956]",EGB_XGB_GAM_BEST_FIT_BEST_FIT,synthetic_ordering100,4,5,42,150
"['offset', 'x1', 'x2', 'x3', 'x4', 'x5', 'x6', 'x7', 'x8', 'x9', 'x10', 'x11', 'x12', 'x13', 'x14', 'x15', 'x16', 'x17', 'x18', 'x19', 'x20', 'x21', 'x22', 'x23', 'x24', 'x25', 'x26', 'x27', 'x28', 'x29', 'x30', 'x31', 'x32', 'x33', 'x34', 'x35', 'x36', 'x37', 'x38', 'x39', 'x40', 'x41', 'x42', 'x43', 'x44', 'x45', 'x46', 'x47', 'x48', 'x49', 'x50', 'x51', 'x52', 'x53', 'x54', 'x55', 'x56', 'x57', 'x58', 'x59', 'x60', 'x61', 'x62', 'x63', 'x64', 'x65', 'x66', 'x67', 'x68', 'x69', 'x70', 'x71', 'x72', 'x73', 'x74', 'x75', 'x76', 'x77', 'x78', 'x79', 'x80', 'x81', 'x82', 'x83', 'x84', 'x85', 'x86', 'x87', 'x88', 'x89', 'x90', 'x91', 'x92', 'x93', 'x94', 'x95', 'x96', 'x97', 'x98', 'x99', 'x100', 'x101', 'x102', 'x103', 'x104', 'x105', 'x106', 'x107', 'x108', 'x109', 'x110', 'x111', 'x112', 'x113', 'x114', 'x115', 'x116', 'x117', 'x118', 'x119', 'x120', 'x121', 'x122', 'x123', 'x124', 'x125', 'x126', 'x127', 'x128', 'x129', 'x130', 'x131', 'x132', 'x133', 'x134', 'x135', 'x136', 'x137', 'x138', 'x139', 'x140', 'x141', 'x142', 'x143', 'x144', 'x145', 'x146', 'x147', 'x148', 'x149', 'x150', 'x151', 'x152', 'x153', 'x154', 'x155', 'x156', 'x157', 'x158', 'x159', 'x160', 'x161', 'x162', 'x163', 'x164', 'x165', 'x166', 'x167', 'x168', 'x169', 'x170', 'x171', 'x172', 'x173', 'x174', 'x175', 'x176', 'x177', 'x178', 'x179', 'x180', 'x181', 'x182', 'x183', 'x184', 'x185', 'x186', 'x187', 'x188', 'x189', 'x190', 'x191', 'x192', 'x193', 'x194', 'x195', 'x196', 'x197', 'x198', 'x199', 'x200', 'x201', 'x202', 'x203', 'x204', 'x205', 'x206', 'x207', 'x208', 'x209', 'x210', 'x211', 'x212', 'x213', 'x214', 'x215', 'x216', 'x217', 'x218', 'x219', 'x220', 'x221', 'x222', 'x223', 'x224', 'x225', 'x226', 'x227', 'x228', 'x229', 'x230', 'x231', 'x232', 'x233', 'x234', 'x235', 'x236', 'x237', 'x238', 'x239', 'x240', 'x241', 'x242', 'x243', 'x244', 'x245', 'x246', 'x247', 'x248', 'x249', 'x250', 'x251', 'x252', 'x253', 'x254', 'x255', 'x256', 'x257', 'x258', 'x259', 'x260', 'x261', 'x262', 'x263', 'x264', 'x265', 'x266', 'x267', 'x268', 'x269', 'x270', 'x271', 'x272', 'x273', 'x274', 'x275', 'x276', 'x277', 'x278', 'x279', 'x280', 'x281', 'x282', 'x283', 'x284', 'x285', 'x286', 'x287', 'x288', 'x289', 'x290', 'x291', 'x292', 'x293', 'x294', 'x295', 'x296', 'x297', 'x298', 'x299', 'x300', 'x301', 'x302', 'x303', 'x304', 'x305', 'x306', 'x307', 'x308', 'x309', 'x310', 'x311', 'x312', 'x313', 'x314', 'x315', 'x316', 'x317', 'x318', 'x319', 'x320', 'x321', 'x322', 'x323', 'x324', 'x325', 'x326', 'x327', 'x328', 'x329', 'x330', 'x331', 'x332', 'x333', 'x334', 'x335', 'x336', 'x337', 'x338', 'x339', 'x340', 'x341', 'x342', 'x343', 'x344', 'x345', 'x346', 'x347', 'x348', 'x349', 'x350', 'x351', 'x352', 'x353', 'x354', 'x355', 'x356', 'x357', 'x358', 'x359', 'x360', 'x361', 'x362', 'x363', 'x364', 'x365', 'x366', 'x367', 'x368', 'x369', 'x370', 'x371', 'x372', 'x373', 'x374', 'x375', 'x376', 'x377', 'x378', 'x379', 'x380', 'x381', 'x382', 'x383', 'x384', 'x385', 'x386', 'x387', 'x388', 'x389', 'x390', 'x391', 'x392', 'x393', 'x394', 'x395', 'x396', 'x397', 'x398', 'x399', 'x400', 'x401', 'x402', 'x403', 'x404', 'x405', 'x406', 'x407', 'x408', 'x409', 'x410', 'x411', 'x412', 'x413', 'x414', 'x415', 'x416', 'x417', 'x418', 'x419', 'x420', 'x421', 'x422', 'x423', 'x424', 'x425', 'x426', 'x427', 'x428', 'x429', 'x430', 'x431', 'x432', 'x433', 'x434', 'x435', 'x436', 'x437', 'x438', 'x439', 'x440', 'x441', 'x442', 'x443', 'x444', 'x445', 'x446', 'x447', 'x448', 'x449', 'x450', 'x451', 'x452', 'x453', 'x454', 'x455', 'x456', 'x457', 'x458', 'x459', 'x460', 'x461', 'x462', 'x463', 'x464', 'x465', 'x466', 'x467', 'x468', 'x469', 'x470', 'x471', 'x472', 'x473', 'x474', 'x475', 'x476', 'x477', 'x478', 'x479', 'x480', 'x481', 'x482', 'x483', 'x484', 'x485', 'x486', 'x487', 'x488', 'x489', 'x490', 'x491', 'x492', 'x493', 'x494', 'x495', 'x496', 'x497', 'x498', 'x499', 'x500', 'x501', 'x502', 'x503', 'x504', 'x505', 'x506', 'x507', 'x508', 'x509', 'x510', 'x511', 'x512', 'x513', 'x514', 'x515', 'x516', 'x517', 'x518', 'x519', 'x520', 'x521', 'x522', 'x523', 'x524', 'x525', 'x526', 'x527', 'x528', 'x529', 'x530', 'x531', 'x532', 'x533', 'x534', 'x535', 'x536', 'x537', 'x538', 'x539', 'x540', 'x541', 'x542', 'x543', 'x544', 'x545', 'x546', 'x547', 'x548', 'x549', 'x550', 'x551', 'x552', 'x553', 'x554', 'x555', 'x556', 'x557', 'x558', 'x559', 'x560', 'x561', 'x562', 'x563', 'x564', 'x565', 'x566', 'x567', 'x568', 'x569', 'x570', 'x571', 'x572', 'x573', 'x574', 'x575', 'x576', 'x577', 'x578', 'x579', 'x580', 'x581', 'x582', 'x583', 'x584', 'x585', 'x586', 'x587', 'x588', 'x589', 'x590', 'x591', 'x592', 'x593', 'x594', 'x595', 'x596', 'x597', 'x598', 'x599', 'x600', 'x601', 'x602', 'x603', 'x604', 'x605', 'x606', 'x607', 'x608', 'x609', 'x610', 'x611', 'x612', 'x613', 'x614', 'x615', 'x616', 'x617', 'x618', 'x619', 'x620', 'x621', 'x622', 'x623', 'x624', 'x625', 'x626', 'x627', 'x628', 'x629', 'x630', 'x631', 'x632', 'x633', 'x634', 'x635', 'x636', 'x637', 'x638', 'x639', 'x640', 'x641', 'x642', 'x643', 'x644', 'x645', 'x646', 'x647', 'x648', 'x649', 'x650', 'x651', 'x652', 'x653', 'x654', 'x655', 'x656', 'x657', 'x658', 'x659', 'x660', 'x661', 'x662', 'x663', 'x664', 'x665', 'x666', 'x667', 'x668', 'x669', 'x670', 'x671', 'x672', 'x673', 'x674', 'x675', 'x676', 'x677', 'x678', 'x679', 'x680', 'x681', 'x682', 'x683', 'x684', 'x685', 'x686', 'x687', 'x688', 'x689', 'x690', 'x691', 'x692', 'x693', 'x694', 'x695', 'x696', 'x697', 'x698', 'x699', 'x700', 'x701', 'x702', 'x703', 'x704', 'x705', 'x706', 'x707', 'x708', 'x709', 'x710', 'x711', 'x712', 'x713', 'x714', 'x715', 'x716', 'x717', 'x718', 'x719', 'x720', 'x721', 'x722', 'x723', 'x724', 'x725', 'x726', 'x727', 'x728', 'x729', 'x730', 'x731', 'x732', 'x733', 'x734', 'x735', 'x736', 'x737', 'x738', 'x739', 'x740', 'x741', 'x742', 'x743', 'x744', 'x745', 'x746', 'x747', 'x748', 'x749', 'x750', 'x751', 'x752', 'x753', 'x754', 'x755', 'x756', 'x757', 'x758', 'x759', 'x760', 'x761', 'x762', 'x763', 'x764', 'x765', 'x766', 'x767', 'x768', 'x769', 'x770', 'x771', 'x772', 'x773', 'x774', 'x775', 'x776', 'x777', 'x778', 'x779', 'x780', 'x781', 'x782', 'x783', 'x784', 'x785', 'x786', 'x787', 'x788', 'x789', 'x790', 'x791', 'x792', 'x793', 'x794', 'x795', 'x796', 'x797', 'x798', 'x799', 'x800', 'x801', 'x802', 'x803', 'x804', 'x805', 'x806', 'x807', 'x808', 'x809', 'x810', 'x811', 'x812', 'x813', 'x814', 'x815', 'x816', 'x817', 'x818', 'x819', 'x820', 'x821', 'x822', 'x823', 'x824', 'x825', 'x826', 'x827', 'x828', 'x829', 'x830', 'x831', 'x832', 'x833', 'x834', 'x835', 'x836', 'x837', 'x838', 'x839', 'x840', 'x841', 'x842', 'x843', 'x844', 'x845', 'x846', 'x847', 'x848', 'x849', 'x850', 'x851', 'x852', 'x853', 'x854', 'x855', 'x856', 'x857', 'x858', 'x859', 'x860', 'x861', 'x862', 'x863', 'x864', 'x865', 'x866', 'x867', 'x868', 'x869', 'x870', 'x871', 'x872', 'x873', 'x874', 'x875', 'x876', 'x877', 'x878', 'x879', 'x880', 'x881', 'x882', 'x883', 'x884', 'x885', 'x886', 'x887', 'x888', 'x889', 'x890', 'x891', 'x892', 'x893', 'x894', 'x895', 'x896', 'x897', 'x898', 'x899', 'x900', 'x901', 'x902', 'x903', 'x904', 'x905', 'x906', 'x907', 'x908', 'x909', 'x910', 'x911', 'x912', 'x913', 'x914', 'x915', 'x916', 'x917', 'x918', 'x919', 'x920', 'x921', 'x922', 'x923', 'x924', 'x925', 'x926', 'x927', 'x928', 'x929', 'x930', 'x931', 'x932', 'x933', 'x934', 'x935', 'x936', 'x937', 'x938', 'x939', 'x940', 'x941', 'x942', 'x943', 'x944', 'x945', 'x946', 'x947', 'x948', 'x949', 'x950', 'x951', 'x952', 'x953', 'x954', 'x955', 'x956', 'x957', 'x958', 'x959', 'x960', 'x961', 'x962', 'x963', 'x964', 'x965', 'x966', 'x967', 'x968', 'x969', 'x970', 'x971', 'x972', 'x973', 'x974', 'x975', 'x976', 'x977', 'x978', 'x979', 'x980', 'x981', 'x982', 'x983', 'x984', 'x985', 'x986', 'x987', 'x988', 'x989', 'x990', 'x991', 'x992', 'x993', 'x994', 'x995', 'x996', 'x997', 'x998', 'x999', 'x1000']","[0.7023820540789875, 0.7023820540789875, 0.021252973062964763, 0.021252973062964763, 0.021252973062964763, 0.021252973062964763, 0.021252973062964763, 0.021252973062964763, 0.021252973062964763, 0.021252973062964763, 0.021252973062964763, 0.021252973062964763, 0.021252973062964763, 0.021252973062964763, 0.021252973062964763, 0.021252973062964763, 0.021252973062964763, 0.021252973062964763, 0.021252973062964763, 0.021252973062964763, 0.021252973062964763, 0.021252973062964763, 0.021252973062964763, 0.021252973062964763, 0.021252973062964763, 0.021252973062964763, 0.021252973062964763, 0.021252973062964763, 0.021252973062964763, 0.021252973062964763, 0.021252973062964763, 0.021252973062964763, 0.021252973062964763, 0.021252973062964763, 0.021252973062964763, 0.021252973062964763, 0.021252973062964763, 0.021252973062964763, 0.021252973062964763, 0.021252973062964763, 0.021252973062964763, 0.021252973062964763, 0.021252973062964763, 0.021252973062964763, 0.021252973062964763, 0.021252973062964763, 0.021252973062964763, 0.021252973062964763, 0.021252973062964763, 0.021252973062964763, 0.021252973062964763, 0.021252973062964763, 0.021252973062964763, 0.021252973062964763, 0.021252973062964763, 0.021252973062964763, 0.021252973062964763, 0.021252973062964763, 0.021252973062964763, 0.021252973062964763, 0.021252973062964763, 0.021252973062964763, 0.021252973062964763, 0.021252973062964763, 0.021252973062964763, 0.021252973062964763, 0.021252973062964763, 0.021252973062964763, 0.021252973062964763, 0.021252973062964763, 0.021252973062964763, 0.021252973062964763, 0.021252973062964763, 0.021252973062964763, 0.021252973062964763, 0.021252973062964763, 0.021252973062964763, 0.021252973062964763, 0.021252973062964763, 0.021252973062964763, 0.021252973062964763, 0.021252973062964763, 0.021252973062964763, 0.021252973062964763, 0.021252973062964763, 0.021252973062964763, 0.021252973062964763, 0.021252973062964763, 0.021252973062964763, 0.021252973062964763, 0.021252973062964763, 0.021252973062964763, 0.021252973062964763, 0.021252973062964763, 0.021252973062964763, 0.021252973062964763, 0.021252973062964763, 0.021252973062964763, 0.021252973062964763, 0.021252973062964763, 0.021252973062964763, 0.021252973062964763, 0.021252973062964763, 0.021252973062964763, 0.021252973062964763, 0.021252973062964763, 0.021252973062964763, 0.021252973062964763, 0.021252973062964763, 0.021252973062964763, 0.021252973062964763, 0.021252973062964763, 0.021252973062964763, 0.021252973062964763, 0.021252973062964763, 0.021252973062964763, 0.021252973062964763, 0.021252973062964763, 0.021252973062964763, 0.021252973062964763, 0.021252973062964763, 0.021252973062964763, 0.021252973062964763, 0.021252973062964763, 0.021252973062964763, 0.021252973062964763, 0.021252973062964763, 0.021252973062964763, 0.021252973062964763, 0.021252973062964763, 0.021252973062964763, 0.021252973062964763, 0.021252973062964763, 0.021252973062964763, 0.021252973062964763, 0.021252973062964763, 0.021252973062964763, 0.021252973062964763, 0.021252973062964763, 0.021252973062964763, 0.021252973062964763, 0.021252973062964763, 0.021252973062964763, 0.021252973062964763, 0.021252973062964763, 0.021252973062964763, 0.021252973062964763, 0.021252973062964763, 0.021252973062964763, 0.021252973062964763, 0.021252973062964763, 0.021252973062964763, 0.021252973062964763, 0.021252973062964763, 0.021252973062964763, 0.021252973062964763, 0.021252973062964763, 0.021252973062964763, 0.021252973062964763, 0.021252973062964763, 0.021252973062964763, 0.021252973062964763, 0.021252973062964763, 0.021252973062964763, 0.021252973062964763, 0.021252973062964763, 0.021252973062964763, 0.021252973062964763, 0.021252973062964763, 0.021252973062964763, 0.021252973062964763, 0.021252973062964763, 0.021252973062964763, 0.021252973062964763, 0.021252973062964763, 0.021252973062964763, 0.021252973062964763, 0.021252973062964763, 0.021252973062964763, 0.021252973062964763, 0.021252973062964763, 0.021252973062964763, 0.021252973062964763, 0.021252973062964763, 0.021252973062964763, 0.021252973062964763, 0.021252973062964763, 0.021252973062964763, 0.021252973062964763, 0.021252973062964763, 0.021252973062964763, 0.021252973062964763, 0.021252973062964763, 0.021252973062964763, 0.021252973062964763, 0.021252973062964763, 0.021252973062964763, 0.021252973062964763, 0.021252973062964763, 0.021252973062964763, 0.021252973062964763, 0.021252973062964763, 0.021252973062964763, 0.021252973062964763, 0.021252973062964763, 0.021252973062964763, 0.021252973062964763, 0.021252973062964763, 0.021252973062964763, 0.021252973062964763, 0.021252973062964763, 0.021252973062964763, 0.021252973062964763, 0.021252973062964763, 0.021252973062964763, 0.021252973062964763, 0.021252973062964763, 0.021252973062964763, 0.021252973062964763, 0.021252973062964763, 0.021252973062964763, 0.021252973062964763, 0.021252973062964763, 0.021252973062964763, 0.021252973062964763, 0.021252973062964763, 0.021252973062964763, 0.021252973062964763, 0.021252973062964763, 0.021252973062964763, 0.021252973062964763, 0.021252973062964763, 0.021252973062964763, 0.021252973062964763, 0.021252973062964763, 0.021252973062964763, 0.021252973062964763, 0.021252973062964763, 0.021252973062964763, 0.021252973062964763, 0.021252973062964763, 0.021252973062964763, 0.021252973062964763, 0.021252973062964763, 0.021252973062964763, 0.021252973062964763, 0.021252973062964763, 0.021252973062964763, 0.021252973062964763, 0.021252973062964763, 0.021252973062964763, 0.021252973062964763, 0.021252973062964763, 0.021252973062964763, 0.021252973062964763, 0.021252973062964763, 0.021252973062964763, 0.021252973062964763, 0.021252973062964763, 0.021252973062964763, 0.021252973062964763, 0.021252973062964763, 0.021252973062964763, 0.021252973062964763, 0.021252973062964763, 0.021252973062964763, 0.021252973062964763, 0.021252973062964763, 0.021252973062964763, 0.021252973062964763, 0.021252973062964763, 0.021252973062964763, 0.021252973062964763, 0.021252973062964763, 0.021252973062964763, 0.021252973062964763, 0.021252973062964763, 0.021252973062964763, 0.021252973062964763, 0.021252973062964763, 0.021252973062964763, 0.021252973062964763, 0.021252973062964763, 0.021252973062964763, 0.021252973062964763, 0.021252973062964763, 0.021252973062964763, 0.021252973062964763, 0.021252973062964763, 0.021252973062964763, 0.021252973062964763, 0.021252973062964763, 0.021252973062964763, 0.021252973062964763, 0.021252973062964763, 0.021252973062964763, 0.021252973062964763, 0.021252973062964763, 0.021252973062964763, 0.021252973062964763, 0.021252973062964763, 0.021252973062964763, 0.021252973062964763, 0.021252973062964763, 0.021252973062964763, 0.021252973062964763, 0.021252973062964763, 0.021252973062964763, 0.021252973062964763, 0.021252973062964763, 0.021252973062964763, 0.021252973062964763, 0.021252973062964763, 0.021252973062964763, 0.021252973062964763, 0.021252973062964763, 0.021252973062964763, 0.021252973062964763, 0.021252973062964763, 0.021252973062964763, 0.021252973062964763, 0.021252973062964763, 0.021252973062964763, 0.021252973062964763, 0.021252973062964763, 0.021252973062964763, 0.021252973062964763, 0.021252973062964763, 0.021252973062964763, 0.021252973062964763, 0.021252973062964763, 0.021252973062964763, 0.021252973062964763, 0.021252973062964763, 0.021252973062964763, 0.021252973062964763, 0.021252973062964763, 0.021252973062964763, 0.021252973062964763, 0.021252973062964763, 0.021252973062964763, 0.021252973062964763, 0.021252973062964763, 0.021252973062964763, 0.021252973062964763, 0.021252973062964763, 0.021252973062964763, 0.021252973062964763, 0.021252973062964763, 0.021252973062964763, 0.021252973062964763, 0.021252973062964763, 0.021252973062964763, 0.021252973062964763, 0.021252973062964763, 0.021252973062964763, 0.021252973062964763, 0.021252973062964763, 0.021252973062964763, 0.021252973062964763, 0.021252973062964763, 0.021252973062964763, 0.021252973062964763, 0.021252973062964763, 0.021252973062964763, 0.021252973062964763, 0.021252973062964763, 0.021252973062964763, 0.021252973062964763, 0.021252973062964763, 0.021252973062964763, 0.021252973062964763, 0.021252973062964763, 0.021252973062964763, 0.021252973062964763, 0.021252973062964763, 0.021252973062964763, 0.021252973062964763, 0.021252973062964763, 0.021252973062964763, 0.021252973062964763, 0.021252973062964763, 0.021252973062964763, 0.021252973062964763, 0.021252973062964763, 0.021252973062964763, 0.021252973062964763, 0.021252973062964763, 0.021252973062964763, 0.021252973062964763, 0.021252973062964763, 0.021252973062964763, 0.021252973062964763, 0.021252973062964763, 0.021252973062964763, 0.021252973062964763, 0.021252973062964763, 0.021252973062964763, 0.021252973062964763, 0.021252973062964763, 0.021252973062964763, 0.021252973062964763, 0.021252973062964763, 0.021252973062964763, 0.021252973062964763, 0.021252973062964763, 0.021252973062964763, 0.021252973062964763, 0.021252973062964763, 0.021252973062964763, 0.021252973062964763, 0.021252973062964763, 0.021252973062964763, 0.021252973062964763, 0.021252973062964763, 0.021252973062964763, 0.021252973062964763, 0.021252973062964763, 0.021252973062964763, 0.021252973062964763, 0.021252973062964763, 0.021252973062964763, 0.021252973062964763, 0.021252973062964763, 0.021252973062964763, 0.021252973062964763, 0.021252973062964763, 0.021252973062964763, 0.021252973062964763, 0.021252973062964763, 0.021252973062964763, 0.021252973062964763, 0.021252973062964763, 0.021252973062964763, 0.021252973062964763, 0.021252973062964763, 0.021252973062964763, 0.021252973062964763, 0.021252973062964763, 0.021252973062964763, 0.021252973062964763, 0.021252973062964763, 0.021252973062964763, 0.021252973062964763, 0.021252973062964763, 0.021252973062964763, 0.021252973062964763, 0.021252973062964763, 0.021252973062964763, 0.021252973062964763, 0.021252973062964763, 0.021252973062964763, 0.021252973062964763, 0.021252973062964763, 0.021252973062964763, 0.021252973062964763, 0.021252973062964763, 0.021252973062964763, 0.021252973062964763, 0.021252973062964763, 0.021252973062964763, 0.021252973062964763, 0.021252973062964763, 0.021252973062964763, 0.021252973062964763, 0.021252973062964763, 0.021252973062964763, 0.021252973062964763, 0.021252973062964763, 0.021252973062964763, 0.021252973062964763, 0.021252973062964763, 0.021252973062964763, 0.021252973062964763, 0.021252973062964763, 0.021252973062964763, 0.021252973062964763, 0.021252973062964763, 0.021252973062964763, 0.021252973062964763, 0.021252973062964763, 0.021252973062964763, 0.021252973062964763, 0.021252973062964763, 0.021252973062964763, 0.021252973062964763, 0.021252973062964763, 0.021252973062964763, 0.021252973062964763, 0.021252973062964763, 0.021252973062964763, 0.021252973062964763, 0.021252973062964763, 0.021252973062964763, 0.021252973062964763, 0.021252973062964763, 0.021252973062964763, 0.021252973062964763, 0.021252973062964763, 0.021252973062964763, 0.021252973062964763, 0.021252973062964763, 0.021252973062964763, 0.021252973062964763, 0.021252973062964763, 0.021252973062964763, 0.021252973062964763, 0.021252973062964763, 0.021252973062964763, 0.021252973062964763, 0.021252973062964763, 0.021252973062964763, 0.021252973062964763, 0.021252973062964763, 0.021252973062964763, 0.021252973062964763, 0.021252973062964763, 0.021252973062964763, 0.021252973062964763, 0.021252973062964763, 0.021252973062964763, 0.021252973062964763, 0.021252973062964763, 0.021252973062964763, 0.021252973062964763, 0.021252973062964763, 0.021252973062964763, 0.021252973062964763, 0.021252973062964763, 0.021252973062964763, 0.021252973062964763, 0.021252973062964763, 0.021252973062964763, 0.021252973062964763, 0.021252973062964763, 0.021252973062964763, 0.021252973062964763, 0.021252973062964763, 0.021252973062964763, 0.021252973062964763, 0.021252973062964763, 0.021252973062964763, 0.021252973062964763, 0.021252973062964763, 0.021252973062964763, 0.021252973062964763, 0.021252973062964763, 0.021252973062964763, 0.021252973062964763, 0.021252973062964763, 0.021252973062964763, 0.021252973062964763, 0.021252973062964763, 0.021252973062964763, 0.021252973062964763, 0.021252973062964763, 0.021252973062964763, 0.021252973062964763, 0.021252973062964763, 0.021252973062964763, 0.021252973062964763, 0.021252973062964763, 0.021252973062964763, 0.021252973062964763, 0.021252973062964763, 0.021252973062964763, 0.021252973062964763, 0.021252973062964763, 0.021252973062964763, 0.021252973062964763, 0.021252973062964763, 0.021252973062964763, 0.021252973062964763, 0.021252973062964763, 0.021252973062964763, 0.021252973062964763, 0.021252973062964763, 0.021252973062964763, 0.021252973062964763, 0.021252973062964763, 0.021252973062964763, 0.021252973062964763, 0.021252973062964763, 0.021252973062964763, 0.021252973062964763, 0.021252973062964763, 0.021252973062964763, 0.021252973062964763, 0.021252973062964763, 0.021252973062964763, 0.021252973062964763, 0.021252973062964763, 0.021252973062964763, 0.021252973062964763, 0.021252973062964763, 0.021252973062964763, 0.021252973062964763, 0.021252973062964763, 0.021252973062964763, 0.021252973062964763, 0.021252973062964763, 0.021252973062964763, 0.021252973062964763, 0.021252973062964763, 0.021252973062964763, 0.021252973062964763, 0.021252973062964763, 0.021252973062964763, 0.021252973062964763, 0.021252973062964763, 0.021252973062964763, 0.021252973062964763, 0.021252973062964763, 0.021252973062964763, 0.021252973062964763, 0.021252973062964763, 0.021252973062964763, 0.021252973062964763, 0.021252973062964763, 0.021252973062964763, 0.021252973062964763, 0.021252973062964763, 0.021252973062964763, 0.021252973062964763, 0.021252973062964763, 0.021252973062964763, 0.021252973062964763, 0.021252973062964763, 0.021252973062964763, 0.021252973062964763, 0.021252973062964763, 0.021252973062964763, 0.021252973062964763, 0.021252973062964763, 0.021252973062964763, 0.021252973062964763, 0.021252973062964763, 0.021252973062964763, 0.021252973062964763, 0.021252973062964763, 0.021252973062964763, 0.021252973062964763, 0.021252973062964763, 0.021252973062964763, 0.021252973062964763, 0.021252973062964763, 0.021252973062964763, 0.021252973062964763, 0.021252973062964763, 0.021252973062964763, 0.021252973062964763, 0.021252973062964763, 0.021252973062964763, 0.021252973062964763, 0.021252973062964763, 0.021252973062964763, 0.021252973062964763, 0.021252973062964763, 0.021252973062964763, 0.021252973062964763, 0.021252973062964763, 0.021252973062964763, 0.021252973062964763, 0.021252973062964763, 0.021252973062964763, 0.021252973062964763, 0.021252973062964763, 0.021252973062964763, 0.021252973062964763, 0.021252973062964763, 0.021252973062964763, 0.021252973062964763, 0.021252973062964763, 0.021252973062964763, 0.021252973062964763, 0.021252973062964763, 0.021252973062964763, 0.021252973062964763, 0.021252973062964763, 0.021252973062964763, 0.021252973062964763, 0.021252973062964763, 0.021252973062964763, 0.021252973062964763, 0.021252973062964763, 0.021252973062964763, 0.021252973062964763, 0.021252973062964763, 0.021252973062964763, 0.021252973062964763, 0.021252973062964763, 0.021252973062964763, 0.021252973062964763, 0.021252973062964763, 0.021252973062964763, 0.021252973062964763, 0.021252973062964763, 0.021252973062964763, 0.021252973062964763, 0.021252973062964763, 0.021252973062964763, 0.021252973062964763, 0.021252973062964763, 0.021252973062964763, 0.021252973062964763, 0.021252973062964763, 0.021252973062964763, 0.021252973062964763, 0.021252973062964763, 0.021252973062964763, 0.021252973062964763, 0.021252973062964763, 0.021252973062964763, 0.021252973062964763, 0.021252973062964763, 0.021252973062964763, 0.021252973062964763, 0.021252973062964763, 0.021252973062964763, 0.021252973062964763, 0.021252973062964763, 0.021252973062964763, 0.021252973062964763, 0.021252973062964763, 0.021252973062964763, 0.021252973062964763, 0.021252973062964763, 0.021252973062964763, 0.021252973062964763, 0.021252973062964763, 0.021252973062964763, 0.021252973062964763, 0.021252973062964763, 0.021252973062964763, 0.021252973062964763, 0.021252973062964763, 0.021252973062964763, 0.021252973062964763, 0.021252973062964763, 0.021252973062964763, 0.021252973062964763, 0.021252973062964763, 0.021252973062964763, 0.021252973062964763, 0.021252973062964763, 0.021252973062964763, 0.021252973062964763, 0.021252973062964763, 0.021252973062964763, 0.021252973062964763, 0.021252973062964763, 0.021252973062964763, 0.021252973062964763, 0.021252973062964763, 0.021252973062964763, 0.021252973062964763, 0.021252973062964763, 0.021252973062964763, 0.021252973062964763, 0.021252973062964763, 0.021252973062964763, 0.021252973062964763, 0.021252973062964763, 0.021252973062964763, 0.021252973062964763, 0.021252973062964763, 0.021252973062964763, 0.021252973062964763, 0.021252973062964763, 0.021252973062964763, 0.021252973062964763, 0.021252973062964763, 0.021252973062964763, 0.021252973062964763, 0.021252973062964763, 0.021252973062964763, 0.021252973062964763, 0.021252973062964763, 0.021252973062964763, 0.021252973062964763, 0.021252973062964763, 0.021252973062964763, 0.021252973062964763, 0.021252973062964763, 0.021252973062964763, 0.021252973062964763, 0.021252973062964763, 0.021252973062964763, 0.021252973062964763, 0.021252973062964763, 0.021252973062964763, 0.021252973062964763, 0.021252973062964763, 0.021252973062964763, 0.021252973062964763, 0.021252973062964763, 0.021252973062964763, 0.021252973062964763, 0.021252973062964763, 0.021252973062964763, 0.021252973062964763, 0.021252973062964763, 0.021252973062964763, 0.021252973062964763, 0.021252973062964763, 0.021252973062964763, 0.021252973062964763, 0.021252973062964763, 0.021252973062964763, 0.021252973062964763, 0.021252973062964763, 0.021252973062964763, 0.021252973062964763, 0.021252973062964763, 0.021252973062964763, 0.021252973062964763, 0.021252973062964763, 0.021252973062964763, 0.021252973062964763, 0.021252973062964763, 0.021252973062964763, 0.021252973062964763, 0.021252973062964763, 0.021252973062964763, 0.021252973062964763, 0.021252973062964763, 0.021252973062964763, 0.021252973062964763, 0.021252973062964763, 0.021252973062964763, 0.021252973062964763, 0.021252973062964763, 0.021252973062964763, 0.021252973062964763, 0.021252973062964763, 0.021252973062964763, 0.021252973062964763, 0.021252973062964763, 0.021252973062964763, 0.021252973062964763, 0.021252973062964763, 0.021252973062964763, 0.021252973062964763, 0.021252973062964763, 0.021252973062964763, 0.021252973062964763, 0.021252973062964763, 0.021252973062964763, 0.021252973062964763, 0.021252973062964763, 0.021252973062964763, 0.021252973062964763, 0.021252973062964763, 0.021252973062964763, 0.021252973062964763, 0.021252973062964763, 0.021252973062964763, 0.021252973062964763, 0.021252973062964763, 0.021252973062964763, 0.021252973062964763, 0.021252973062964763, 0.021252973062964763, 0.021252973062964763, 0.021252973062964763, 0.021252973062964763, 0.021252973062964763, 0.021252973062964763, 0.021252973062964763, 0.021252973062964763, 0.021252973062964763, 0.021252973062964763, 0.021252973062964763, 0.021252973062964763, 0.021252973062964763, 0.021252973062964763, 0.021252973062964763, 0.021252973062964763, 0.021252973062964763, 0.021252973062964763, 0.021252973062964763, 0.021252973062964763, 0.021252973062964763, 0.021252973062964763, 0.021252973062964763, 0.021252973062964763, 0.021252973062964763, 0.021252973062964763, 0.021252973062964763, 0.021252973062964763, 0.021252973062964763, 0.021252973062964763, 0.021252973062964763, 0.021252973062964763, 0.021252973062964763, 0.021252973062964763, 0.021252973062964763, 0.021252973062964763, 0.021252973062964763, 0.021252973062964763, 0.021252973062964763, 0.021252973062964763, 0.021252973062964763, 0.021252973062964763, 0.021252973062964763, 0.021252973062964763, 0.021252973062964763, 0.021252973062964763, 0.021252973062964763, 0.021252973062964763, 0.021252973062964763, 0.021252973062964763, 0.021252973062964763, 0.021252973062964763, 0.021252973062964763, 0.021252973062964763, 0.021252973062964763, 0.021252973062964763, 0.021252973062964763, 0.021252973062964763, 0.021252973062964763, 0.021252973062964763, 0.021252973062964763, 0.021252973062964763, 0.021252973062964763, 0.021252973062964763, 0.021252973062964763, 0.021252973062964763, 0.021252973062964763, 0.021252973062964763, 0.021252973062964763, 0.021252973062964763, 0.021252973062964763, 0.021252973062964763, 0.021252973062964763, 0.021252973062964763, 0.021252973062964763, 0.021252973062964763, 0.021252973062964763, 0.021252973062964763, 0.021252973062964763, 0.021252973062964763, 0.021252973062964763, 0.021252973062964763, 0.021252973062964763, 0.021252973062964763, 0.021252973062964763, 0.021252973062964763, 0.021252973062964763, 0.021252973062964763, 0.021252973062964763, 0.021252973062964763, 0.021252973062964763, 0.021252973062964763, 0.021252973062964763, 0.021252973062964763, 0.021252973062964763, 0.021252973062964763, 0.021252973062964763, 0.021252973062964763, 0.021252973062964763, 0.021252973062964763, 0.021252973062964763, 0.021252973062964763, 0.021252973062964763, 0.021252973062964763, 0.021252973062964763, 0.021252973062964763, 0.021252973062964763, 0.021252973062964763, 0.021252973062964763, 0.021252973062964763, 0.021252973062964763, 0.021252973062964763, 0.021252973062964763, 0.021252973062964763, 0.021252973062964763, 0.021252973062964763, 0.021252973062964763, 0.021252973062964763, 0.021252973062964763, 0.021252973062964763, 0.021252973062964763, 0.021252973062964763, 0.021252973062964763, 0.021252973062964763, 0.021252973062964763, 0.021252973062964763, 0.021252973062964763, 0.021252973062964763, 0.021252973062964763, 0.021252973062964763, 0.021252973062964763, 0.021252973062964763, 0.021252973062964763, 0.021252973062964763, 0.021252973062964763, 0.021252973062964763, 0.021252973062964763, 0.021252973062964763, 0.021252973062964763]",EGB_XGB_GAM_BEST_FIT_BEST_FIT,synthetic_ordering1000,0,5,42,150
"['offset', 'x1', 'x2', 'x3', 'x4', 'x5', 'x6', 'x7', 'x8', 'x9', 'x10', 'x11', 'x12', 'x13', 'x14', 'x15', 'x16', 'x17', 'x18', 'x19', 'x20', 'x21', 'x22', 'x23', 'x24', 'x25', 'x26', 'x27', 'x28', 'x29', 'x30', 'x31', 'x32', 'x33', 'x34', 'x35', 'x36', 'x37', 'x38', 'x39', 'x40', 'x41', 'x42', 'x43', 'x44', 'x45', 'x46', 'x47', 'x48', 'x49', 'x50', 'x51', 'x52', 'x53', 'x54', 'x55', 'x56', 'x57', 'x58', 'x59', 'x60', 'x61', 'x62', 'x63', 'x64', 'x65', 'x66', 'x67', 'x68', 'x69', 'x70', 'x71', 'x72', 'x73', 'x74', 'x75', 'x76', 'x77', 'x78', 'x79', 'x80', 'x81', 'x82', 'x83', 'x84', 'x85', 'x86', 'x87', 'x88', 'x89', 'x90', 'x91', 'x92', 'x93', 'x94', 'x95', 'x96', 'x97', 'x98', 'x99', 'x100', 'x101', 'x102', 'x103', 'x104', 'x105', 'x106', 'x107', 'x108', 'x109', 'x110', 'x111', 'x112', 'x113', 'x114', 'x115', 'x116', 'x117', 'x118', 'x119', 'x120', 'x121', 'x122', 'x123', 'x124', 'x125', 'x126', 'x127', 'x128', 'x129', 'x130', 'x131', 'x132', 'x133', 'x134', 'x135', 'x136', 'x137', 'x138', 'x139', 'x140', 'x141', 'x142', 'x143', 'x144', 'x145', 'x146', 'x147', 'x148', 'x149', 'x150', 'x151', 'x152', 'x153', 'x154', 'x155', 'x156', 'x157', 'x158', 'x159', 'x160', 'x161', 'x162', 'x163', 'x164', 'x165', 'x166', 'x167', 'x168', 'x169', 'x170', 'x171', 'x172', 'x173', 'x174', 'x175', 'x176', 'x177', 'x178', 'x179', 'x180', 'x181', 'x182', 'x183', 'x184', 'x185', 'x186', 'x187', 'x188', 'x189', 'x190', 'x191', 'x192', 'x193', 'x194', 'x195', 'x196', 'x197', 'x198', 'x199', 'x200', 'x201', 'x202', 'x203', 'x204', 'x205', 'x206', 'x207', 'x208', 'x209', 'x210', 'x211', 'x212', 'x213', 'x214', 'x215', 'x216', 'x217', 'x218', 'x219', 'x220', 'x221', 'x222', 'x223', 'x224', 'x225', 'x226', 'x227', 'x228', 'x229', 'x230', 'x231', 'x232', 'x233', 'x234', 'x235', 'x236', 'x237', 'x238', 'x239', 'x240', 'x241', 'x242', 'x243', 'x244', 'x245', 'x246', 'x247', 'x248', 'x249', 'x250', 'x251', 'x252', 'x253', 'x254', 'x255', 'x256', 'x257', 'x258', 'x259', 'x260', 'x261', 'x262', 'x263', 'x264', 'x265', 'x266', 'x267', 'x268', 'x269', 'x270', 'x271', 'x272', 'x273', 'x274', 'x275', 'x276', 'x277', 'x278', 'x279', 'x280', 'x281', 'x282', 'x283', 'x284', 'x285', 'x286', 'x287', 'x288', 'x289', 'x290', 'x291', 'x292', 'x293', 'x294', 'x295', 'x296', 'x297', 'x298', 'x299', 'x300', 'x301', 'x302', 'x303', 'x304', 'x305', 'x306', 'x307', 'x308', 'x309', 'x310', 'x311', 'x312', 'x313', 'x314', 'x315', 'x316', 'x317', 'x318', 'x319', 'x320', 'x321', 'x322', 'x323', 'x324', 'x325', 'x326', 'x327', 'x328', 'x329', 'x330', 'x331', 'x332', 'x333', 'x334', 'x335', 'x336', 'x337', 'x338', 'x339', 'x340', 'x341', 'x342', 'x343', 'x344', 'x345', 'x346', 'x347', 'x348', 'x349', 'x350', 'x351', 'x352', 'x353', 'x354', 'x355', 'x356', 'x357', 'x358', 'x359', 'x360', 'x361', 'x362', 'x363', 'x364', 'x365', 'x366', 'x367', 'x368', 'x369', 'x370', 'x371', 'x372', 'x373', 'x374', 'x375', 'x376', 'x377', 'x378', 'x379', 'x380', 'x381', 'x382', 'x383', 'x384', 'x385', 'x386', 'x387', 'x388', 'x389', 'x390', 'x391', 'x392', 'x393', 'x394', 'x395', 'x396', 'x397', 'x398', 'x399', 'x400', 'x401', 'x402', 'x403', 'x404', 'x405', 'x406', 'x407', 'x408', 'x409', 'x410', 'x411', 'x412', 'x413', 'x414', 'x415', 'x416', 'x417', 'x418', 'x419', 'x420', 'x421', 'x422', 'x423', 'x424', 'x425', 'x426', 'x427', 'x428', 'x429', 'x430', 'x431', 'x432', 'x433', 'x434', 'x435', 'x436', 'x437', 'x438', 'x439', 'x440', 'x441', 'x442', 'x443', 'x444', 'x445', 'x446', 'x447', 'x448', 'x449', 'x450', 'x451', 'x452', 'x453', 'x454', 'x455', 'x456', 'x457', 'x458', 'x459', 'x460', 'x461', 'x462', 'x463', 'x464', 'x465', 'x466', 'x467', 'x468', 'x469', 'x470', 'x471', 'x472', 'x473', 'x474', 'x475', 'x476', 'x477', 'x478', 'x479', 'x480', 'x481', 'x482', 'x483', 'x484', 'x485', 'x486', 'x487', 'x488', 'x489', 'x490', 'x491', 'x492', 'x493', 'x494', 'x495', 'x496', 'x497', 'x498', 'x499', 'x500', 'x501', 'x502', 'x503', 'x504', 'x505', 'x506', 'x507', 'x508', 'x509', 'x510', 'x511', 'x512', 'x513', 'x514', 'x515', 'x516', 'x517', 'x518', 'x519', 'x520', 'x521', 'x522', 'x523', 'x524', 'x525', 'x526', 'x527', 'x528', 'x529', 'x530', 'x531', 'x532', 'x533', 'x534', 'x535', 'x536', 'x537', 'x538', 'x539', 'x540', 'x541', 'x542', 'x543', 'x544', 'x545', 'x546', 'x547', 'x548', 'x549', 'x550', 'x551', 'x552', 'x553', 'x554', 'x555', 'x556', 'x557', 'x558', 'x559', 'x560', 'x561', 'x562', 'x563', 'x564', 'x565', 'x566', 'x567', 'x568', 'x569', 'x570', 'x571', 'x572', 'x573', 'x574', 'x575', 'x576', 'x577', 'x578', 'x579', 'x580', 'x581', 'x582', 'x583', 'x584', 'x585', 'x586', 'x587', 'x588', 'x589', 'x590', 'x591', 'x592', 'x593', 'x594', 'x595', 'x596', 'x597', 'x598', 'x599', 'x600', 'x601', 'x602', 'x603', 'x604', 'x605', 'x606', 'x607', 'x608', 'x609', 'x610', 'x611', 'x612', 'x613', 'x614', 'x615', 'x616', 'x617', 'x618', 'x619', 'x620', 'x621', 'x622', 'x623', 'x624', 'x625', 'x626', 'x627', 'x628', 'x629', 'x630', 'x631', 'x632', 'x633', 'x634', 'x635', 'x636', 'x637', 'x638', 'x639', 'x640', 'x641', 'x642', 'x643', 'x644', 'x645', 'x646', 'x647', 'x648', 'x649', 'x650', 'x651', 'x652', 'x653', 'x654', 'x655', 'x656', 'x657', 'x658', 'x659', 'x660', 'x661', 'x662', 'x663', 'x664', 'x665', 'x666', 'x667', 'x668', 'x669', 'x670', 'x671', 'x672', 'x673', 'x674', 'x675', 'x676', 'x677', 'x678', 'x679', 'x680', 'x681', 'x682', 'x683', 'x684', 'x685', 'x686', 'x687', 'x688', 'x689', 'x690', 'x691', 'x692', 'x693', 'x694', 'x695', 'x696', 'x697', 'x698', 'x699', 'x700', 'x701', 'x702', 'x703', 'x704', 'x705', 'x706', 'x707', 'x708', 'x709', 'x710', 'x711', 'x712', 'x713', 'x714', 'x715', 'x716', 'x717', 'x718', 'x719', 'x720', 'x721', 'x722', 'x723', 'x724', 'x725', 'x726', 'x727', 'x728', 'x729', 'x730', 'x731', 'x732', 'x733', 'x734', 'x735', 'x736', 'x737', 'x738', 'x739', 'x740', 'x741', 'x742', 'x743', 'x744', 'x745', 'x746', 'x747', 'x748', 'x749', 'x750', 'x751', 'x752', 'x753', 'x754', 'x755', 'x756', 'x757', 'x758', 'x759', 'x760', 'x761', 'x762', 'x763', 'x764', 'x765', 'x766', 'x767', 'x768', 'x769', 'x770', 'x771', 'x772', 'x773', 'x774', 'x775', 'x776', 'x777', 'x778', 'x779', 'x780', 'x781', 'x782', 'x783', 'x784', 'x785', 'x786', 'x787', 'x788', 'x789', 'x790', 'x791', 'x792', 'x793', 'x794', 'x795', 'x796', 'x797', 'x798', 'x799', 'x800', 'x801', 'x802', 'x803', 'x804', 'x805', 'x806', 'x807', 'x808', 'x809', 'x810', 'x811', 'x812', 'x813', 'x814', 'x815', 'x816', 'x817', 'x818', 'x819', 'x820', 'x821', 'x822', 'x823', 'x824', 'x825', 'x826', 'x827', 'x828', 'x829', 'x830', 'x831', 'x832', 'x833', 'x834', 'x835', 'x836', 'x837', 'x838', 'x839', 'x840', 'x841', 'x842', 'x843', 'x844', 'x845', 'x846', 'x847', 'x848', 'x849', 'x850', 'x851', 'x852', 'x853', 'x854', 'x855', 'x856', 'x857', 'x858', 'x859', 'x860', 'x861', 'x862', 'x863', 'x864', 'x865', 'x866', 'x867', 'x868', 'x869', 'x870', 'x871', 'x872', 'x873', 'x874', 'x875', 'x876', 'x877', 'x878', 'x879', 'x880', 'x881', 'x882', 'x883', 'x884', 'x885', 'x886', 'x887', 'x888', 'x889', 'x890', 'x891', 'x892', 'x893', 'x894', 'x895', 'x896', 'x897', 'x898', 'x899', 'x900', 'x901', 'x902', 'x903', 'x904', 'x905', 'x906', 'x907', 'x908', 'x909', 'x910', 'x911', 'x912', 'x913', 'x914', 'x915', 'x916', 'x917', 'x918', 'x919', 'x920', 'x921', 'x922', 'x923', 'x924', 'x925', 'x926', 'x927', 'x928', 'x929', 'x930', 'x931', 'x932', 'x933', 'x934', 'x935', 'x936', 'x937', 'x938', 'x939', 'x940', 'x941', 'x942', 'x943', 'x944', 'x945', 'x946', 'x947', 'x948', 'x949', 'x950', 'x951', 'x952', 'x953', 'x954', 'x955', 'x956', 'x957', 'x958', 'x959', 'x960', 'x961', 'x962', 'x963', 'x964', 'x965', 'x966', 'x967', 'x968', 'x969', 'x970', 'x971', 'x972', 'x973', 'x974', 'x975', 'x976', 'x977', 'x978', 'x979', 'x980', 'x981', 'x982', 'x983', 'x984', 'x985', 'x986', 'x987', 'x988', 'x989', 'x990', 'x991', 'x992', 'x993', 'x994', 'x995', 'x996', 'x997', 'x998', 'x999', 'x1000']","[0.6993877926414315, 0.6993877926414315, 0.006571582512066386, 0.006571582512066386, 0.006571582512066386, 0.006571582512066386, 0.006571582512066386, 0.006571582512066386, 0.006571582512066386, 0.006571582512066386, 0.006571582512066386, 0.006571582512066386, 0.006571582512066386, 0.006571582512066386, 0.006571582512066386, 0.006571582512066386, 0.006571582512066386, 0.006571582512066386, 0.006571582512066386, 0.006571582512066386, 0.006571582512066386, 0.006571582512066386, 0.006571582512066386, 0.006571582512066386, 0.006571582512066386, 0.006571582512066386, 0.006571582512066386, 0.006571582512066386, 0.006571582512066386, 0.006571582512066386, 0.006571582512066386, 0.006571582512066386, 0.006571582512066386, 0.006571582512066386, 0.006571582512066386, 0.006571582512066386, 0.006571582512066386, 0.006571582512066386, 0.006571582512066386, 0.006571582512066386, 0.006571582512066386, 0.006571582512066386, 0.006571582512066386, 0.006571582512066386, 0.006571582512066386, 0.006571582512066386, 0.006571582512066386, 0.006571582512066386, 0.006571582512066386, 0.006571582512066386, 0.006571582512066386, 0.006571582512066386, 0.006571582512066386, 0.006571582512066386, 0.006571582512066386, 0.006571582512066386, 0.006571582512066386, 0.006571582512066386, 0.006571582512066386, 0.006571582512066386, 0.006571582512066386, 0.006571582512066386, 0.006571582512066386, 0.006571582512066386, 0.006571582512066386, 0.006571582512066386, 0.006571582512066386, 0.006571582512066386, 0.006571582512066386, 0.006571582512066386, 0.006571582512066386, 0.006571582512066386, 0.006571582512066386, 0.006571582512066386, 0.006571582512066386, 0.006571582512066386, 0.006571582512066386, 0.006571582512066386, 0.006571582512066386, 0.006571582512066386, 0.006571582512066386, 0.006571582512066386, 0.006571582512066386, 0.006571582512066386, 0.006571582512066386, 0.006571582512066386, 0.006571582512066386, 0.006571582512066386, 0.006571582512066386, 0.006571582512066386, 0.006571582512066386, 0.006571582512066386, 0.006571582512066386, 0.006571582512066386, 0.006571582512066386, 0.006571582512066386, 0.006571582512066386, 0.006571582512066386, 0.006571582512066386, 0.006571582512066386, 0.006571582512066386, 0.006571582512066386, 0.006571582512066386, 0.006571582512066386, 0.006571582512066386, 0.006571582512066386, 0.006571582512066386, 0.006571582512066386, 0.006571582512066386, 0.006571582512066386, 0.006571582512066386, 0.006571582512066386, 0.006571582512066386, 0.006571582512066386, 0.006571582512066386, 0.006571582512066386, 0.006571582512066386, 0.006571582512066386, 0.006571582512066386, 0.006571582512066386, 0.006571582512066386, 0.006571582512066386, 0.006571582512066386, 0.006571582512066386, 0.006571582512066386, 0.006571582512066386, 0.006571582512066386, 0.006571582512066386, 0.006571582512066386, 0.006571582512066386, 0.006571582512066386, 0.006571582512066386, 0.006571582512066386, 0.006571582512066386, 0.006571582512066386, 0.006571582512066386, 0.006571582512066386, 0.006571582512066386, 0.006571582512066386, 0.006571582512066386, 0.006571582512066386, 0.006571582512066386, 0.006571582512066386, 0.006571582512066386, 0.006571582512066386, 0.006571582512066386, 0.006571582512066386, 0.006571582512066386, 0.006571582512066386, 0.006571582512066386, 0.006571582512066386, 0.006571582512066386, 0.006571582512066386, 0.006571582512066386, 0.006571582512066386, 0.006571582512066386, 0.006571582512066386, 0.006571582512066386, 0.006571582512066386, 0.006571582512066386, 0.006571582512066386, 0.006571582512066386, 0.006571582512066386, 0.006571582512066386, 0.006571582512066386, 0.006571582512066386, 0.006571582512066386, 0.006571582512066386, 0.006571582512066386, 0.006571582512066386, 0.006571582512066386, 0.006571582512066386, 0.006571582512066386, 0.006571582512066386, 0.006571582512066386, 0.006571582512066386, 0.006571582512066386, 0.006571582512066386, 0.006571582512066386, 0.006571582512066386, 0.006571582512066386, 0.006571582512066386, 0.006571582512066386, 0.006571582512066386, 0.006571582512066386, 0.006571582512066386, 0.006571582512066386, 0.006571582512066386, 0.006571582512066386, 0.006571582512066386, 0.006571582512066386, 0.006571582512066386, 0.006571582512066386, 0.006571582512066386, 0.006571582512066386, 0.006571582512066386, 0.006571582512066386, 0.006571582512066386, 0.006571582512066386, 0.006571582512066386, 0.006571582512066386, 0.006571582512066386, 0.006571582512066386, 0.006571582512066386, 0.006571582512066386, 0.006571582512066386, 0.006571582512066386, 0.006571582512066386, 0.006571582512066386, 0.006571582512066386, 0.006571582512066386, 0.006571582512066386, 0.006571582512066386, 0.006571582512066386, 0.006571582512066386, 0.006571582512066386, 0.006571582512066386, 0.006571582512066386, 0.006571582512066386, 0.006571582512066386, 0.006571582512066386, 0.006571582512066386, 0.006571582512066386, 0.006571582512066386, 0.006571582512066386, 0.006571582512066386, 0.006571582512066386, 0.006571582512066386, 0.006571582512066386, 0.006571582512066386, 0.006571582512066386, 0.006571582512066386, 0.006571582512066386, 0.006571582512066386, 0.006571582512066386, 0.006571582512066386, 0.006571582512066386, 0.006571582512066386, 0.006571582512066386, 0.006571582512066386, 0.006571582512066386, 0.006571582512066386, 0.006571582512066386, 0.006571582512066386, 0.006571582512066386, 0.006571582512066386, 0.006571582512066386, 0.006571582512066386, 0.006571582512066386, 0.006571582512066386, 0.006571582512066386, 0.006571582512066386, 0.006571582512066386, 0.006571582512066386, 0.006571582512066386, 0.006571582512066386, 0.006571582512066386, 0.006571582512066386, 0.006571582512066386, 0.006571582512066386, 0.006571582512066386, 0.006571582512066386, 0.006571582512066386, 0.006571582512066386, 0.006571582512066386, 0.006571582512066386, 0.006571582512066386, 0.006571582512066386, 0.006571582512066386, 0.006571582512066386, 0.006571582512066386, 0.006571582512066386, 0.006571582512066386, 0.006571582512066386, 0.006571582512066386, 0.006571582512066386, 0.006571582512066386, 0.006571582512066386, 0.006571582512066386, 0.006571582512066386, 0.006571582512066386, 0.006571582512066386, 0.006571582512066386, 0.006571582512066386, 0.006571582512066386, 0.006571582512066386, 0.006571582512066386, 0.006571582512066386, 0.006571582512066386, 0.006571582512066386, 0.006571582512066386, 0.006571582512066386, 0.006571582512066386, 0.006571582512066386, 0.006571582512066386, 0.006571582512066386, 0.006571582512066386, 0.006571582512066386, 0.006571582512066386, 0.006571582512066386, 0.006571582512066386, 0.006571582512066386, 0.006571582512066386, 0.006571582512066386, 0.006571582512066386, 0.006571582512066386, 0.006571582512066386, 0.006571582512066386, 0.006571582512066386, 0.006571582512066386, 0.006571582512066386, 0.006571582512066386, 0.006571582512066386, 0.006571582512066386, 0.006571582512066386, 0.006571582512066386, 0.006571582512066386, 0.006571582512066386, 0.006571582512066386, 0.006571582512066386, 0.006571582512066386, 0.006571582512066386, 0.006571582512066386, 0.006571582512066386, 0.006571582512066386, 0.006571582512066386, 0.006571582512066386, 0.006571582512066386, 0.006571582512066386, 0.006571582512066386, 0.006571582512066386, 0.006571582512066386, 0.006571582512066386, 0.006571582512066386, 0.006571582512066386, 0.006571582512066386, 0.006571582512066386, 0.006571582512066386, 0.006571582512066386, 0.006571582512066386, 0.006571582512066386, 0.006571582512066386, 0.006571582512066386, 0.006571582512066386, 0.006571582512066386, 0.006571582512066386, 0.006571582512066386, 0.006571582512066386, 0.006571582512066386, 0.006571582512066386, 0.006571582512066386, 0.006571582512066386, 0.006571582512066386, 0.006571582512066386, 0.006571582512066386, 0.006571582512066386, 0.006571582512066386, 0.006571582512066386, 0.006571582512066386, 0.006571582512066386, 0.006571582512066386, 0.006571582512066386, 0.006571582512066386, 0.006571582512066386, 0.006571582512066386, 0.006571582512066386, 0.006571582512066386, 0.006571582512066386, 0.006571582512066386, 0.006571582512066386, 0.006571582512066386, 0.006571582512066386, 0.006571582512066386, 0.006571582512066386, 0.006571582512066386, 0.006571582512066386, 0.006571582512066386, 0.006571582512066386, 0.006571582512066386, 0.006571582512066386, 0.006571582512066386, 0.006571582512066386, 0.006571582512066386, 0.006571582512066386, 0.006571582512066386, 0.006571582512066386, 0.006571582512066386, 0.006571582512066386, 0.006571582512066386, 0.006571582512066386, 0.006571582512066386, 0.006571582512066386, 0.006571582512066386, 0.006571582512066386, 0.006571582512066386, 0.006571582512066386, 0.006571582512066386, 0.006571582512066386, 0.006571582512066386, 0.006571582512066386, 0.006571582512066386, 0.006571582512066386, 0.006571582512066386, 0.006571582512066386, 0.006571582512066386, 0.006571582512066386, 0.006571582512066386, 0.006571582512066386, 0.006571582512066386, 0.006571582512066386, 0.006571582512066386, 0.006571582512066386, 0.006571582512066386, 0.006571582512066386, 0.006571582512066386, 0.006571582512066386, 0.006571582512066386, 0.006571582512066386, 0.006571582512066386, 0.006571582512066386, 0.006571582512066386, 0.006571582512066386, 0.006571582512066386, 0.006571582512066386, 0.006571582512066386, 0.006571582512066386, 0.006571582512066386, 0.006571582512066386, 0.006571582512066386, 0.006571582512066386, 0.006571582512066386, 0.006571582512066386, 0.006571582512066386, 0.006571582512066386, 0.006571582512066386, 0.006571582512066386, 0.006571582512066386, 0.006571582512066386, 0.006571582512066386, 0.006571582512066386, 0.006571582512066386, 0.006571582512066386, 0.006571582512066386, 0.006571582512066386, 0.006571582512066386, 0.006571582512066386, 0.006571582512066386, 0.006571582512066386, 0.006571582512066386, 0.006571582512066386, 0.006571582512066386, 0.006571582512066386, 0.006571582512066386, 0.006571582512066386, 0.006571582512066386, 0.006571582512066386, 0.006571582512066386, 0.006571582512066386, 0.006571582512066386, 0.006571582512066386, 0.006571582512066386, 0.006571582512066386, 0.006571582512066386, 0.006571582512066386, 0.006571582512066386, 0.006571582512066386, 0.006571582512066386, 0.006571582512066386, 0.006571582512066386, 0.006571582512066386, 0.006571582512066386, 0.006571582512066386, 0.006571582512066386, 0.006571582512066386, 0.006571582512066386, 0.006571582512066386, 0.006571582512066386, 0.006571582512066386, 0.006571582512066386, 0.006571582512066386, 0.006571582512066386, 0.006571582512066386, 0.006571582512066386, 0.006571582512066386, 0.006571582512066386, 0.006571582512066386, 0.006571582512066386, 0.006571582512066386, 0.006571582512066386, 0.006571582512066386, 0.006571582512066386, 0.006571582512066386, 0.006571582512066386, 0.006571582512066386, 0.006571582512066386, 0.006571582512066386, 0.006571582512066386, 0.006571582512066386, 0.006571582512066386, 0.006571582512066386, 0.006571582512066386, 0.006571582512066386, 0.006571582512066386, 0.006571582512066386, 0.006571582512066386, 0.006571582512066386, 0.006571582512066386, 0.006571582512066386, 0.006571582512066386, 0.006571582512066386, 0.006571582512066386, 0.006571582512066386, 0.006571582512066386, 0.006571582512066386, 0.006571582512066386, 0.006571582512066386, 0.006571582512066386, 0.006571582512066386, 0.006571582512066386, 0.006571582512066386, 0.006571582512066386, 0.006571582512066386, 0.006571582512066386, 0.006571582512066386, 0.006571582512066386, 0.006571582512066386, 0.006571582512066386, 0.006571582512066386, 0.006571582512066386, 0.006571582512066386, 0.006571582512066386, 0.006571582512066386, 0.006571582512066386, 0.006571582512066386, 0.006571582512066386, 0.006571582512066386, 0.006571582512066386, 0.006571582512066386, 0.006571582512066386, 0.006571582512066386, 0.006571582512066386, 0.006571582512066386, 0.006571582512066386, 0.006571582512066386, 0.006571582512066386, 0.006571582512066386, 0.006571582512066386, 0.006571582512066386, 0.006571582512066386, 0.006571582512066386, 0.006571582512066386, 0.006571582512066386, 0.006571582512066386, 0.006571582512066386, 0.006571582512066386, 0.006571582512066386, 0.006571582512066386, 0.006571582512066386, 0.006571582512066386, 0.006571582512066386, 0.006571582512066386, 0.006571582512066386, 0.006571582512066386, 0.006571582512066386, 0.006571582512066386, 0.006571582512066386, 0.006571582512066386, 0.006571582512066386, 0.006571582512066386, 0.006571582512066386, 0.006571582512066386, 0.006571582512066386, 0.006571582512066386, 0.006571582512066386, 0.006571582512066386, 0.006571582512066386, 0.006571582512066386, 0.006571582512066386, 0.006571582512066386, 0.006571582512066386, 0.006571582512066386, 0.006571582512066386, 0.006571582512066386, 0.006571582512066386, 0.006571582512066386, 0.006571582512066386, 0.006571582512066386, 0.006571582512066386, 0.006571582512066386, 0.006571582512066386, 0.006571582512066386, 0.006571582512066386, 0.006571582512066386, 0.006571582512066386, 0.006571582512066386, 0.006571582512066386, 0.006571582512066386, 0.006571582512066386, 0.006571582512066386, 0.006571582512066386, 0.006571582512066386, 0.006571582512066386, 0.006571582512066386, 0.006571582512066386, 0.006571582512066386, 0.006571582512066386, 0.006571582512066386, 0.006571582512066386, 0.006571582512066386, 0.006571582512066386, 0.006571582512066386, 0.006571582512066386, 0.006571582512066386, 0.006571582512066386, 0.006571582512066386, 0.006571582512066386, 0.006571582512066386, 0.006571582512066386, 0.006571582512066386, 0.006571582512066386, 0.006571582512066386, 0.006571582512066386, 0.006571582512066386, 0.006571582512066386, 0.006571582512066386, 0.006571582512066386, 0.006571582512066386, 0.006571582512066386, 0.006571582512066386, 0.006571582512066386, 0.006571582512066386, 0.006571582512066386, 0.006571582512066386, 0.006571582512066386, 0.006571582512066386, 0.006571582512066386, 0.006571582512066386, 0.006571582512066386, 0.006571582512066386, 0.006571582512066386, 0.006571582512066386, 0.006571582512066386, 0.006571582512066386, 0.006571582512066386, 0.006571582512066386, 0.006571582512066386, 0.006571582512066386, 0.006571582512066386, 0.006571582512066386, 0.006571582512066386, 0.006571582512066386, 0.006571582512066386, 0.006571582512066386, 0.006571582512066386, 0.006571582512066386, 0.006571582512066386, 0.006571582512066386, 0.006571582512066386, 0.006571582512066386, 0.006571582512066386, 0.006571582512066386, 0.006571582512066386, 0.006571582512066386, 0.006571582512066386, 0.006571582512066386, 0.006571582512066386, 0.006571582512066386, 0.006571582512066386, 0.006571582512066386, 0.006571582512066386, 0.006571582512066386, 0.006571582512066386, 0.006571582512066386, 0.006571582512066386, 0.006571582512066386, 0.006571582512066386, 0.006571582512066386, 0.006571582512066386, 0.006571582512066386, 0.006571582512066386, 0.006571582512066386, 0.006571582512066386, 0.006571582512066386, 0.006571582512066386, 0.006571582512066386, 0.006571582512066386, 0.006571582512066386, 0.006571582512066386, 0.006571582512066386, 0.006571582512066386, 0.006571582512066386, 0.006571582512066386, 0.006571582512066386, 0.006571582512066386, 0.006571582512066386, 0.006571582512066386, 0.006571582512066386, 0.006571582512066386, 0.006571582512066386, 0.006571582512066386, 0.006571582512066386, 0.006571582512066386, 0.006571582512066386, 0.006571582512066386, 0.006571582512066386, 0.006571582512066386, 0.006571582512066386, 0.006571582512066386, 0.006571582512066386, 0.006571582512066386, 0.006571582512066386, 0.006571582512066386, 0.006571582512066386, 0.006571582512066386, 0.006571582512066386, 0.006571582512066386, 0.006571582512066386, 0.006571582512066386, 0.006571582512066386, 0.006571582512066386, 0.006571582512066386, 0.006571582512066386, 0.006571582512066386, 0.006571582512066386, 0.006571582512066386, 0.006571582512066386, 0.006571582512066386, 0.006571582512066386, 0.006571582512066386, 0.006571582512066386, 0.006571582512066386, 0.006571582512066386, 0.006571582512066386, 0.006571582512066386, 0.006571582512066386, 0.006571582512066386, 0.006571582512066386, 0.006571582512066386, 0.006571582512066386, 0.006571582512066386, 0.006571582512066386, 0.006571582512066386, 0.006571582512066386, 0.006571582512066386, 0.006571582512066386, 0.006571582512066386, 0.006571582512066386, 0.006571582512066386, 0.006571582512066386, 0.006571582512066386, 0.006571582512066386, 0.006571582512066386, 0.006571582512066386, 0.006571582512066386, 0.006571582512066386, 0.006571582512066386, 0.006571582512066386, 0.006571582512066386, 0.006571582512066386, 0.006571582512066386, 0.006571582512066386, 0.006571582512066386, 0.006571582512066386, 0.006571582512066386, 0.006571582512066386, 0.006571582512066386, 0.006571582512066386, 0.006571582512066386, 0.006571582512066386, 0.006571582512066386, 0.006571582512066386, 0.006571582512066386, 0.006571582512066386, 0.006571582512066386, 0.006571582512066386, 0.006571582512066386, 0.006571582512066386, 0.006571582512066386, 0.006571582512066386, 0.006571582512066386, 0.006571582512066386, 0.006571582512066386, 0.006571582512066386, 0.006571582512066386, 0.006571582512066386, 0.006571582512066386, 0.006571582512066386, 0.006571582512066386, 0.006571582512066386, 0.006571582512066386, 0.006571582512066386, 0.006571582512066386, 0.006571582512066386, 0.006571582512066386, 0.006571582512066386, 0.006571582512066386, 0.006571582512066386, 0.006571582512066386, 0.006571582512066386, 0.006571582512066386, 0.006571582512066386, 0.006571582512066386, 0.006571582512066386, 0.006571582512066386, 0.006571582512066386, 0.006571582512066386, 0.006571582512066386, 0.006571582512066386, 0.006571582512066386, 0.006571582512066386, 0.006571582512066386, 0.006571582512066386, 0.006571582512066386, 0.006571582512066386, 0.006571582512066386, 0.006571582512066386, 0.006571582512066386, 0.006571582512066386, 0.006571582512066386, 0.006571582512066386, 0.006571582512066386, 0.006571582512066386, 0.006571582512066386, 0.006571582512066386, 0.006571582512066386, 0.006571582512066386, 0.006571582512066386, 0.006571582512066386, 0.006571582512066386, 0.006571582512066386, 0.006571582512066386, 0.006571582512066386, 0.006571582512066386, 0.006571582512066386, 0.006571582512066386, 0.006571582512066386, 0.006571582512066386, 0.006571582512066386, 0.006571582512066386, 0.006571582512066386, 0.006571582512066386, 0.006571582512066386, 0.006571582512066386, 0.006571582512066386, 0.006571582512066386, 0.006571582512066386, 0.006571582512066386, 0.006571582512066386, 0.006571582512066386, 0.006571582512066386, 0.006571582512066386, 0.006571582512066386, 0.006571582512066386, 0.006571582512066386, 0.006571582512066386, 0.006571582512066386, 0.006571582512066386, 0.006571582512066386, 0.006571582512066386, 0.006571582512066386, 0.006571582512066386, 0.006571582512066386, 0.006571582512066386, 0.006571582512066386, 0.006571582512066386, 0.006571582512066386, 0.006571582512066386, 0.006571582512066386, 0.006571582512066386, 0.006571582512066386, 0.006571582512066386, 0.006571582512066386, 0.006571582512066386, 0.006571582512066386, 0.006571582512066386, 0.006571582512066386, 0.006571582512066386, 0.006571582512066386, 0.006571582512066386, 0.006571582512066386, 0.006571582512066386, 0.006571582512066386, 0.006571582512066386, 0.006571582512066386, 0.006571582512066386, 0.006571582512066386, 0.006571582512066386, 0.006571582512066386, 0.006571582512066386, 0.006571582512066386, 0.006571582512066386, 0.006571582512066386, 0.006571582512066386, 0.006571582512066386, 0.006571582512066386, 0.006571582512066386, 0.006571582512066386, 0.006571582512066386, 0.006571582512066386, 0.006571582512066386, 0.006571582512066386, 0.006571582512066386, 0.006571582512066386, 0.006571582512066386, 0.006571582512066386, 0.006571582512066386, 0.006571582512066386, 0.006571582512066386, 0.006571582512066386, 0.006571582512066386, 0.006571582512066386, 0.006571582512066386, 0.006571582512066386, 0.006571582512066386, 0.006571582512066386, 0.006571582512066386, 0.006571582512066386, 0.006571582512066386, 0.006571582512066386, 0.006571582512066386, 0.006571582512066386, 0.006571582512066386, 0.006571582512066386, 0.006571582512066386, 0.006571582512066386, 0.006571582512066386, 0.006571582512066386, 0.006571582512066386, 0.006571582512066386, 0.006571582512066386, 0.006571582512066386, 0.006571582512066386, 0.006571582512066386, 0.006571582512066386, 0.006571582512066386, 0.006571582512066386, 0.006571582512066386, 0.006571582512066386, 0.006571582512066386, 0.006571582512066386, 0.006571582512066386, 0.006571582512066386, 0.006571582512066386, 0.006571582512066386, 0.006571582512066386, 0.006571582512066386, 0.006571582512066386, 0.006571582512066386, 0.006571582512066386, 0.006571582512066386, 0.006571582512066386, 0.006571582512066386, 0.006571582512066386, 0.006571582512066386, 0.006571582512066386, 0.006571582512066386, 0.006571582512066386, 0.006571582512066386, 0.006571582512066386, 0.006571582512066386, 0.006571582512066386, 0.006571582512066386, 0.006571582512066386, 0.006571582512066386, 0.006571582512066386, 0.006571582512066386, 0.006571582512066386, 0.006571582512066386, 0.006571582512066386, 0.006571582512066386, 0.006571582512066386, 0.006571582512066386, 0.006571582512066386, 0.006571582512066386, 0.006571582512066386, 0.006571582512066386, 0.006571582512066386, 0.006571582512066386, 0.006571582512066386, 0.006571582512066386, 0.006571582512066386, 0.006571582512066386, 0.006571582512066386, 0.006571582512066386, 0.006571582512066386, 0.006571582512066386, 0.006571582512066386, 0.006571582512066386, 0.006571582512066386, 0.006571582512066386, 0.006571582512066386, 0.006571582512066386, 0.006571582512066386, 0.006571582512066386, 0.006571582512066386, 0.006571582512066386, 0.006571582512066386, 0.006571582512066386, 0.006571582512066386, 0.006571582512066386, 0.006571582512066386]",EGB_XGB_GAM_BEST_FIT_BEST_FIT,synthetic_ordering1000,1,5,42,150
"['offset', 'x1', 'x2', 'x3', 'x4', 'x5', 'x6', 'x7', 'x8', 'x9', 'x10', 'x11', 'x12', 'x13', 'x14', 'x15', 'x16', 'x17', 'x18', 'x19', 'x20', 'x21', 'x22', 'x23', 'x24', 'x25', 'x26', 'x27', 'x28', 'x29', 'x30', 'x31', 'x32', 'x33', 'x34', 'x35', 'x36', 'x37', 'x38', 'x39', 'x40', 'x41', 'x42', 'x43', 'x44', 'x45', 'x46', 'x47', 'x48', 'x49', 'x50', 'x51', 'x52', 'x53', 'x54', 'x55', 'x56', 'x57', 'x58', 'x59', 'x60', 'x61', 'x62', 'x63', 'x64', 'x65', 'x66', 'x67', 'x68', 'x69', 'x70', 'x71', 'x72', 'x73', 'x74', 'x75', 'x76', 'x77', 'x78', 'x79', 'x80', 'x81', 'x82', 'x83', 'x84', 'x85', 'x86', 'x87', 'x88', 'x89', 'x90', 'x91', 'x92', 'x93', 'x94', 'x95', 'x96', 'x97', 'x98', 'x99', 'x100', 'x101', 'x102', 'x103', 'x104', 'x105', 'x106', 'x107', 'x108', 'x109', 'x110', 'x111', 'x112', 'x113', 'x114', 'x115', 'x116', 'x117', 'x118', 'x119', 'x120', 'x121', 'x122', 'x123', 'x124', 'x125', 'x126', 'x127', 'x128', 'x129', 'x130', 'x131', 'x132', 'x133', 'x134', 'x135', 'x136', 'x137', 'x138', 'x139', 'x140', 'x141', 'x142', 'x143', 'x144', 'x145', 'x146', 'x147', 'x148', 'x149', 'x150', 'x151', 'x152', 'x153', 'x154', 'x155', 'x156', 'x157', 'x158', 'x159', 'x160', 'x161', 'x162', 'x163', 'x164', 'x165', 'x166', 'x167', 'x168', 'x169', 'x170', 'x171', 'x172', 'x173', 'x174', 'x175', 'x176', 'x177', 'x178', 'x179', 'x180', 'x181', 'x182', 'x183', 'x184', 'x185', 'x186', 'x187', 'x188', 'x189', 'x190', 'x191', 'x192', 'x193', 'x194', 'x195', 'x196', 'x197', 'x198', 'x199', 'x200', 'x201', 'x202', 'x203', 'x204', 'x205', 'x206', 'x207', 'x208', 'x209', 'x210', 'x211', 'x212', 'x213', 'x214', 'x215', 'x216', 'x217', 'x218', 'x219', 'x220', 'x221', 'x222', 'x223', 'x224', 'x225', 'x226', 'x227', 'x228', 'x229', 'x230', 'x231', 'x232', 'x233', 'x234', 'x235', 'x236', 'x237', 'x238', 'x239', 'x240', 'x241', 'x242', 'x243', 'x244', 'x245', 'x246', 'x247', 'x248', 'x249', 'x250', 'x251', 'x252', 'x253', 'x254', 'x255', 'x256', 'x257', 'x258', 'x259', 'x260', 'x261', 'x262', 'x263', 'x264', 'x265', 'x266', 'x267', 'x268', 'x269', 'x270', 'x271', 'x272', 'x273', 'x274', 'x275', 'x276', 'x277', 'x278', 'x279', 'x280', 'x281', 'x282', 'x283', 'x284', 'x285', 'x286', 'x287', 'x288', 'x289', 'x290', 'x291', 'x292', 'x293', 'x294', 'x295', 'x296', 'x297', 'x298', 'x299', 'x300', 'x301', 'x302', 'x303', 'x304', 'x305', 'x306', 'x307', 'x308', 'x309', 'x310', 'x311', 'x312', 'x313', 'x314', 'x315', 'x316', 'x317', 'x318', 'x319', 'x320', 'x321', 'x322', 'x323', 'x324', 'x325', 'x326', 'x327', 'x328', 'x329', 'x330', 'x331', 'x332', 'x333', 'x334', 'x335', 'x336', 'x337', 'x338', 'x339', 'x340', 'x341', 'x342', 'x343', 'x344', 'x345', 'x346', 'x347', 'x348', 'x349', 'x350', 'x351', 'x352', 'x353', 'x354', 'x355', 'x356', 'x357', 'x358', 'x359', 'x360', 'x361', 'x362', 'x363', 'x364', 'x365', 'x366', 'x367', 'x368', 'x369', 'x370', 'x371', 'x372', 'x373', 'x374', 'x375', 'x376', 'x377', 'x378', 'x379', 'x380', 'x381', 'x382', 'x383', 'x384', 'x385', 'x386', 'x387', 'x388', 'x389', 'x390', 'x391', 'x392', 'x393', 'x394', 'x395', 'x396', 'x397', 'x398', 'x399', 'x400', 'x401', 'x402', 'x403', 'x404', 'x405', 'x406', 'x407', 'x408', 'x409', 'x410', 'x411', 'x412', 'x413', 'x414', 'x415', 'x416', 'x417', 'x418', 'x419', 'x420', 'x421', 'x422', 'x423', 'x424', 'x425', 'x426', 'x427', 'x428', 'x429', 'x430', 'x431', 'x432', 'x433', 'x434', 'x435', 'x436', 'x437', 'x438', 'x439', 'x440', 'x441', 'x442', 'x443', 'x444', 'x445', 'x446', 'x447', 'x448', 'x449', 'x450', 'x451', 'x452', 'x453', 'x454', 'x455', 'x456', 'x457', 'x458', 'x459', 'x460', 'x461', 'x462', 'x463', 'x464', 'x465', 'x466', 'x467', 'x468', 'x469', 'x470', 'x471', 'x472', 'x473', 'x474', 'x475', 'x476', 'x477', 'x478', 'x479', 'x480', 'x481', 'x482', 'x483', 'x484', 'x485', 'x486', 'x487', 'x488', 'x489', 'x490', 'x491', 'x492', 'x493', 'x494', 'x495', 'x496', 'x497', 'x498', 'x499', 'x500', 'x501', 'x502', 'x503', 'x504', 'x505', 'x506', 'x507', 'x508', 'x509', 'x510', 'x511', 'x512', 'x513', 'x514', 'x515', 'x516', 'x517', 'x518', 'x519', 'x520', 'x521', 'x522', 'x523', 'x524', 'x525', 'x526', 'x527', 'x528', 'x529', 'x530', 'x531', 'x532', 'x533', 'x534', 'x535', 'x536', 'x537', 'x538', 'x539', 'x540', 'x541', 'x542', 'x543', 'x544', 'x545', 'x546', 'x547', 'x548', 'x549', 'x550', 'x551', 'x552', 'x553', 'x554', 'x555', 'x556', 'x557', 'x558', 'x559', 'x560', 'x561', 'x562', 'x563', 'x564', 'x565', 'x566', 'x567', 'x568', 'x569', 'x570', 'x571', 'x572', 'x573', 'x574', 'x575', 'x576', 'x577', 'x578', 'x579', 'x580', 'x581', 'x582', 'x583', 'x584', 'x585', 'x586', 'x587', 'x588', 'x589', 'x590', 'x591', 'x592', 'x593', 'x594', 'x595', 'x596', 'x597', 'x598', 'x599', 'x600', 'x601', 'x602', 'x603', 'x604', 'x605', 'x606', 'x607', 'x608', 'x609', 'x610', 'x611', 'x612', 'x613', 'x614', 'x615', 'x616', 'x617', 'x618', 'x619', 'x620', 'x621', 'x622', 'x623', 'x624', 'x625', 'x626', 'x627', 'x628', 'x629', 'x630', 'x631', 'x632', 'x633', 'x634', 'x635', 'x636', 'x637', 'x638', 'x639', 'x640', 'x641', 'x642', 'x643', 'x644', 'x645', 'x646', 'x647', 'x648', 'x649', 'x650', 'x651', 'x652', 'x653', 'x654', 'x655', 'x656', 'x657', 'x658', 'x659', 'x660', 'x661', 'x662', 'x663', 'x664', 'x665', 'x666', 'x667', 'x668', 'x669', 'x670', 'x671', 'x672', 'x673', 'x674', 'x675', 'x676', 'x677', 'x678', 'x679', 'x680', 'x681', 'x682', 'x683', 'x684', 'x685', 'x686', 'x687', 'x688', 'x689', 'x690', 'x691', 'x692', 'x693', 'x694', 'x695', 'x696', 'x697', 'x698', 'x699', 'x700', 'x701', 'x702', 'x703', 'x704', 'x705', 'x706', 'x707', 'x708', 'x709', 'x710', 'x711', 'x712', 'x713', 'x714', 'x715', 'x716', 'x717', 'x718', 'x719', 'x720', 'x721', 'x722', 'x723', 'x724', 'x725', 'x726', 'x727', 'x728', 'x729', 'x730', 'x731', 'x732', 'x733', 'x734', 'x735', 'x736', 'x737', 'x738', 'x739', 'x740', 'x741', 'x742', 'x743', 'x744', 'x745', 'x746', 'x747', 'x748', 'x749', 'x750', 'x751', 'x752', 'x753', 'x754', 'x755', 'x756', 'x757', 'x758', 'x759', 'x760', 'x761', 'x762', 'x763', 'x764', 'x765', 'x766', 'x767', 'x768', 'x769', 'x770', 'x771', 'x772', 'x773', 'x774', 'x775', 'x776', 'x777', 'x778', 'x779', 'x780', 'x781', 'x782', 'x783', 'x784', 'x785', 'x786', 'x787', 'x788', 'x789', 'x790', 'x791', 'x792', 'x793', 'x794', 'x795', 'x796', 'x797', 'x798', 'x799', 'x800', 'x801', 'x802', 'x803', 'x804', 'x805', 'x806', 'x807', 'x808', 'x809', 'x810', 'x811', 'x812', 'x813', 'x814', 'x815', 'x816', 'x817', 'x818', 'x819', 'x820', 'x821', 'x822', 'x823', 'x824', 'x825', 'x826', 'x827', 'x828', 'x829', 'x830', 'x831', 'x832', 'x833', 'x834', 'x835', 'x836', 'x837', 'x838', 'x839', 'x840', 'x841', 'x842', 'x843', 'x844', 'x845', 'x846', 'x847', 'x848', 'x849', 'x850', 'x851', 'x852', 'x853', 'x854', 'x855', 'x856', 'x857', 'x858', 'x859', 'x860', 'x861', 'x862', 'x863', 'x864', 'x865', 'x866', 'x867', 'x868', 'x869', 'x870', 'x871', 'x872', 'x873', 'x874', 'x875', 'x876', 'x877', 'x878', 'x879', 'x880', 'x881', 'x882', 'x883', 'x884', 'x885', 'x886', 'x887', 'x888', 'x889', 'x890', 'x891', 'x892', 'x893', 'x894', 'x895', 'x896', 'x897', 'x898', 'x899', 'x900', 'x901', 'x902', 'x903', 'x904', 'x905', 'x906', 'x907', 'x908', 'x909', 'x910', 'x911', 'x912', 'x913', 'x914', 'x915', 'x916', 'x917', 'x918', 'x919', 'x920', 'x921', 'x922', 'x923', 'x924', 'x925', 'x926', 'x927', 'x928', 'x929', 'x930', 'x931', 'x932', 'x933', 'x934', 'x935', 'x936', 'x937', 'x938', 'x939', 'x940', 'x941', 'x942', 'x943', 'x944', 'x945', 'x946', 'x947', 'x948', 'x949', 'x950', 'x951', 'x952', 'x953', 'x954', 'x955', 'x956', 'x957', 'x958', 'x959', 'x960', 'x961', 'x962', 'x963', 'x964', 'x965', 'x966', 'x967', 'x968', 'x969', 'x970', 'x971', 'x972', 'x973', 'x974', 'x975', 'x976', 'x977', 'x978', 'x979', 'x980', 'x981', 'x982', 'x983', 'x984', 'x985', 'x986', 'x987', 'x988', 'x989', 'x990', 'x991', 'x992', 'x993', 'x994', 'x995', 'x996', 'x997', 'x998', 'x999', 'x1000']","[0.7132502859334683, 0.7132502859334683, 0.007081738137313592, 0.007081738137313592, 0.007081738137313592, 0.007081738137313592, 0.007081738137313592, 0.007081738137313592, 0.007081738137313592, 0.007081738137313592, 0.007081738137313592, 0.007081738137313592, 0.007081738137313592, 0.007081738137313592, 0.007081738137313592, 0.007081738137313592, 0.007081738137313592, 0.007081738137313592, 0.007081738137313592, 0.007081738137313592, 0.007081738137313592, 0.007081738137313592, 0.007081738137313592, 0.007081738137313592, 0.007081738137313592, 0.007081738137313592, 0.007081738137313592, 0.007081738137313592, 0.007081738137313592, 0.007081738137313592, 0.007081738137313592, 0.007081738137313592, 0.007081738137313592, 0.007081738137313592, 0.007081738137313592, 0.007081738137313592, 0.007081738137313592, 0.007081738137313592, 0.007081738137313592, 0.007081738137313592, 0.007081738137313592, 0.007081738137313592, 0.007081738137313592, 0.007081738137313592, 0.007081738137313592, 0.007081738137313592, 0.007081738137313592, 0.007081738137313592, 0.007081738137313592, 0.007081738137313592, 0.007081738137313592, 0.007081738137313592, 0.007081738137313592, 0.007081738137313592, 0.007081738137313592, 0.007081738137313592, 0.007081738137313592, 0.007081738137313592, 0.007081738137313592, 0.007081738137313592, 0.007081738137313592, 0.007081738137313592, 0.007081738137313592, 0.007081738137313592, 0.007081738137313592, 0.007081738137313592, 0.007081738137313592, 0.007081738137313592, 0.007081738137313592, 0.007081738137313592, 0.007081738137313592, 0.007081738137313592, 0.007081738137313592, 0.007081738137313592, 0.007081738137313592, 0.007081738137313592, 0.007081738137313592, 0.007081738137313592, 0.007081738137313592, 0.007081738137313592, 0.007081738137313592, 0.007081738137313592, 0.007081738137313592, 0.007081738137313592, 0.007081738137313592, 0.007081738137313592, 0.007081738137313592, 0.007081738137313592, 0.007081738137313592, 0.007081738137313592, 0.007081738137313592, 0.007081738137313592, 0.007081738137313592, 0.007081738137313592, 0.007081738137313592, 0.007081738137313592, 0.007081738137313592, 0.007081738137313592, 0.007081738137313592, 0.007081738137313592, 0.007081738137313592, 0.007081738137313592, 0.007081738137313592, 0.007081738137313592, 0.007081738137313592, 0.007081738137313592, 0.007081738137313592, 0.007081738137313592, 0.007081738137313592, 0.007081738137313592, 0.007081738137313592, 0.007081738137313592, 0.007081738137313592, 0.007081738137313592, 0.007081738137313592, 0.007081738137313592, 0.007081738137313592, 0.007081738137313592, 0.007081738137313592, 0.007081738137313592, 0.007081738137313592, 0.007081738137313592, 0.007081738137313592, 0.007081738137313592, 0.007081738137313592, 0.007081738137313592, 0.007081738137313592, 0.007081738137313592, 0.007081738137313592, 0.007081738137313592, 0.007081738137313592, 0.007081738137313592, 0.007081738137313592, 0.007081738137313592, 0.007081738137313592, 0.007081738137313592, 0.007081738137313592, 0.007081738137313592, 0.007081738137313592, 0.007081738137313592, 0.007081738137313592, 0.007081738137313592, 0.007081738137313592, 0.007081738137313592, 0.007081738137313592, 0.007081738137313592, 0.007081738137313592, 0.007081738137313592, 0.007081738137313592, 0.007081738137313592, 0.007081738137313592, 0.007081738137313592, 0.007081738137313592, 0.007081738137313592, 0.007081738137313592, 0.007081738137313592, 0.007081738137313592, 0.007081738137313592, 0.007081738137313592, 0.007081738137313592, 0.007081738137313592, 0.007081738137313592, 0.007081738137313592, 0.007081738137313592, 0.007081738137313592, 0.007081738137313592, 0.007081738137313592, 0.007081738137313592, 0.007081738137313592, 0.007081738137313592, 0.007081738137313592, 0.007081738137313592, 0.007081738137313592, 0.007081738137313592, 0.007081738137313592, 0.007081738137313592, 0.007081738137313592, 0.007081738137313592, 0.007081738137313592, 0.007081738137313592, 0.007081738137313592, 0.007081738137313592, 0.007081738137313592, 0.007081738137313592, 0.007081738137313592, 0.007081738137313592, 0.007081738137313592, 0.007081738137313592, 0.007081738137313592, 0.007081738137313592, 0.007081738137313592, 0.007081738137313592, 0.007081738137313592, 0.007081738137313592, 0.007081738137313592, 0.007081738137313592, 0.007081738137313592, 0.007081738137313592, 0.007081738137313592, 0.007081738137313592, 0.007081738137313592, 0.007081738137313592, 0.007081738137313592, 0.007081738137313592, 0.007081738137313592, 0.007081738137313592, 0.007081738137313592, 0.007081738137313592, 0.007081738137313592, 0.007081738137313592, 0.007081738137313592, 0.007081738137313592, 0.007081738137313592, 0.007081738137313592, 0.007081738137313592, 0.007081738137313592, 0.007081738137313592, 0.007081738137313592, 0.007081738137313592, 0.007081738137313592, 0.007081738137313592, 0.007081738137313592, 0.007081738137313592, 0.007081738137313592, 0.007081738137313592, 0.007081738137313592, 0.007081738137313592, 0.007081738137313592, 0.007081738137313592, 0.007081738137313592, 0.007081738137313592, 0.007081738137313592, 0.007081738137313592, 0.007081738137313592, 0.007081738137313592, 0.007081738137313592, 0.007081738137313592, 0.007081738137313592, 0.007081738137313592, 0.007081738137313592, 0.007081738137313592, 0.007081738137313592, 0.007081738137313592, 0.007081738137313592, 0.007081738137313592, 0.007081738137313592, 0.007081738137313592, 0.007081738137313592, 0.007081738137313592, 0.007081738137313592, 0.007081738137313592, 0.007081738137313592, 0.007081738137313592, 0.007081738137313592, 0.007081738137313592, 0.007081738137313592, 0.007081738137313592, 0.007081738137313592, 0.007081738137313592, 0.007081738137313592, 0.007081738137313592, 0.007081738137313592, 0.007081738137313592, 0.007081738137313592, 0.007081738137313592, 0.007081738137313592, 0.007081738137313592, 0.007081738137313592, 0.007081738137313592, 0.007081738137313592, 0.007081738137313592, 0.007081738137313592, 0.007081738137313592, 0.007081738137313592, 0.007081738137313592, 0.007081738137313592, 0.007081738137313592, 0.007081738137313592, 0.007081738137313592, 0.007081738137313592, 0.007081738137313592, 0.007081738137313592, 0.007081738137313592, 0.007081738137313592, 0.007081738137313592, 0.007081738137313592, 0.007081738137313592, 0.007081738137313592, 0.007081738137313592, 0.007081738137313592, 0.007081738137313592, 0.007081738137313592, 0.007081738137313592, 0.007081738137313592, 0.007081738137313592, 0.007081738137313592, 0.007081738137313592, 0.007081738137313592, 0.007081738137313592, 0.007081738137313592, 0.007081738137313592, 0.007081738137313592, 0.007081738137313592, 0.007081738137313592, 0.007081738137313592, 0.007081738137313592, 0.007081738137313592, 0.007081738137313592, 0.007081738137313592, 0.007081738137313592, 0.007081738137313592, 0.007081738137313592, 0.007081738137313592, 0.007081738137313592, 0.007081738137313592, 0.007081738137313592, 0.007081738137313592, 0.007081738137313592, 0.007081738137313592, 0.007081738137313592, 0.007081738137313592, 0.007081738137313592, 0.007081738137313592, 0.007081738137313592, 0.007081738137313592, 0.007081738137313592, 0.007081738137313592, 0.007081738137313592, 0.007081738137313592, 0.007081738137313592, 0.007081738137313592, 0.007081738137313592, 0.007081738137313592, 0.007081738137313592, 0.007081738137313592, 0.007081738137313592, 0.007081738137313592, 0.007081738137313592, 0.007081738137313592, 0.007081738137313592, 0.007081738137313592, 0.007081738137313592, 0.007081738137313592, 0.007081738137313592, 0.007081738137313592, 0.007081738137313592, 0.007081738137313592, 0.007081738137313592, 0.007081738137313592, 0.007081738137313592, 0.007081738137313592, 0.007081738137313592, 0.007081738137313592, 0.007081738137313592, 0.007081738137313592, 0.007081738137313592, 0.007081738137313592, 0.007081738137313592, 0.007081738137313592, 0.007081738137313592, 0.007081738137313592, 0.007081738137313592, 0.007081738137313592, 0.007081738137313592, 0.007081738137313592, 0.007081738137313592, 0.007081738137313592, 0.007081738137313592, 0.007081738137313592, 0.007081738137313592, 0.007081738137313592, 0.007081738137313592, 0.007081738137313592, 0.007081738137313592, 0.007081738137313592, 0.007081738137313592, 0.007081738137313592, 0.007081738137313592, 0.007081738137313592, 0.007081738137313592, 0.007081738137313592, 0.007081738137313592, 0.007081738137313592, 0.007081738137313592, 0.007081738137313592, 0.007081738137313592, 0.007081738137313592, 0.007081738137313592, 0.007081738137313592, 0.007081738137313592, 0.007081738137313592, 0.007081738137313592, 0.007081738137313592, 0.007081738137313592, 0.007081738137313592, 0.007081738137313592, 0.007081738137313592, 0.007081738137313592, 0.007081738137313592, 0.007081738137313592, 0.007081738137313592, 0.007081738137313592, 0.007081738137313592, 0.007081738137313592, 0.007081738137313592, 0.007081738137313592, 0.007081738137313592, 0.007081738137313592, 0.007081738137313592, 0.007081738137313592, 0.007081738137313592, 0.007081738137313592, 0.007081738137313592, 0.007081738137313592, 0.007081738137313592, 0.007081738137313592, 0.007081738137313592, 0.007081738137313592, 0.007081738137313592, 0.007081738137313592, 0.007081738137313592, 0.007081738137313592, 0.007081738137313592, 0.007081738137313592, 0.007081738137313592, 0.007081738137313592, 0.007081738137313592, 0.007081738137313592, 0.007081738137313592, 0.007081738137313592, 0.007081738137313592, 0.007081738137313592, 0.007081738137313592, 0.007081738137313592, 0.007081738137313592, 0.007081738137313592, 0.007081738137313592, 0.007081738137313592, 0.007081738137313592, 0.007081738137313592, 0.007081738137313592, 0.007081738137313592, 0.007081738137313592, 0.007081738137313592, 0.007081738137313592, 0.007081738137313592, 0.007081738137313592, 0.007081738137313592, 0.007081738137313592, 0.007081738137313592, 0.007081738137313592, 0.007081738137313592, 0.007081738137313592, 0.007081738137313592, 0.007081738137313592, 0.007081738137313592, 0.007081738137313592, 0.007081738137313592, 0.007081738137313592, 0.007081738137313592, 0.007081738137313592, 0.007081738137313592, 0.007081738137313592, 0.007081738137313592, 0.007081738137313592, 0.007081738137313592, 0.007081738137313592, 0.007081738137313592, 0.007081738137313592, 0.007081738137313592, 0.007081738137313592, 0.007081738137313592, 0.007081738137313592, 0.007081738137313592, 0.007081738137313592, 0.007081738137313592, 0.007081738137313592, 0.007081738137313592, 0.007081738137313592, 0.007081738137313592, 0.007081738137313592, 0.007081738137313592, 0.007081738137313592, 0.007081738137313592, 0.007081738137313592, 0.007081738137313592, 0.007081738137313592, 0.007081738137313592, 0.007081738137313592, 0.007081738137313592, 0.007081738137313592, 0.007081738137313592, 0.007081738137313592, 0.007081738137313592, 0.007081738137313592, 0.007081738137313592, 0.007081738137313592, 0.007081738137313592, 0.007081738137313592, 0.007081738137313592, 0.007081738137313592, 0.007081738137313592, 0.007081738137313592, 0.007081738137313592, 0.007081738137313592, 0.007081738137313592, 0.007081738137313592, 0.007081738137313592, 0.007081738137313592, 0.007081738137313592, 0.007081738137313592, 0.007081738137313592, 0.007081738137313592, 0.007081738137313592, 0.007081738137313592, 0.007081738137313592, 0.007081738137313592, 0.007081738137313592, 0.007081738137313592, 0.007081738137313592, 0.007081738137313592, 0.007081738137313592, 0.007081738137313592, 0.007081738137313592, 0.007081738137313592, 0.007081738137313592, 0.007081738137313592, 0.007081738137313592, 0.007081738137313592, 0.007081738137313592, 0.007081738137313592, 0.007081738137313592, 0.007081738137313592, 0.007081738137313592, 0.007081738137313592, 0.007081738137313592, 0.007081738137313592, 0.007081738137313592, 0.007081738137313592, 0.007081738137313592, 0.007081738137313592, 0.007081738137313592, 0.007081738137313592, 0.007081738137313592, 0.007081738137313592, 0.007081738137313592, 0.007081738137313592, 0.007081738137313592, 0.007081738137313592, 0.007081738137313592, 0.007081738137313592, 0.007081738137313592, 0.007081738137313592, 0.007081738137313592, 0.007081738137313592, 0.007081738137313592, 0.007081738137313592, 0.007081738137313592, 0.007081738137313592, 0.007081738137313592, 0.007081738137313592, 0.007081738137313592, 0.007081738137313592, 0.007081738137313592, 0.007081738137313592, 0.007081738137313592, 0.007081738137313592, 0.007081738137313592, 0.007081738137313592, 0.007081738137313592, 0.007081738137313592, 0.007081738137313592, 0.007081738137313592, 0.007081738137313592, 0.007081738137313592, 0.007081738137313592, 0.007081738137313592, 0.007081738137313592, 0.007081738137313592, 0.007081738137313592, 0.007081738137313592, 0.007081738137313592, 0.007081738137313592, 0.007081738137313592, 0.007081738137313592, 0.007081738137313592, 0.007081738137313592, 0.007081738137313592, 0.007081738137313592, 0.007081738137313592, 0.007081738137313592, 0.007081738137313592, 0.007081738137313592, 0.007081738137313592, 0.007081738137313592, 0.007081738137313592, 0.007081738137313592, 0.007081738137313592, 0.007081738137313592, 0.007081738137313592, 0.007081738137313592, 0.007081738137313592, 0.007081738137313592, 0.007081738137313592, 0.007081738137313592, 0.007081738137313592, 0.007081738137313592, 0.007081738137313592, 0.007081738137313592, 0.007081738137313592, 0.007081738137313592, 0.007081738137313592, 0.007081738137313592, 0.007081738137313592, 0.007081738137313592, 0.007081738137313592, 0.007081738137313592, 0.007081738137313592, 0.007081738137313592, 0.007081738137313592, 0.007081738137313592, 0.007081738137313592, 0.007081738137313592, 0.007081738137313592, 0.007081738137313592, 0.007081738137313592, 0.007081738137313592, 0.007081738137313592, 0.007081738137313592, 0.007081738137313592, 0.007081738137313592, 0.007081738137313592, 0.007081738137313592, 0.007081738137313592, 0.007081738137313592, 0.007081738137313592, 0.007081738137313592, 0.007081738137313592, 0.007081738137313592, 0.007081738137313592, 0.007081738137313592, 0.007081738137313592, 0.007081738137313592, 0.007081738137313592, 0.007081738137313592, 0.007081738137313592, 0.007081738137313592, 0.007081738137313592, 0.007081738137313592, 0.007081738137313592, 0.007081738137313592, 0.007081738137313592, 0.007081738137313592, 0.007081738137313592, 0.007081738137313592, 0.007081738137313592, 0.007081738137313592, 0.007081738137313592, 0.007081738137313592, 0.007081738137313592, 0.007081738137313592, 0.007081738137313592, 0.007081738137313592, 0.007081738137313592, 0.007081738137313592, 0.007081738137313592, 0.007081738137313592, 0.007081738137313592, 0.007081738137313592, 0.007081738137313592, 0.007081738137313592, 0.007081738137313592, 0.007081738137313592, 0.007081738137313592, 0.007081738137313592, 0.007081738137313592, 0.007081738137313592, 0.007081738137313592, 0.007081738137313592, 0.007081738137313592, 0.007081738137313592, 0.007081738137313592, 0.007081738137313592, 0.007081738137313592, 0.007081738137313592, 0.007081738137313592, 0.007081738137313592, 0.007081738137313592, 0.007081738137313592, 0.007081738137313592, 0.007081738137313592, 0.007081738137313592, 0.007081738137313592, 0.007081738137313592, 0.007081738137313592, 0.007081738137313592, 0.007081738137313592, 0.007081738137313592, 0.007081738137313592, 0.007081738137313592, 0.007081738137313592, 0.007081738137313592, 0.007081738137313592, 0.007081738137313592, 0.007081738137313592, 0.007081738137313592, 0.007081738137313592, 0.007081738137313592, 0.007081738137313592, 0.007081738137313592, 0.007081738137313592, 0.007081738137313592, 0.007081738137313592, 0.007081738137313592, 0.007081738137313592, 0.007081738137313592, 0.007081738137313592, 0.007081738137313592, 0.007081738137313592, 0.007081738137313592, 0.007081738137313592, 0.007081738137313592, 0.007081738137313592, 0.007081738137313592, 0.007081738137313592, 0.007081738137313592, 0.007081738137313592, 0.007081738137313592, 0.007081738137313592, 0.007081738137313592, 0.007081738137313592, 0.007081738137313592, 0.007081738137313592, 0.007081738137313592, 0.007081738137313592, 0.007081738137313592, 0.007081738137313592, 0.007081738137313592, 0.007081738137313592, 0.007081738137313592, 0.007081738137313592, 0.007081738137313592, 0.007081738137313592, 0.007081738137313592, 0.007081738137313592, 0.007081738137313592, 0.007081738137313592, 0.007081738137313592, 0.007081738137313592, 0.007081738137313592, 0.007081738137313592, 0.007081738137313592, 0.007081738137313592, 0.007081738137313592, 0.007081738137313592, 0.007081738137313592, 0.007081738137313592, 0.007081738137313592, 0.007081738137313592, 0.007081738137313592, 0.007081738137313592, 0.007081738137313592, 0.007081738137313592, 0.007081738137313592, 0.007081738137313592, 0.007081738137313592, 0.007081738137313592, 0.007081738137313592, 0.007081738137313592, 0.007081738137313592, 0.007081738137313592, 0.007081738137313592, 0.007081738137313592, 0.007081738137313592, 0.007081738137313592, 0.007081738137313592, 0.007081738137313592, 0.007081738137313592, 0.007081738137313592, 0.007081738137313592, 0.007081738137313592, 0.007081738137313592, 0.007081738137313592, 0.007081738137313592, 0.007081738137313592, 0.007081738137313592, 0.007081738137313592, 0.007081738137313592, 0.007081738137313592, 0.007081738137313592, 0.007081738137313592, 0.007081738137313592, 0.007081738137313592, 0.007081738137313592, 0.007081738137313592, 0.007081738137313592, 0.007081738137313592, 0.007081738137313592, 0.007081738137313592, 0.007081738137313592, 0.007081738137313592, 0.007081738137313592, 0.007081738137313592, 0.007081738137313592, 0.007081738137313592, 0.007081738137313592, 0.007081738137313592, 0.007081738137313592, 0.007081738137313592, 0.007081738137313592, 0.007081738137313592, 0.007081738137313592, 0.007081738137313592, 0.007081738137313592, 0.007081738137313592, 0.007081738137313592, 0.007081738137313592, 0.007081738137313592, 0.007081738137313592, 0.007081738137313592, 0.007081738137313592, 0.007081738137313592, 0.007081738137313592, 0.007081738137313592, 0.007081738137313592, 0.007081738137313592, 0.007081738137313592, 0.007081738137313592, 0.007081738137313592, 0.007081738137313592, 0.007081738137313592, 0.007081738137313592, 0.007081738137313592, 0.007081738137313592, 0.007081738137313592, 0.007081738137313592, 0.007081738137313592, 0.007081738137313592, 0.007081738137313592, 0.007081738137313592, 0.007081738137313592, 0.007081738137313592, 0.007081738137313592, 0.007081738137313592, 0.007081738137313592, 0.007081738137313592, 0.007081738137313592, 0.007081738137313592, 0.007081738137313592, 0.007081738137313592, 0.007081738137313592, 0.007081738137313592, 0.007081738137313592, 0.007081738137313592, 0.007081738137313592, 0.007081738137313592, 0.007081738137313592, 0.007081738137313592, 0.007081738137313592, 0.007081738137313592, 0.007081738137313592, 0.007081738137313592, 0.007081738137313592, 0.007081738137313592, 0.007081738137313592, 0.007081738137313592, 0.007081738137313592, 0.007081738137313592, 0.007081738137313592, 0.007081738137313592, 0.007081738137313592, 0.007081738137313592, 0.007081738137313592, 0.007081738137313592, 0.007081738137313592, 0.007081738137313592, 0.007081738137313592, 0.007081738137313592, 0.007081738137313592, 0.007081738137313592, 0.007081738137313592, 0.007081738137313592, 0.007081738137313592, 0.007081738137313592, 0.007081738137313592, 0.007081738137313592, 0.007081738137313592, 0.007081738137313592, 0.007081738137313592, 0.007081738137313592, 0.007081738137313592, 0.007081738137313592, 0.007081738137313592, 0.007081738137313592, 0.007081738137313592, 0.007081738137313592, 0.007081738137313592, 0.007081738137313592, 0.007081738137313592, 0.007081738137313592, 0.007081738137313592, 0.007081738137313592, 0.007081738137313592, 0.007081738137313592, 0.007081738137313592, 0.007081738137313592, 0.007081738137313592, 0.007081738137313592, 0.007081738137313592, 0.007081738137313592, 0.007081738137313592, 0.007081738137313592, 0.007081738137313592, 0.007081738137313592, 0.007081738137313592, 0.007081738137313592, 0.007081738137313592, 0.007081738137313592, 0.007081738137313592, 0.007081738137313592, 0.007081738137313592, 0.007081738137313592, 0.007081738137313592, 0.007081738137313592, 0.007081738137313592, 0.007081738137313592, 0.007081738137313592, 0.007081738137313592, 0.007081738137313592, 0.007081738137313592, 0.007081738137313592, 0.007081738137313592, 0.007081738137313592, 0.007081738137313592, 0.007081738137313592, 0.007081738137313592, 0.007081738137313592, 0.007081738137313592, 0.007081738137313592, 0.007081738137313592, 0.007081738137313592, 0.007081738137313592, 0.007081738137313592, 0.007081738137313592, 0.007081738137313592, 0.007081738137313592, 0.007081738137313592, 0.007081738137313592, 0.007081738137313592, 0.007081738137313592, 0.007081738137313592, 0.007081738137313592, 0.007081738137313592, 0.007081738137313592, 0.007081738137313592, 0.007081738137313592, 0.007081738137313592, 0.007081738137313592, 0.007081738137313592, 0.007081738137313592, 0.007081738137313592, 0.007081738137313592, 0.007081738137313592, 0.007081738137313592, 0.007081738137313592, 0.007081738137313592, 0.007081738137313592, 0.007081738137313592, 0.007081738137313592, 0.007081738137313592, 0.007081738137313592, 0.007081738137313592, 0.007081738137313592, 0.007081738137313592, 0.007081738137313592, 0.007081738137313592, 0.007081738137313592, 0.007081738137313592, 0.007081738137313592, 0.007081738137313592, 0.007081738137313592, 0.007081738137313592, 0.007081738137313592, 0.007081738137313592, 0.007081738137313592, 0.007081738137313592, 0.007081738137313592, 0.007081738137313592, 0.007081738137313592, 0.007081738137313592, 0.007081738137313592, 0.007081738137313592, 0.007081738137313592, 0.007081738137313592, 0.007081738137313592, 0.007081738137313592, 0.007081738137313592, 0.007081738137313592, 0.007081738137313592, 0.007081738137313592, 0.007081738137313592]",EGB_XGB_GAM_BEST_FIT_BEST_FIT,synthetic_ordering1000,2,5,42,150
"['offset', 'x1', 'x2', 'x3', 'x4', 'x5', 'x6', 'x7', 'x8', 'x9', 'x10', 'x11', 'x12', 'x13', 'x14', 'x15', 'x16', 'x17', 'x18', 'x19', 'x20', 'x21', 'x22', 'x23', 'x24', 'x25', 'x26', 'x27', 'x28', 'x29', 'x30', 'x31', 'x32', 'x33', 'x34', 'x35', 'x36', 'x37', 'x38', 'x39', 'x40', 'x41', 'x42', 'x43', 'x44', 'x45', 'x46', 'x47', 'x48', 'x49', 'x50', 'x51', 'x52', 'x53', 'x54', 'x55', 'x56', 'x57', 'x58', 'x59', 'x60', 'x61', 'x62', 'x63', 'x64', 'x65', 'x66', 'x67', 'x68', 'x69', 'x70', 'x71', 'x72', 'x73', 'x74', 'x75', 'x76', 'x77', 'x78', 'x79', 'x80', 'x81', 'x82', 'x83', 'x84', 'x85', 'x86', 'x87', 'x88', 'x89', 'x90', 'x91', 'x92', 'x93', 'x94', 'x95', 'x96', 'x97', 'x98', 'x99', 'x100', 'x101', 'x102', 'x103', 'x104', 'x105', 'x106', 'x107', 'x108', 'x109', 'x110', 'x111', 'x112', 'x113', 'x114', 'x115', 'x116', 'x117', 'x118', 'x119', 'x120', 'x121', 'x122', 'x123', 'x124', 'x125', 'x126', 'x127', 'x128', 'x129', 'x130', 'x131', 'x132', 'x133', 'x134', 'x135', 'x136', 'x137', 'x138', 'x139', 'x140', 'x141', 'x142', 'x143', 'x144', 'x145', 'x146', 'x147', 'x148', 'x149', 'x150', 'x151', 'x152', 'x153', 'x154', 'x155', 'x156', 'x157', 'x158', 'x159', 'x160', 'x161', 'x162', 'x163', 'x164', 'x165', 'x166', 'x167', 'x168', 'x169', 'x170', 'x171', 'x172', 'x173', 'x174', 'x175', 'x176', 'x177', 'x178', 'x179', 'x180', 'x181', 'x182', 'x183', 'x184', 'x185', 'x186', 'x187', 'x188', 'x189', 'x190', 'x191', 'x192', 'x193', 'x194', 'x195', 'x196', 'x197', 'x198', 'x199', 'x200', 'x201', 'x202', 'x203', 'x204', 'x205', 'x206', 'x207', 'x208', 'x209', 'x210', 'x211', 'x212', 'x213', 'x214', 'x215', 'x216', 'x217', 'x218', 'x219', 'x220', 'x221', 'x222', 'x223', 'x224', 'x225', 'x226', 'x227', 'x228', 'x229', 'x230', 'x231', 'x232', 'x233', 'x234', 'x235', 'x236', 'x237', 'x238', 'x239', 'x240', 'x241', 'x242', 'x243', 'x244', 'x245', 'x246', 'x247', 'x248', 'x249', 'x250', 'x251', 'x252', 'x253', 'x254', 'x255', 'x256', 'x257', 'x258', 'x259', 'x260', 'x261', 'x262', 'x263', 'x264', 'x265', 'x266', 'x267', 'x268', 'x269', 'x270', 'x271', 'x272', 'x273', 'x274', 'x275', 'x276', 'x277', 'x278', 'x279', 'x280', 'x281', 'x282', 'x283', 'x284', 'x285', 'x286', 'x287', 'x288', 'x289', 'x290', 'x291', 'x292', 'x293', 'x294', 'x295', 'x296', 'x297', 'x298', 'x299', 'x300', 'x301', 'x302', 'x303', 'x304', 'x305', 'x306', 'x307', 'x308', 'x309', 'x310', 'x311', 'x312', 'x313', 'x314', 'x315', 'x316', 'x317', 'x318', 'x319', 'x320', 'x321', 'x322', 'x323', 'x324', 'x325', 'x326', 'x327', 'x328', 'x329', 'x330', 'x331', 'x332', 'x333', 'x334', 'x335', 'x336', 'x337', 'x338', 'x339', 'x340', 'x341', 'x342', 'x343', 'x344', 'x345', 'x346', 'x347', 'x348', 'x349', 'x350', 'x351', 'x352', 'x353', 'x354', 'x355', 'x356', 'x357', 'x358', 'x359', 'x360', 'x361', 'x362', 'x363', 'x364', 'x365', 'x366', 'x367', 'x368', 'x369', 'x370', 'x371', 'x372', 'x373', 'x374', 'x375', 'x376', 'x377', 'x378', 'x379', 'x380', 'x381', 'x382', 'x383', 'x384', 'x385', 'x386', 'x387', 'x388', 'x389', 'x390', 'x391', 'x392', 'x393', 'x394', 'x395', 'x396', 'x397', 'x398', 'x399', 'x400', 'x401', 'x402', 'x403', 'x404', 'x405', 'x406', 'x407', 'x408', 'x409', 'x410', 'x411', 'x412', 'x413', 'x414', 'x415', 'x416', 'x417', 'x418', 'x419', 'x420', 'x421', 'x422', 'x423', 'x424', 'x425', 'x426', 'x427', 'x428', 'x429', 'x430', 'x431', 'x432', 'x433', 'x434', 'x435', 'x436', 'x437', 'x438', 'x439', 'x440', 'x441', 'x442', 'x443', 'x444', 'x445', 'x446', 'x447', 'x448', 'x449', 'x450', 'x451', 'x452', 'x453', 'x454', 'x455', 'x456', 'x457', 'x458', 'x459', 'x460', 'x461', 'x462', 'x463', 'x464', 'x465', 'x466', 'x467', 'x468', 'x469', 'x470', 'x471', 'x472', 'x473', 'x474', 'x475', 'x476', 'x477', 'x478', 'x479', 'x480', 'x481', 'x482', 'x483', 'x484', 'x485', 'x486', 'x487', 'x488', 'x489', 'x490', 'x491', 'x492', 'x493', 'x494', 'x495', 'x496', 'x497', 'x498', 'x499', 'x500', 'x501', 'x502', 'x503', 'x504', 'x505', 'x506', 'x507', 'x508', 'x509', 'x510', 'x511', 'x512', 'x513', 'x514', 'x515', 'x516', 'x517', 'x518', 'x519', 'x520', 'x521', 'x522', 'x523', 'x524', 'x525', 'x526', 'x527', 'x528', 'x529', 'x530', 'x531', 'x532', 'x533', 'x534', 'x535', 'x536', 'x537', 'x538', 'x539', 'x540', 'x541', 'x542', 'x543', 'x544', 'x545', 'x546', 'x547', 'x548', 'x549', 'x550', 'x551', 'x552', 'x553', 'x554', 'x555', 'x556', 'x557', 'x558', 'x559', 'x560', 'x561', 'x562', 'x563', 'x564', 'x565', 'x566', 'x567', 'x568', 'x569', 'x570', 'x571', 'x572', 'x573', 'x574', 'x575', 'x576', 'x577', 'x578', 'x579', 'x580', 'x581', 'x582', 'x583', 'x584', 'x585', 'x586', 'x587', 'x588', 'x589', 'x590', 'x591', 'x592', 'x593', 'x594', 'x595', 'x596', 'x597', 'x598', 'x599', 'x600', 'x601', 'x602', 'x603', 'x604', 'x605', 'x606', 'x607', 'x608', 'x609', 'x610', 'x611', 'x612', 'x613', 'x614', 'x615', 'x616', 'x617', 'x618', 'x619', 'x620', 'x621', 'x622', 'x623', 'x624', 'x625', 'x626', 'x627', 'x628', 'x629', 'x630', 'x631', 'x632', 'x633', 'x634', 'x635', 'x636', 'x637', 'x638', 'x639', 'x640', 'x641', 'x642', 'x643', 'x644', 'x645', 'x646', 'x647', 'x648', 'x649', 'x650', 'x651', 'x652', 'x653', 'x654', 'x655', 'x656', 'x657', 'x658', 'x659', 'x660', 'x661', 'x662', 'x663', 'x664', 'x665', 'x666', 'x667', 'x668', 'x669', 'x670', 'x671', 'x672', 'x673', 'x674', 'x675', 'x676', 'x677', 'x678', 'x679', 'x680', 'x681', 'x682', 'x683', 'x684', 'x685', 'x686', 'x687', 'x688', 'x689', 'x690', 'x691', 'x692', 'x693', 'x694', 'x695', 'x696', 'x697', 'x698', 'x699', 'x700', 'x701', 'x702', 'x703', 'x704', 'x705', 'x706', 'x707', 'x708', 'x709', 'x710', 'x711', 'x712', 'x713', 'x714', 'x715', 'x716', 'x717', 'x718', 'x719', 'x720', 'x721', 'x722', 'x723', 'x724', 'x725', 'x726', 'x727', 'x728', 'x729', 'x730', 'x731', 'x732', 'x733', 'x734', 'x735', 'x736', 'x737', 'x738', 'x739', 'x740', 'x741', 'x742', 'x743', 'x744', 'x745', 'x746', 'x747', 'x748', 'x749', 'x750', 'x751', 'x752', 'x753', 'x754', 'x755', 'x756', 'x757', 'x758', 'x759', 'x760', 'x761', 'x762', 'x763', 'x764', 'x765', 'x766', 'x767', 'x768', 'x769', 'x770', 'x771', 'x772', 'x773', 'x774', 'x775', 'x776', 'x777', 'x778', 'x779', 'x780', 'x781', 'x782', 'x783', 'x784', 'x785', 'x786', 'x787', 'x788', 'x789', 'x790', 'x791', 'x792', 'x793', 'x794', 'x795', 'x796', 'x797', 'x798', 'x799', 'x800', 'x801', 'x802', 'x803', 'x804', 'x805', 'x806', 'x807', 'x808', 'x809', 'x810', 'x811', 'x812', 'x813', 'x814', 'x815', 'x816', 'x817', 'x818', 'x819', 'x820', 'x821', 'x822', 'x823', 'x824', 'x825', 'x826', 'x827', 'x828', 'x829', 'x830', 'x831', 'x832', 'x833', 'x834', 'x835', 'x836', 'x837', 'x838', 'x839', 'x840', 'x841', 'x842', 'x843', 'x844', 'x845', 'x846', 'x847', 'x848', 'x849', 'x850', 'x851', 'x852', 'x853', 'x854', 'x855', 'x856', 'x857', 'x858', 'x859', 'x860', 'x861', 'x862', 'x863', 'x864', 'x865', 'x866', 'x867', 'x868', 'x869', 'x870', 'x871', 'x872', 'x873', 'x874', 'x875', 'x876', 'x877', 'x878', 'x879', 'x880', 'x881', 'x882', 'x883', 'x884', 'x885', 'x886', 'x887', 'x888', 'x889', 'x890', 'x891', 'x892', 'x893', 'x894', 'x895', 'x896', 'x897', 'x898', 'x899', 'x900', 'x901', 'x902', 'x903', 'x904', 'x905', 'x906', 'x907', 'x908', 'x909', 'x910', 'x911', 'x912', 'x913', 'x914', 'x915', 'x916', 'x917', 'x918', 'x919', 'x920', 'x921', 'x922', 'x923', 'x924', 'x925', 'x926', 'x927', 'x928', 'x929', 'x930', 'x931', 'x932', 'x933', 'x934', 'x935', 'x936', 'x937', 'x938', 'x939', 'x940', 'x941', 'x942', 'x943', 'x944', 'x945', 'x946', 'x947', 'x948', 'x949', 'x950', 'x951', 'x952', 'x953', 'x954', 'x955', 'x956', 'x957', 'x958', 'x959', 'x960', 'x961', 'x962', 'x963', 'x964', 'x965', 'x966', 'x967', 'x968', 'x969', 'x970', 'x971', 'x972', 'x973', 'x974', 'x975', 'x976', 'x977', 'x978', 'x979', 'x980', 'x981', 'x982', 'x983', 'x984', 'x985', 'x986', 'x987', 'x988', 'x989', 'x990', 'x991', 'x992', 'x993', 'x994', 'x995', 'x996', 'x997', 'x998', 'x999', 'x1000']","[0.7174612742975268, 0.7174612742975268, 0.006142823352542561, 0.006142823352542561, 0.006142823352542561, 0.006142823352542561, 0.006142823352542561, 0.006142823352542561, 0.006142823352542561, 0.006142823352542561, 0.006142823352542561, 0.006142823352542561, 0.006142823352542561, 0.006142823352542561, 0.006142823352542561, 0.006142823352542561, 0.006142823352542561, 0.006142823352542561, 0.006142823352542561, 0.006142823352542561, 0.006142823352542561, 0.006142823352542561, 0.006142823352542561, 0.006142823352542561, 0.006142823352542561, 0.006142823352542561, 0.006142823352542561, 0.006142823352542561, 0.006142823352542561, 0.006142823352542561, 0.006142823352542561, 0.006142823352542561, 0.006142823352542561, 0.006142823352542561, 0.006142823352542561, 0.006142823352542561, 0.006142823352542561, 0.006142823352542561, 0.006142823352542561, 0.006142823352542561, 0.006142823352542561, 0.006142823352542561, 0.006142823352542561, 0.006142823352542561, 0.006142823352542561, 0.006142823352542561, 0.006142823352542561, 0.006142823352542561, 0.006142823352542561, 0.006142823352542561, 0.006142823352542561, 0.006142823352542561, 0.006142823352542561, 0.006142823352542561, 0.006142823352542561, 0.006142823352542561, 0.006142823352542561, 0.006142823352542561, 0.006142823352542561, 0.006142823352542561, 0.006142823352542561, 0.006142823352542561, 0.006142823352542561, 0.006142823352542561, 0.006142823352542561, 0.006142823352542561, 0.006142823352542561, 0.006142823352542561, 0.006142823352542561, 0.006142823352542561, 0.006142823352542561, 0.006142823352542561, 0.006142823352542561, 0.006142823352542561, 0.006142823352542561, 0.006142823352542561, 0.006142823352542561, 0.006142823352542561, 0.006142823352542561, 0.006142823352542561, 0.006142823352542561, 0.006142823352542561, 0.006142823352542561, 0.006142823352542561, 0.006142823352542561, 0.006142823352542561, 0.006142823352542561, 0.006142823352542561, 0.006142823352542561, 0.006142823352542561, 0.006142823352542561, 0.006142823352542561, 0.006142823352542561, 0.006142823352542561, 0.006142823352542561, 0.006142823352542561, 0.006142823352542561, 0.006142823352542561, 0.006142823352542561, 0.006142823352542561, 0.006142823352542561, 0.006142823352542561, 0.006142823352542561, 0.006142823352542561, 0.006142823352542561, 0.006142823352542561, 0.006142823352542561, 0.006142823352542561, 0.006142823352542561, 0.006142823352542561, 0.006142823352542561, 0.006142823352542561, 0.006142823352542561, 0.006142823352542561, 0.006142823352542561, 0.006142823352542561, 0.006142823352542561, 0.006142823352542561, 0.006142823352542561, 0.006142823352542561, 0.006142823352542561, 0.006142823352542561, 0.006142823352542561, 0.006142823352542561, 0.006142823352542561, 0.006142823352542561, 0.006142823352542561, 0.006142823352542561, 0.006142823352542561, 0.006142823352542561, 0.006142823352542561, 0.006142823352542561, 0.006142823352542561, 0.006142823352542561, 0.006142823352542561, 0.006142823352542561, 0.006142823352542561, 0.006142823352542561, 0.006142823352542561, 0.006142823352542561, 0.006142823352542561, 0.006142823352542561, 0.006142823352542561, 0.006142823352542561, 0.006142823352542561, 0.006142823352542561, 0.006142823352542561, 0.006142823352542561, 0.006142823352542561, 0.006142823352542561, 0.006142823352542561, 0.006142823352542561, 0.006142823352542561, 0.006142823352542561, 0.006142823352542561, 0.006142823352542561, 0.006142823352542561, 0.006142823352542561, 0.006142823352542561, 0.006142823352542561, 0.006142823352542561, 0.006142823352542561, 0.006142823352542561, 0.006142823352542561, 0.006142823352542561, 0.006142823352542561, 0.006142823352542561, 0.006142823352542561, 0.006142823352542561, 0.006142823352542561, 0.006142823352542561, 0.006142823352542561, 0.006142823352542561, 0.006142823352542561, 0.006142823352542561, 0.006142823352542561, 0.006142823352542561, 0.006142823352542561, 0.006142823352542561, 0.006142823352542561, 0.006142823352542561, 0.006142823352542561, 0.006142823352542561, 0.006142823352542561, 0.006142823352542561, 0.006142823352542561, 0.006142823352542561, 0.006142823352542561, 0.006142823352542561, 0.006142823352542561, 0.006142823352542561, 0.006142823352542561, 0.006142823352542561, 0.006142823352542561, 0.006142823352542561, 0.006142823352542561, 0.006142823352542561, 0.006142823352542561, 0.006142823352542561, 0.006142823352542561, 0.006142823352542561, 0.006142823352542561, 0.006142823352542561, 0.006142823352542561, 0.006142823352542561, 0.006142823352542561, 0.006142823352542561, 0.006142823352542561, 0.006142823352542561, 0.006142823352542561, 0.006142823352542561, 0.006142823352542561, 0.006142823352542561, 0.006142823352542561, 0.006142823352542561, 0.006142823352542561, 0.006142823352542561, 0.006142823352542561, 0.006142823352542561, 0.006142823352542561, 0.006142823352542561, 0.006142823352542561, 0.006142823352542561, 0.006142823352542561, 0.006142823352542561, 0.006142823352542561, 0.006142823352542561, 0.006142823352542561, 0.006142823352542561, 0.006142823352542561, 0.006142823352542561, 0.006142823352542561, 0.006142823352542561, 0.006142823352542561, 0.006142823352542561, 0.006142823352542561, 0.006142823352542561, 0.006142823352542561, 0.006142823352542561, 0.006142823352542561, 0.006142823352542561, 0.006142823352542561, 0.006142823352542561, 0.006142823352542561, 0.006142823352542561, 0.006142823352542561, 0.006142823352542561, 0.006142823352542561, 0.006142823352542561, 0.006142823352542561, 0.006142823352542561, 0.006142823352542561, 0.006142823352542561, 0.006142823352542561, 0.006142823352542561, 0.006142823352542561, 0.006142823352542561, 0.006142823352542561, 0.006142823352542561, 0.006142823352542561, 0.006142823352542561, 0.006142823352542561, 0.006142823352542561, 0.006142823352542561, 0.006142823352542561, 0.006142823352542561, 0.006142823352542561, 0.006142823352542561, 0.006142823352542561, 0.006142823352542561, 0.006142823352542561, 0.006142823352542561, 0.006142823352542561, 0.006142823352542561, 0.006142823352542561, 0.006142823352542561, 0.006142823352542561, 0.006142823352542561, 0.006142823352542561, 0.006142823352542561, 0.006142823352542561, 0.006142823352542561, 0.006142823352542561, 0.006142823352542561, 0.006142823352542561, 0.006142823352542561, 0.006142823352542561, 0.006142823352542561, 0.006142823352542561, 0.006142823352542561, 0.006142823352542561, 0.006142823352542561, 0.006142823352542561, 0.006142823352542561, 0.006142823352542561, 0.006142823352542561, 0.006142823352542561, 0.006142823352542561, 0.006142823352542561, 0.006142823352542561, 0.006142823352542561, 0.006142823352542561, 0.006142823352542561, 0.006142823352542561, 0.006142823352542561, 0.006142823352542561, 0.006142823352542561, 0.006142823352542561, 0.006142823352542561, 0.006142823352542561, 0.006142823352542561, 0.006142823352542561, 0.006142823352542561, 0.006142823352542561, 0.006142823352542561, 0.006142823352542561, 0.006142823352542561, 0.006142823352542561, 0.006142823352542561, 0.006142823352542561, 0.006142823352542561, 0.006142823352542561, 0.006142823352542561, 0.006142823352542561, 0.006142823352542561, 0.006142823352542561, 0.006142823352542561, 0.006142823352542561, 0.006142823352542561, 0.006142823352542561, 0.006142823352542561, 0.006142823352542561, 0.006142823352542561, 0.006142823352542561, 0.006142823352542561, 0.006142823352542561, 0.006142823352542561, 0.006142823352542561, 0.006142823352542561, 0.006142823352542561, 0.006142823352542561, 0.006142823352542561, 0.006142823352542561, 0.006142823352542561, 0.006142823352542561, 0.006142823352542561, 0.006142823352542561, 0.006142823352542561, 0.006142823352542561, 0.006142823352542561, 0.006142823352542561, 0.006142823352542561, 0.006142823352542561, 0.006142823352542561, 0.006142823352542561, 0.006142823352542561, 0.006142823352542561, 0.006142823352542561, 0.006142823352542561, 0.006142823352542561, 0.006142823352542561, 0.006142823352542561, 0.006142823352542561, 0.006142823352542561, 0.006142823352542561, 0.006142823352542561, 0.006142823352542561, 0.006142823352542561, 0.006142823352542561, 0.006142823352542561, 0.006142823352542561, 0.006142823352542561, 0.006142823352542561, 0.006142823352542561, 0.006142823352542561, 0.006142823352542561, 0.006142823352542561, 0.006142823352542561, 0.006142823352542561, 0.006142823352542561, 0.006142823352542561, 0.006142823352542561, 0.006142823352542561, 0.006142823352542561, 0.006142823352542561, 0.006142823352542561, 0.006142823352542561, 0.006142823352542561, 0.006142823352542561, 0.006142823352542561, 0.006142823352542561, 0.006142823352542561, 0.006142823352542561, 0.006142823352542561, 0.006142823352542561, 0.006142823352542561, 0.006142823352542561, 0.006142823352542561, 0.006142823352542561, 0.006142823352542561, 0.006142823352542561, 0.006142823352542561, 0.006142823352542561, 0.006142823352542561, 0.006142823352542561, 0.006142823352542561, 0.006142823352542561, 0.006142823352542561, 0.006142823352542561, 0.006142823352542561, 0.006142823352542561, 0.006142823352542561, 0.006142823352542561, 0.006142823352542561, 0.006142823352542561, 0.006142823352542561, 0.006142823352542561, 0.006142823352542561, 0.006142823352542561, 0.006142823352542561, 0.006142823352542561, 0.006142823352542561, 0.006142823352542561, 0.006142823352542561, 0.006142823352542561, 0.006142823352542561, 0.006142823352542561, 0.006142823352542561, 0.006142823352542561, 0.006142823352542561, 0.006142823352542561, 0.006142823352542561, 0.006142823352542561, 0.006142823352542561, 0.006142823352542561, 0.006142823352542561, 0.006142823352542561, 0.006142823352542561, 0.006142823352542561, 0.006142823352542561, 0.006142823352542561, 0.006142823352542561, 0.006142823352542561, 0.006142823352542561, 0.006142823352542561, 0.006142823352542561, 0.006142823352542561, 0.006142823352542561, 0.006142823352542561, 0.006142823352542561, 0.006142823352542561, 0.006142823352542561, 0.006142823352542561, 0.006142823352542561, 0.006142823352542561, 0.006142823352542561, 0.006142823352542561, 0.006142823352542561, 0.006142823352542561, 0.006142823352542561, 0.006142823352542561, 0.006142823352542561, 0.006142823352542561, 0.006142823352542561, 0.006142823352542561, 0.006142823352542561, 0.006142823352542561, 0.006142823352542561, 0.006142823352542561, 0.006142823352542561, 0.006142823352542561, 0.006142823352542561, 0.006142823352542561, 0.006142823352542561, 0.006142823352542561, 0.006142823352542561, 0.006142823352542561, 0.006142823352542561, 0.006142823352542561, 0.006142823352542561, 0.006142823352542561, 0.006142823352542561, 0.006142823352542561, 0.006142823352542561, 0.006142823352542561, 0.006142823352542561, 0.006142823352542561, 0.006142823352542561, 0.006142823352542561, 0.006142823352542561, 0.006142823352542561, 0.006142823352542561, 0.006142823352542561, 0.006142823352542561, 0.006142823352542561, 0.006142823352542561, 0.006142823352542561, 0.006142823352542561, 0.006142823352542561, 0.006142823352542561, 0.006142823352542561, 0.006142823352542561, 0.006142823352542561, 0.006142823352542561, 0.006142823352542561, 0.006142823352542561, 0.006142823352542561, 0.006142823352542561, 0.006142823352542561, 0.006142823352542561, 0.006142823352542561, 0.006142823352542561, 0.006142823352542561, 0.006142823352542561, 0.006142823352542561, 0.006142823352542561, 0.006142823352542561, 0.006142823352542561, 0.006142823352542561, 0.006142823352542561, 0.006142823352542561, 0.006142823352542561, 0.006142823352542561, 0.006142823352542561, 0.006142823352542561, 0.006142823352542561, 0.006142823352542561, 0.006142823352542561, 0.006142823352542561, 0.006142823352542561, 0.006142823352542561, 0.006142823352542561, 0.006142823352542561, 0.006142823352542561, 0.006142823352542561, 0.006142823352542561, 0.006142823352542561, 0.006142823352542561, 0.006142823352542561, 0.006142823352542561, 0.006142823352542561, 0.006142823352542561, 0.006142823352542561, 0.006142823352542561, 0.006142823352542561, 0.006142823352542561, 0.006142823352542561, 0.006142823352542561, 0.006142823352542561, 0.006142823352542561, 0.006142823352542561, 0.006142823352542561, 0.006142823352542561, 0.006142823352542561, 0.006142823352542561, 0.006142823352542561, 0.006142823352542561, 0.006142823352542561, 0.006142823352542561, 0.006142823352542561, 0.006142823352542561, 0.006142823352542561, 0.006142823352542561, 0.006142823352542561, 0.006142823352542561, 0.006142823352542561, 0.006142823352542561, 0.006142823352542561, 0.006142823352542561, 0.006142823352542561, 0.006142823352542561, 0.006142823352542561, 0.006142823352542561, 0.006142823352542561, 0.006142823352542561, 0.006142823352542561, 0.006142823352542561, 0.006142823352542561, 0.006142823352542561, 0.006142823352542561, 0.006142823352542561, 0.006142823352542561, 0.006142823352542561, 0.006142823352542561, 0.006142823352542561, 0.006142823352542561, 0.006142823352542561, 0.006142823352542561, 0.006142823352542561, 0.006142823352542561, 0.006142823352542561, 0.006142823352542561, 0.006142823352542561, 0.006142823352542561, 0.006142823352542561, 0.006142823352542561, 0.006142823352542561, 0.006142823352542561, 0.006142823352542561, 0.006142823352542561, 0.006142823352542561, 0.006142823352542561, 0.006142823352542561, 0.006142823352542561, 0.006142823352542561, 0.006142823352542561, 0.006142823352542561, 0.006142823352542561, 0.006142823352542561, 0.006142823352542561, 0.006142823352542561, 0.006142823352542561, 0.006142823352542561, 0.006142823352542561, 0.006142823352542561, 0.006142823352542561, 0.006142823352542561, 0.006142823352542561, 0.006142823352542561, 0.006142823352542561, 0.006142823352542561, 0.006142823352542561, 0.006142823352542561, 0.006142823352542561, 0.006142823352542561, 0.006142823352542561, 0.006142823352542561, 0.006142823352542561, 0.006142823352542561, 0.006142823352542561, 0.006142823352542561, 0.006142823352542561, 0.006142823352542561, 0.006142823352542561, 0.006142823352542561, 0.006142823352542561, 0.006142823352542561, 0.006142823352542561, 0.006142823352542561, 0.006142823352542561, 0.006142823352542561, 0.006142823352542561, 0.006142823352542561, 0.006142823352542561, 0.006142823352542561, 0.006142823352542561, 0.006142823352542561, 0.006142823352542561, 0.006142823352542561, 0.006142823352542561, 0.006142823352542561, 0.006142823352542561, 0.006142823352542561, 0.006142823352542561, 0.006142823352542561, 0.006142823352542561, 0.006142823352542561, 0.006142823352542561, 0.006142823352542561, 0.006142823352542561, 0.006142823352542561, 0.006142823352542561, 0.006142823352542561, 0.006142823352542561, 0.006142823352542561, 0.006142823352542561, 0.006142823352542561, 0.006142823352542561, 0.006142823352542561, 0.006142823352542561, 0.006142823352542561, 0.006142823352542561, 0.006142823352542561, 0.006142823352542561, 0.006142823352542561, 0.006142823352542561, 0.006142823352542561, 0.006142823352542561, 0.006142823352542561, 0.006142823352542561, 0.006142823352542561, 0.006142823352542561, 0.006142823352542561, 0.006142823352542561, 0.006142823352542561, 0.006142823352542561, 0.006142823352542561, 0.006142823352542561, 0.006142823352542561, 0.006142823352542561, 0.006142823352542561, 0.006142823352542561, 0.006142823352542561, 0.006142823352542561, 0.006142823352542561, 0.006142823352542561, 0.006142823352542561, 0.006142823352542561, 0.006142823352542561, 0.006142823352542561, 0.006142823352542561, 0.006142823352542561, 0.006142823352542561, 0.006142823352542561, 0.006142823352542561, 0.006142823352542561, 0.006142823352542561, 0.006142823352542561, 0.006142823352542561, 0.006142823352542561, 0.006142823352542561, 0.006142823352542561, 0.006142823352542561, 0.006142823352542561, 0.006142823352542561, 0.006142823352542561, 0.006142823352542561, 0.006142823352542561, 0.006142823352542561, 0.006142823352542561, 0.006142823352542561, 0.006142823352542561, 0.006142823352542561, 0.006142823352542561, 0.006142823352542561, 0.006142823352542561, 0.006142823352542561, 0.006142823352542561, 0.006142823352542561, 0.006142823352542561, 0.006142823352542561, 0.006142823352542561, 0.006142823352542561, 0.006142823352542561, 0.006142823352542561, 0.006142823352542561, 0.006142823352542561, 0.006142823352542561, 0.006142823352542561, 0.006142823352542561, 0.006142823352542561, 0.006142823352542561, 0.006142823352542561, 0.006142823352542561, 0.006142823352542561, 0.006142823352542561, 0.006142823352542561, 0.006142823352542561, 0.006142823352542561, 0.006142823352542561, 0.006142823352542561, 0.006142823352542561, 0.006142823352542561, 0.006142823352542561, 0.006142823352542561, 0.006142823352542561, 0.006142823352542561, 0.006142823352542561, 0.006142823352542561, 0.006142823352542561, 0.006142823352542561, 0.006142823352542561, 0.006142823352542561, 0.006142823352542561, 0.006142823352542561, 0.006142823352542561, 0.006142823352542561, 0.006142823352542561, 0.006142823352542561, 0.006142823352542561, 0.006142823352542561, 0.006142823352542561, 0.006142823352542561, 0.006142823352542561, 0.006142823352542561, 0.006142823352542561, 0.006142823352542561, 0.006142823352542561, 0.006142823352542561, 0.006142823352542561, 0.006142823352542561, 0.006142823352542561, 0.006142823352542561, 0.006142823352542561, 0.006142823352542561, 0.006142823352542561, 0.006142823352542561, 0.006142823352542561, 0.006142823352542561, 0.006142823352542561, 0.006142823352542561, 0.006142823352542561, 0.006142823352542561, 0.006142823352542561, 0.006142823352542561, 0.006142823352542561, 0.006142823352542561, 0.006142823352542561, 0.006142823352542561, 0.006142823352542561, 0.006142823352542561, 0.006142823352542561, 0.006142823352542561, 0.006142823352542561, 0.006142823352542561, 0.006142823352542561, 0.006142823352542561, 0.006142823352542561, 0.006142823352542561, 0.006142823352542561, 0.006142823352542561, 0.006142823352542561, 0.006142823352542561, 0.006142823352542561, 0.006142823352542561, 0.006142823352542561, 0.006142823352542561, 0.006142823352542561, 0.006142823352542561, 0.006142823352542561, 0.006142823352542561, 0.006142823352542561, 0.006142823352542561, 0.006142823352542561, 0.006142823352542561, 0.006142823352542561, 0.006142823352542561, 0.006142823352542561, 0.006142823352542561, 0.006142823352542561, 0.006142823352542561, 0.006142823352542561, 0.006142823352542561, 0.006142823352542561, 0.006142823352542561, 0.006142823352542561, 0.006142823352542561, 0.006142823352542561, 0.006142823352542561, 0.006142823352542561, 0.006142823352542561, 0.006142823352542561, 0.006142823352542561, 0.006142823352542561, 0.006142823352542561, 0.006142823352542561, 0.006142823352542561, 0.006142823352542561, 0.006142823352542561, 0.006142823352542561, 0.006142823352542561, 0.006142823352542561, 0.006142823352542561, 0.006142823352542561, 0.006142823352542561, 0.006142823352542561, 0.006142823352542561, 0.006142823352542561, 0.006142823352542561, 0.006142823352542561, 0.006142823352542561, 0.006142823352542561, 0.006142823352542561, 0.006142823352542561, 0.006142823352542561, 0.006142823352542561, 0.006142823352542561, 0.006142823352542561, 0.006142823352542561, 0.006142823352542561, 0.006142823352542561, 0.006142823352542561, 0.006142823352542561, 0.006142823352542561, 0.006142823352542561, 0.006142823352542561, 0.006142823352542561, 0.006142823352542561, 0.006142823352542561, 0.006142823352542561, 0.006142823352542561, 0.006142823352542561, 0.006142823352542561, 0.006142823352542561, 0.006142823352542561, 0.006142823352542561, 0.006142823352542561, 0.006142823352542561, 0.006142823352542561, 0.006142823352542561, 0.006142823352542561, 0.006142823352542561, 0.006142823352542561, 0.006142823352542561, 0.006142823352542561, 0.006142823352542561, 0.006142823352542561, 0.006142823352542561, 0.006142823352542561, 0.006142823352542561, 0.006142823352542561, 0.006142823352542561, 0.006142823352542561, 0.006142823352542561, 0.006142823352542561, 0.006142823352542561, 0.006142823352542561, 0.006142823352542561, 0.006142823352542561, 0.006142823352542561, 0.006142823352542561, 0.006142823352542561, 0.006142823352542561, 0.006142823352542561, 0.006142823352542561, 0.006142823352542561, 0.006142823352542561, 0.006142823352542561, 0.006142823352542561, 0.006142823352542561, 0.006142823352542561, 0.006142823352542561, 0.006142823352542561, 0.006142823352542561, 0.006142823352542561, 0.006142823352542561, 0.006142823352542561, 0.006142823352542561, 0.006142823352542561, 0.006142823352542561, 0.006142823352542561, 0.006142823352542561, 0.006142823352542561, 0.006142823352542561, 0.006142823352542561, 0.006142823352542561, 0.006142823352542561, 0.006142823352542561, 0.006142823352542561, 0.006142823352542561, 0.006142823352542561, 0.006142823352542561, 0.006142823352542561, 0.006142823352542561, 0.006142823352542561, 0.006142823352542561, 0.006142823352542561, 0.006142823352542561, 0.006142823352542561, 0.006142823352542561, 0.006142823352542561, 0.006142823352542561, 0.006142823352542561, 0.006142823352542561, 0.006142823352542561, 0.006142823352542561, 0.006142823352542561, 0.006142823352542561, 0.006142823352542561, 0.006142823352542561, 0.006142823352542561, 0.006142823352542561, 0.006142823352542561, 0.006142823352542561, 0.006142823352542561, 0.006142823352542561, 0.006142823352542561, 0.006142823352542561, 0.006142823352542561, 0.006142823352542561, 0.006142823352542561, 0.006142823352542561, 0.006142823352542561, 0.006142823352542561, 0.006142823352542561, 0.006142823352542561, 0.006142823352542561, 0.006142823352542561, 0.006142823352542561, 0.006142823352542561, 0.006142823352542561, 0.006142823352542561, 0.006142823352542561, 0.006142823352542561, 0.006142823352542561, 0.006142823352542561, 0.006142823352542561, 0.006142823352542561, 0.006142823352542561, 0.006142823352542561, 0.006142823352542561, 0.006142823352542561, 0.006142823352542561, 0.006142823352542561, 0.006142823352542561, 0.006142823352542561, 0.006142823352542561, 0.006142823352542561, 0.006142823352542561, 0.006142823352542561, 0.006142823352542561]",EGB_XGB_GAM_BEST_FIT_BEST_FIT,synthetic_ordering1000,3,5,42,150
"['offset', 'x1', 'x2', 'x3', 'x4', 'x5', 'x6', 'x7', 'x8', 'x9', 'x10', 'x11', 'x12', 'x13', 'x14', 'x15', 'x16', 'x17', 'x18', 'x19', 'x20', 'x21', 'x22', 'x23', 'x24', 'x25', 'x26', 'x27', 'x28', 'x29', 'x30', 'x31', 'x32', 'x33', 'x34', 'x35', 'x36', 'x37', 'x38', 'x39', 'x40', 'x41', 'x42', 'x43', 'x44', 'x45', 'x46', 'x47', 'x48', 'x49', 'x50', 'x51', 'x52', 'x53', 'x54', 'x55', 'x56', 'x57', 'x58', 'x59', 'x60', 'x61', 'x62', 'x63', 'x64', 'x65', 'x66', 'x67', 'x68', 'x69', 'x70', 'x71', 'x72', 'x73', 'x74', 'x75', 'x76', 'x77', 'x78', 'x79', 'x80', 'x81', 'x82', 'x83', 'x84', 'x85', 'x86', 'x87', 'x88', 'x89', 'x90', 'x91', 'x92', 'x93', 'x94', 'x95', 'x96', 'x97', 'x98', 'x99', 'x100', 'x101', 'x102', 'x103', 'x104', 'x105', 'x106', 'x107', 'x108', 'x109', 'x110', 'x111', 'x112', 'x113', 'x114', 'x115', 'x116', 'x117', 'x118', 'x119', 'x120', 'x121', 'x122', 'x123', 'x124', 'x125', 'x126', 'x127', 'x128', 'x129', 'x130', 'x131', 'x132', 'x133', 'x134', 'x135', 'x136', 'x137', 'x138', 'x139', 'x140', 'x141', 'x142', 'x143', 'x144', 'x145', 'x146', 'x147', 'x148', 'x149', 'x150', 'x151', 'x152', 'x153', 'x154', 'x155', 'x156', 'x157', 'x158', 'x159', 'x160', 'x161', 'x162', 'x163', 'x164', 'x165', 'x166', 'x167', 'x168', 'x169', 'x170', 'x171', 'x172', 'x173', 'x174', 'x175', 'x176', 'x177', 'x178', 'x179', 'x180', 'x181', 'x182', 'x183', 'x184', 'x185', 'x186', 'x187', 'x188', 'x189', 'x190', 'x191', 'x192', 'x193', 'x194', 'x195', 'x196', 'x197', 'x198', 'x199', 'x200', 'x201', 'x202', 'x203', 'x204', 'x205', 'x206', 'x207', 'x208', 'x209', 'x210', 'x211', 'x212', 'x213', 'x214', 'x215', 'x216', 'x217', 'x218', 'x219', 'x220', 'x221', 'x222', 'x223', 'x224', 'x225', 'x226', 'x227', 'x228', 'x229', 'x230', 'x231', 'x232', 'x233', 'x234', 'x235', 'x236', 'x237', 'x238', 'x239', 'x240', 'x241', 'x242', 'x243', 'x244', 'x245', 'x246', 'x247', 'x248', 'x249', 'x250', 'x251', 'x252', 'x253', 'x254', 'x255', 'x256', 'x257', 'x258', 'x259', 'x260', 'x261', 'x262', 'x263', 'x264', 'x265', 'x266', 'x267', 'x268', 'x269', 'x270', 'x271', 'x272', 'x273', 'x274', 'x275', 'x276', 'x277', 'x278', 'x279', 'x280', 'x281', 'x282', 'x283', 'x284', 'x285', 'x286', 'x287', 'x288', 'x289', 'x290', 'x291', 'x292', 'x293', 'x294', 'x295', 'x296', 'x297', 'x298', 'x299', 'x300', 'x301', 'x302', 'x303', 'x304', 'x305', 'x306', 'x307', 'x308', 'x309', 'x310', 'x311', 'x312', 'x313', 'x314', 'x315', 'x316', 'x317', 'x318', 'x319', 'x320', 'x321', 'x322', 'x323', 'x324', 'x325', 'x326', 'x327', 'x328', 'x329', 'x330', 'x331', 'x332', 'x333', 'x334', 'x335', 'x336', 'x337', 'x338', 'x339', 'x340', 'x341', 'x342', 'x343', 'x344', 'x345', 'x346', 'x347', 'x348', 'x349', 'x350', 'x351', 'x352', 'x353', 'x354', 'x355', 'x356', 'x357', 'x358', 'x359', 'x360', 'x361', 'x362', 'x363', 'x364', 'x365', 'x366', 'x367', 'x368', 'x369', 'x370', 'x371', 'x372', 'x373', 'x374', 'x375', 'x376', 'x377', 'x378', 'x379', 'x380', 'x381', 'x382', 'x383', 'x384', 'x385', 'x386', 'x387', 'x388', 'x389', 'x390', 'x391', 'x392', 'x393', 'x394', 'x395', 'x396', 'x397', 'x398', 'x399', 'x400', 'x401', 'x402', 'x403', 'x404', 'x405', 'x406', 'x407', 'x408', 'x409', 'x410', 'x411', 'x412', 'x413', 'x414', 'x415', 'x416', 'x417', 'x418', 'x419', 'x420', 'x421', 'x422', 'x423', 'x424', 'x425', 'x426', 'x427', 'x428', 'x429', 'x430', 'x431', 'x432', 'x433', 'x434', 'x435', 'x436', 'x437', 'x438', 'x439', 'x440', 'x441', 'x442', 'x443', 'x444', 'x445', 'x446', 'x447', 'x448', 'x449', 'x450', 'x451', 'x452', 'x453', 'x454', 'x455', 'x456', 'x457', 'x458', 'x459', 'x460', 'x461', 'x462', 'x463', 'x464', 'x465', 'x466', 'x467', 'x468', 'x469', 'x470', 'x471', 'x472', 'x473', 'x474', 'x475', 'x476', 'x477', 'x478', 'x479', 'x480', 'x481', 'x482', 'x483', 'x484', 'x485', 'x486', 'x487', 'x488', 'x489', 'x490', 'x491', 'x492', 'x493', 'x494', 'x495', 'x496', 'x497', 'x498', 'x499', 'x500', 'x501', 'x502', 'x503', 'x504', 'x505', 'x506', 'x507', 'x508', 'x509', 'x510', 'x511', 'x512', 'x513', 'x514', 'x515', 'x516', 'x517', 'x518', 'x519', 'x520', 'x521', 'x522', 'x523', 'x524', 'x525', 'x526', 'x527', 'x528', 'x529', 'x530', 'x531', 'x532', 'x533', 'x534', 'x535', 'x536', 'x537', 'x538', 'x539', 'x540', 'x541', 'x542', 'x543', 'x544', 'x545', 'x546', 'x547', 'x548', 'x549', 'x550', 'x551', 'x552', 'x553', 'x554', 'x555', 'x556', 'x557', 'x558', 'x559', 'x560', 'x561', 'x562', 'x563', 'x564', 'x565', 'x566', 'x567', 'x568', 'x569', 'x570', 'x571', 'x572', 'x573', 'x574', 'x575', 'x576', 'x577', 'x578', 'x579', 'x580', 'x581', 'x582', 'x583', 'x584', 'x585', 'x586', 'x587', 'x588', 'x589', 'x590', 'x591', 'x592', 'x593', 'x594', 'x595', 'x596', 'x597', 'x598', 'x599', 'x600', 'x601', 'x602', 'x603', 'x604', 'x605', 'x606', 'x607', 'x608', 'x609', 'x610', 'x611', 'x612', 'x613', 'x614', 'x615', 'x616', 'x617', 'x618', 'x619', 'x620', 'x621', 'x622', 'x623', 'x624', 'x625', 'x626', 'x627', 'x628', 'x629', 'x630', 'x631', 'x632', 'x633', 'x634', 'x635', 'x636', 'x637', 'x638', 'x639', 'x640', 'x641', 'x642', 'x643', 'x644', 'x645', 'x646', 'x647', 'x648', 'x649', 'x650', 'x651', 'x652', 'x653', 'x654', 'x655', 'x656', 'x657', 'x658', 'x659', 'x660', 'x661', 'x662', 'x663', 'x664', 'x665', 'x666', 'x667', 'x668', 'x669', 'x670', 'x671', 'x672', 'x673', 'x674', 'x675', 'x676', 'x677', 'x678', 'x679', 'x680', 'x681', 'x682', 'x683', 'x684', 'x685', 'x686', 'x687', 'x688', 'x689', 'x690', 'x691', 'x692', 'x693', 'x694', 'x695', 'x696', 'x697', 'x698', 'x699', 'x700', 'x701', 'x702', 'x703', 'x704', 'x705', 'x706', 'x707', 'x708', 'x709', 'x710', 'x711', 'x712', 'x713', 'x714', 'x715', 'x716', 'x717', 'x718', 'x719', 'x720', 'x721', 'x722', 'x723', 'x724', 'x725', 'x726', 'x727', 'x728', 'x729', 'x730', 'x731', 'x732', 'x733', 'x734', 'x735', 'x736', 'x737', 'x738', 'x739', 'x740', 'x741', 'x742', 'x743', 'x744', 'x745', 'x746', 'x747', 'x748', 'x749', 'x750', 'x751', 'x752', 'x753', 'x754', 'x755', 'x756', 'x757', 'x758', 'x759', 'x760', 'x761', 'x762', 'x763', 'x764', 'x765', 'x766', 'x767', 'x768', 'x769', 'x770', 'x771', 'x772', 'x773', 'x774', 'x775', 'x776', 'x777', 'x778', 'x779', 'x780', 'x781', 'x782', 'x783', 'x784', 'x785', 'x786', 'x787', 'x788', 'x789', 'x790', 'x791', 'x792', 'x793', 'x794', 'x795', 'x796', 'x797', 'x798', 'x799', 'x800', 'x801', 'x802', 'x803', 'x804', 'x805', 'x806', 'x807', 'x808', 'x809', 'x810', 'x811', 'x812', 'x813', 'x814', 'x815', 'x816', 'x817', 'x818', 'x819', 'x820', 'x821', 'x822', 'x823', 'x824', 'x825', 'x826', 'x827', 'x828', 'x829', 'x830', 'x831', 'x832', 'x833', 'x834', 'x835', 'x836', 'x837', 'x838', 'x839', 'x840', 'x841', 'x842', 'x843', 'x844', 'x845', 'x846', 'x847', 'x848', 'x849', 'x850', 'x851', 'x852', 'x853', 'x854', 'x855', 'x856', 'x857', 'x858', 'x859', 'x860', 'x861', 'x862', 'x863', 'x864', 'x865', 'x866', 'x867', 'x868', 'x869', 'x870', 'x871', 'x872', 'x873', 'x874', 'x875', 'x876', 'x877', 'x878', 'x879', 'x880', 'x881', 'x882', 'x883', 'x884', 'x885', 'x886', 'x887', 'x888', 'x889', 'x890', 'x891', 'x892', 'x893', 'x894', 'x895', 'x896', 'x897', 'x898', 'x899', 'x900', 'x901', 'x902', 'x903', 'x904', 'x905', 'x906', 'x907', 'x908', 'x909', 'x910', 'x911', 'x912', 'x913', 'x914', 'x915', 'x916', 'x917', 'x918', 'x919', 'x920', 'x921', 'x922', 'x923', 'x924', 'x925', 'x926', 'x927', 'x928', 'x929', 'x930', 'x931', 'x932', 'x933', 'x934', 'x935', 'x936', 'x937', 'x938', 'x939', 'x940', 'x941', 'x942', 'x943', 'x944', 'x945', 'x946', 'x947', 'x948', 'x949', 'x950', 'x951', 'x952', 'x953', 'x954', 'x955', 'x956', 'x957', 'x958', 'x959', 'x960', 'x961', 'x962', 'x963', 'x964', 'x965', 'x966', 'x967', 'x968', 'x969', 'x970', 'x971', 'x972', 'x973', 'x974', 'x975', 'x976', 'x977', 'x978', 'x979', 'x980', 'x981', 'x982', 'x983', 'x984', 'x985', 'x986', 'x987', 'x988', 'x989', 'x990', 'x991', 'x992', 'x993', 'x994', 'x995', 'x996', 'x997', 'x998', 'x999', 'x1000']","[0.7001086674469982, 0.7001086674469982, 0.006712653694657121, 0.006712653694657121, 0.006712653694657121, 0.006712653694657121, 0.006712653694657121, 0.006712653694657121, 0.006712653694657121, 0.006712653694657121, 0.006712653694657121, 0.006712653694657121, 0.006712653694657121, 0.006712653694657121, 0.006712653694657121, 0.006712653694657121, 0.006712653694657121, 0.006712653694657121, 0.006712653694657121, 0.006712653694657121, 0.006712653694657121, 0.006712653694657121, 0.006712653694657121, 0.006712653694657121, 0.006712653694657121, 0.006712653694657121, 0.006712653694657121, 0.006712653694657121, 0.006712653694657121, 0.006712653694657121, 0.006712653694657121, 0.006712653694657121, 0.006712653694657121, 0.006712653694657121, 0.006712653694657121, 0.006712653694657121, 0.006712653694657121, 0.006712653694657121, 0.006712653694657121, 0.006712653694657121, 0.006712653694657121, 0.006712653694657121, 0.006712653694657121, 0.006712653694657121, 0.006712653694657121, 0.006712653694657121, 0.006712653694657121, 0.006712653694657121, 0.006712653694657121, 0.006712653694657121, 0.006712653694657121, 0.006712653694657121, 0.006712653694657121, 0.006712653694657121, 0.006712653694657121, 0.006712653694657121, 0.006712653694657121, 0.006712653694657121, 0.006712653694657121, 0.006712653694657121, 0.006712653694657121, 0.006712653694657121, 0.006712653694657121, 0.006712653694657121, 0.006712653694657121, 0.006712653694657121, 0.006712653694657121, 0.006712653694657121, 0.006712653694657121, 0.006712653694657121, 0.006712653694657121, 0.006712653694657121, 0.006712653694657121, 0.006712653694657121, 0.006712653694657121, 0.006712653694657121, 0.006712653694657121, 0.006712653694657121, 0.006712653694657121, 0.006712653694657121, 0.006712653694657121, 0.006712653694657121, 0.006712653694657121, 0.006712653694657121, 0.006712653694657121, 0.006712653694657121, 0.006712653694657121, 0.006712653694657121, 0.006712653694657121, 0.006712653694657121, 0.006712653694657121, 0.006712653694657121, 0.006712653694657121, 0.006712653694657121, 0.006712653694657121, 0.006712653694657121, 0.006712653694657121, 0.006712653694657121, 0.006712653694657121, 0.006712653694657121, 0.006712653694657121, 0.006712653694657121, 0.006712653694657121, 0.006712653694657121, 0.006712653694657121, 0.006712653694657121, 0.006712653694657121, 0.006712653694657121, 0.006712653694657121, 0.006712653694657121, 0.006712653694657121, 0.006712653694657121, 0.006712653694657121, 0.006712653694657121, 0.006712653694657121, 0.006712653694657121, 0.006712653694657121, 0.006712653694657121, 0.006712653694657121, 0.006712653694657121, 0.006712653694657121, 0.006712653694657121, 0.006712653694657121, 0.006712653694657121, 0.006712653694657121, 0.006712653694657121, 0.006712653694657121, 0.006712653694657121, 0.006712653694657121, 0.006712653694657121, 0.006712653694657121, 0.006712653694657121, 0.006712653694657121, 0.006712653694657121, 0.006712653694657121, 0.006712653694657121, 0.006712653694657121, 0.006712653694657121, 0.006712653694657121, 0.006712653694657121, 0.006712653694657121, 0.006712653694657121, 0.006712653694657121, 0.006712653694657121, 0.006712653694657121, 0.006712653694657121, 0.006712653694657121, 0.006712653694657121, 0.006712653694657121, 0.006712653694657121, 0.006712653694657121, 0.006712653694657121, 0.006712653694657121, 0.006712653694657121, 0.006712653694657121, 0.006712653694657121, 0.006712653694657121, 0.006712653694657121, 0.006712653694657121, 0.006712653694657121, 0.006712653694657121, 0.006712653694657121, 0.006712653694657121, 0.006712653694657121, 0.006712653694657121, 0.006712653694657121, 0.006712653694657121, 0.006712653694657121, 0.006712653694657121, 0.006712653694657121, 0.006712653694657121, 0.006712653694657121, 0.006712653694657121, 0.006712653694657121, 0.006712653694657121, 0.006712653694657121, 0.006712653694657121, 0.006712653694657121, 0.006712653694657121, 0.006712653694657121, 0.006712653694657121, 0.006712653694657121, 0.006712653694657121, 0.006712653694657121, 0.006712653694657121, 0.006712653694657121, 0.006712653694657121, 0.006712653694657121, 0.006712653694657121, 0.006712653694657121, 0.006712653694657121, 0.006712653694657121, 0.006712653694657121, 0.006712653694657121, 0.006712653694657121, 0.006712653694657121, 0.006712653694657121, 0.006712653694657121, 0.006712653694657121, 0.006712653694657121, 0.006712653694657121, 0.006712653694657121, 0.006712653694657121, 0.006712653694657121, 0.006712653694657121, 0.006712653694657121, 0.006712653694657121, 0.006712653694657121, 0.006712653694657121, 0.006712653694657121, 0.006712653694657121, 0.006712653694657121, 0.006712653694657121, 0.006712653694657121, 0.006712653694657121, 0.006712653694657121, 0.006712653694657121, 0.006712653694657121, 0.006712653694657121, 0.006712653694657121, 0.006712653694657121, 0.006712653694657121, 0.006712653694657121, 0.006712653694657121, 0.006712653694657121, 0.006712653694657121, 0.006712653694657121, 0.006712653694657121, 0.006712653694657121, 0.006712653694657121, 0.006712653694657121, 0.006712653694657121, 0.006712653694657121, 0.006712653694657121, 0.006712653694657121, 0.006712653694657121, 0.006712653694657121, 0.006712653694657121, 0.006712653694657121, 0.006712653694657121, 0.006712653694657121, 0.006712653694657121, 0.006712653694657121, 0.006712653694657121, 0.006712653694657121, 0.006712653694657121, 0.006712653694657121, 0.006712653694657121, 0.006712653694657121, 0.006712653694657121, 0.006712653694657121, 0.006712653694657121, 0.006712653694657121, 0.006712653694657121, 0.006712653694657121, 0.006712653694657121, 0.006712653694657121, 0.006712653694657121, 0.006712653694657121, 0.006712653694657121, 0.006712653694657121, 0.006712653694657121, 0.006712653694657121, 0.006712653694657121, 0.006712653694657121, 0.006712653694657121, 0.006712653694657121, 0.006712653694657121, 0.006712653694657121, 0.006712653694657121, 0.006712653694657121, 0.006712653694657121, 0.006712653694657121, 0.006712653694657121, 0.006712653694657121, 0.006712653694657121, 0.006712653694657121, 0.006712653694657121, 0.006712653694657121, 0.006712653694657121, 0.006712653694657121, 0.006712653694657121, 0.006712653694657121, 0.006712653694657121, 0.006712653694657121, 0.006712653694657121, 0.006712653694657121, 0.006712653694657121, 0.006712653694657121, 0.006712653694657121, 0.006712653694657121, 0.006712653694657121, 0.006712653694657121, 0.006712653694657121, 0.006712653694657121, 0.006712653694657121, 0.006712653694657121, 0.006712653694657121, 0.006712653694657121, 0.006712653694657121, 0.006712653694657121, 0.006712653694657121, 0.006712653694657121, 0.006712653694657121, 0.006712653694657121, 0.006712653694657121, 0.006712653694657121, 0.006712653694657121, 0.006712653694657121, 0.006712653694657121, 0.006712653694657121, 0.006712653694657121, 0.006712653694657121, 0.006712653694657121, 0.006712653694657121, 0.006712653694657121, 0.006712653694657121, 0.006712653694657121, 0.006712653694657121, 0.006712653694657121, 0.006712653694657121, 0.006712653694657121, 0.006712653694657121, 0.006712653694657121, 0.006712653694657121, 0.006712653694657121, 0.006712653694657121, 0.006712653694657121, 0.006712653694657121, 0.006712653694657121, 0.006712653694657121, 0.006712653694657121, 0.006712653694657121, 0.006712653694657121, 0.006712653694657121, 0.006712653694657121, 0.006712653694657121, 0.006712653694657121, 0.006712653694657121, 0.006712653694657121, 0.006712653694657121, 0.006712653694657121, 0.006712653694657121, 0.006712653694657121, 0.006712653694657121, 0.006712653694657121, 0.006712653694657121, 0.006712653694657121, 0.006712653694657121, 0.006712653694657121, 0.006712653694657121, 0.006712653694657121, 0.006712653694657121, 0.006712653694657121, 0.006712653694657121, 0.006712653694657121, 0.006712653694657121, 0.006712653694657121, 0.006712653694657121, 0.006712653694657121, 0.006712653694657121, 0.006712653694657121, 0.006712653694657121, 0.006712653694657121, 0.006712653694657121, 0.006712653694657121, 0.006712653694657121, 0.006712653694657121, 0.006712653694657121, 0.006712653694657121, 0.006712653694657121, 0.006712653694657121, 0.006712653694657121, 0.006712653694657121, 0.006712653694657121, 0.006712653694657121, 0.006712653694657121, 0.006712653694657121, 0.006712653694657121, 0.006712653694657121, 0.006712653694657121, 0.006712653694657121, 0.006712653694657121, 0.006712653694657121, 0.006712653694657121, 0.006712653694657121, 0.006712653694657121, 0.006712653694657121, 0.006712653694657121, 0.006712653694657121, 0.006712653694657121, 0.006712653694657121, 0.006712653694657121, 0.006712653694657121, 0.006712653694657121, 0.006712653694657121, 0.006712653694657121, 0.006712653694657121, 0.006712653694657121, 0.006712653694657121, 0.006712653694657121, 0.006712653694657121, 0.006712653694657121, 0.006712653694657121, 0.006712653694657121, 0.006712653694657121, 0.006712653694657121, 0.006712653694657121, 0.006712653694657121, 0.006712653694657121, 0.006712653694657121, 0.006712653694657121, 0.006712653694657121, 0.006712653694657121, 0.006712653694657121, 0.006712653694657121, 0.006712653694657121, 0.006712653694657121, 0.006712653694657121, 0.006712653694657121, 0.006712653694657121, 0.006712653694657121, 0.006712653694657121, 0.006712653694657121, 0.006712653694657121, 0.006712653694657121, 0.006712653694657121, 0.006712653694657121, 0.006712653694657121, 0.006712653694657121, 0.006712653694657121, 0.006712653694657121, 0.006712653694657121, 0.006712653694657121, 0.006712653694657121, 0.006712653694657121, 0.006712653694657121, 0.006712653694657121, 0.006712653694657121, 0.006712653694657121, 0.006712653694657121, 0.006712653694657121, 0.006712653694657121, 0.006712653694657121, 0.006712653694657121, 0.006712653694657121, 0.006712653694657121, 0.006712653694657121, 0.006712653694657121, 0.006712653694657121, 0.006712653694657121, 0.006712653694657121, 0.006712653694657121, 0.006712653694657121, 0.006712653694657121, 0.006712653694657121, 0.006712653694657121, 0.006712653694657121, 0.006712653694657121, 0.006712653694657121, 0.006712653694657121, 0.006712653694657121, 0.006712653694657121, 0.006712653694657121, 0.006712653694657121, 0.006712653694657121, 0.006712653694657121, 0.006712653694657121, 0.006712653694657121, 0.006712653694657121, 0.006712653694657121, 0.006712653694657121, 0.006712653694657121, 0.006712653694657121, 0.006712653694657121, 0.006712653694657121, 0.006712653694657121, 0.006712653694657121, 0.006712653694657121, 0.006712653694657121, 0.006712653694657121, 0.006712653694657121, 0.006712653694657121, 0.006712653694657121, 0.006712653694657121, 0.006712653694657121, 0.006712653694657121, 0.006712653694657121, 0.006712653694657121, 0.006712653694657121, 0.006712653694657121, 0.006712653694657121, 0.006712653694657121, 0.006712653694657121, 0.006712653694657121, 0.006712653694657121, 0.006712653694657121, 0.006712653694657121, 0.006712653694657121, 0.006712653694657121, 0.006712653694657121, 0.006712653694657121, 0.006712653694657121, 0.006712653694657121, 0.006712653694657121, 0.006712653694657121, 0.006712653694657121, 0.006712653694657121, 0.006712653694657121, 0.006712653694657121, 0.006712653694657121, 0.006712653694657121, 0.006712653694657121, 0.006712653694657121, 0.006712653694657121, 0.006712653694657121, 0.006712653694657121, 0.006712653694657121, 0.006712653694657121, 0.006712653694657121, 0.006712653694657121, 0.006712653694657121, 0.006712653694657121, 0.006712653694657121, 0.006712653694657121, 0.006712653694657121, 0.006712653694657121, 0.006712653694657121, 0.006712653694657121, 0.006712653694657121, 0.006712653694657121, 0.006712653694657121, 0.006712653694657121, 0.006712653694657121, 0.006712653694657121, 0.006712653694657121, 0.006712653694657121, 0.006712653694657121, 0.006712653694657121, 0.006712653694657121, 0.006712653694657121, 0.006712653694657121, 0.006712653694657121, 0.006712653694657121, 0.006712653694657121, 0.006712653694657121, 0.006712653694657121, 0.006712653694657121, 0.006712653694657121, 0.006712653694657121, 0.006712653694657121, 0.006712653694657121, 0.006712653694657121, 0.006712653694657121, 0.006712653694657121, 0.006712653694657121, 0.006712653694657121, 0.006712653694657121, 0.006712653694657121, 0.006712653694657121, 0.006712653694657121, 0.006712653694657121, 0.006712653694657121, 0.006712653694657121, 0.006712653694657121, 0.006712653694657121, 0.006712653694657121, 0.006712653694657121, 0.006712653694657121, 0.006712653694657121, 0.006712653694657121, 0.006712653694657121, 0.006712653694657121, 0.006712653694657121, 0.006712653694657121, 0.006712653694657121, 0.006712653694657121, 0.006712653694657121, 0.006712653694657121, 0.006712653694657121, 0.006712653694657121, 0.006712653694657121, 0.006712653694657121, 0.006712653694657121, 0.006712653694657121, 0.006712653694657121, 0.006712653694657121, 0.006712653694657121, 0.006712653694657121, 0.006712653694657121, 0.006712653694657121, 0.006712653694657121, 0.006712653694657121, 0.006712653694657121, 0.006712653694657121, 0.006712653694657121, 0.006712653694657121, 0.006712653694657121, 0.006712653694657121, 0.006712653694657121, 0.006712653694657121, 0.006712653694657121, 0.006712653694657121, 0.006712653694657121, 0.006712653694657121, 0.006712653694657121, 0.006712653694657121, 0.006712653694657121, 0.006712653694657121, 0.006712653694657121, 0.006712653694657121, 0.006712653694657121, 0.006712653694657121, 0.006712653694657121, 0.006712653694657121, 0.006712653694657121, 0.006712653694657121, 0.006712653694657121, 0.006712653694657121, 0.006712653694657121, 0.006712653694657121, 0.006712653694657121, 0.006712653694657121, 0.006712653694657121, 0.006712653694657121, 0.006712653694657121, 0.006712653694657121, 0.006712653694657121, 0.006712653694657121, 0.006712653694657121, 0.006712653694657121, 0.006712653694657121, 0.006712653694657121, 0.006712653694657121, 0.006712653694657121, 0.006712653694657121, 0.006712653694657121, 0.006712653694657121, 0.006712653694657121, 0.006712653694657121, 0.006712653694657121, 0.006712653694657121, 0.006712653694657121, 0.006712653694657121, 0.006712653694657121, 0.006712653694657121, 0.006712653694657121, 0.006712653694657121, 0.006712653694657121, 0.006712653694657121, 0.006712653694657121, 0.006712653694657121, 0.006712653694657121, 0.006712653694657121, 0.006712653694657121, 0.006712653694657121, 0.006712653694657121, 0.006712653694657121, 0.006712653694657121, 0.006712653694657121, 0.006712653694657121, 0.006712653694657121, 0.006712653694657121, 0.006712653694657121, 0.006712653694657121, 0.006712653694657121, 0.006712653694657121, 0.006712653694657121, 0.006712653694657121, 0.006712653694657121, 0.006712653694657121, 0.006712653694657121, 0.006712653694657121, 0.006712653694657121, 0.006712653694657121, 0.006712653694657121, 0.006712653694657121, 0.006712653694657121, 0.006712653694657121, 0.006712653694657121, 0.006712653694657121, 0.006712653694657121, 0.006712653694657121, 0.006712653694657121, 0.006712653694657121, 0.006712653694657121, 0.006712653694657121, 0.006712653694657121, 0.006712653694657121, 0.006712653694657121, 0.006712653694657121, 0.006712653694657121, 0.006712653694657121, 0.006712653694657121, 0.006712653694657121, 0.006712653694657121, 0.006712653694657121, 0.006712653694657121, 0.006712653694657121, 0.006712653694657121, 0.006712653694657121, 0.006712653694657121, 0.006712653694657121, 0.006712653694657121, 0.006712653694657121, 0.006712653694657121, 0.006712653694657121, 0.006712653694657121, 0.006712653694657121, 0.006712653694657121, 0.006712653694657121, 0.006712653694657121, 0.006712653694657121, 0.006712653694657121, 0.006712653694657121, 0.006712653694657121, 0.006712653694657121, 0.006712653694657121, 0.006712653694657121, 0.006712653694657121, 0.006712653694657121, 0.006712653694657121, 0.006712653694657121, 0.006712653694657121, 0.006712653694657121, 0.006712653694657121, 0.006712653694657121, 0.006712653694657121, 0.006712653694657121, 0.006712653694657121, 0.006712653694657121, 0.006712653694657121, 0.006712653694657121, 0.006712653694657121, 0.006712653694657121, 0.006712653694657121, 0.006712653694657121, 0.006712653694657121, 0.006712653694657121, 0.006712653694657121, 0.006712653694657121, 0.006712653694657121, 0.006712653694657121, 0.006712653694657121, 0.006712653694657121, 0.006712653694657121, 0.006712653694657121, 0.006712653694657121, 0.006712653694657121, 0.006712653694657121, 0.006712653694657121, 0.006712653694657121, 0.006712653694657121, 0.006712653694657121, 0.006712653694657121, 0.006712653694657121, 0.006712653694657121, 0.006712653694657121, 0.006712653694657121, 0.006712653694657121, 0.006712653694657121, 0.006712653694657121, 0.006712653694657121, 0.006712653694657121, 0.006712653694657121, 0.006712653694657121, 0.006712653694657121, 0.006712653694657121, 0.006712653694657121, 0.006712653694657121, 0.006712653694657121, 0.006712653694657121, 0.006712653694657121, 0.006712653694657121, 0.006712653694657121, 0.006712653694657121, 0.006712653694657121, 0.006712653694657121, 0.006712653694657121, 0.006712653694657121, 0.006712653694657121, 0.006712653694657121, 0.006712653694657121, 0.006712653694657121, 0.006712653694657121, 0.006712653694657121, 0.006712653694657121, 0.006712653694657121, 0.006712653694657121, 0.006712653694657121, 0.006712653694657121, 0.006712653694657121, 0.006712653694657121, 0.006712653694657121, 0.006712653694657121, 0.006712653694657121, 0.006712653694657121, 0.006712653694657121, 0.006712653694657121, 0.006712653694657121, 0.006712653694657121, 0.006712653694657121, 0.006712653694657121, 0.006712653694657121, 0.006712653694657121, 0.006712653694657121, 0.006712653694657121, 0.006712653694657121, 0.006712653694657121, 0.006712653694657121, 0.006712653694657121, 0.006712653694657121, 0.006712653694657121, 0.006712653694657121, 0.006712653694657121, 0.006712653694657121, 0.006712653694657121, 0.006712653694657121, 0.006712653694657121, 0.006712653694657121, 0.006712653694657121, 0.006712653694657121, 0.006712653694657121, 0.006712653694657121, 0.006712653694657121, 0.006712653694657121, 0.006712653694657121, 0.006712653694657121, 0.006712653694657121, 0.006712653694657121, 0.006712653694657121, 0.006712653694657121, 0.006712653694657121, 0.006712653694657121, 0.006712653694657121, 0.006712653694657121, 0.006712653694657121, 0.006712653694657121, 0.006712653694657121, 0.006712653694657121, 0.006712653694657121, 0.006712653694657121, 0.006712653694657121, 0.006712653694657121, 0.006712653694657121, 0.006712653694657121, 0.006712653694657121, 0.006712653694657121, 0.006712653694657121, 0.006712653694657121, 0.006712653694657121, 0.006712653694657121, 0.006712653694657121, 0.006712653694657121, 0.006712653694657121, 0.006712653694657121, 0.006712653694657121, 0.006712653694657121, 0.006712653694657121, 0.006712653694657121, 0.006712653694657121, 0.006712653694657121, 0.006712653694657121, 0.006712653694657121, 0.006712653694657121, 0.006712653694657121, 0.006712653694657121, 0.006712653694657121, 0.006712653694657121, 0.006712653694657121, 0.006712653694657121, 0.006712653694657121, 0.006712653694657121, 0.006712653694657121, 0.006712653694657121, 0.006712653694657121, 0.006712653694657121, 0.006712653694657121, 0.006712653694657121, 0.006712653694657121, 0.006712653694657121, 0.006712653694657121, 0.006712653694657121, 0.006712653694657121, 0.006712653694657121, 0.006712653694657121, 0.006712653694657121, 0.006712653694657121, 0.006712653694657121, 0.006712653694657121, 0.006712653694657121, 0.006712653694657121, 0.006712653694657121, 0.006712653694657121, 0.006712653694657121, 0.006712653694657121, 0.006712653694657121, 0.006712653694657121, 0.006712653694657121, 0.006712653694657121, 0.006712653694657121, 0.006712653694657121, 0.006712653694657121, 0.006712653694657121, 0.006712653694657121, 0.006712653694657121, 0.006712653694657121, 0.006712653694657121, 0.006712653694657121, 0.006712653694657121, 0.006712653694657121, 0.006712653694657121, 0.006712653694657121, 0.006712653694657121, 0.006712653694657121, 0.006712653694657121, 0.006712653694657121, 0.006712653694657121, 0.006712653694657121, 0.006712653694657121, 0.006712653694657121, 0.006712653694657121, 0.006712653694657121, 0.006712653694657121, 0.006712653694657121, 0.006712653694657121, 0.006712653694657121, 0.006712653694657121, 0.006712653694657121, 0.006712653694657121, 0.006712653694657121, 0.006712653694657121, 0.006712653694657121, 0.006712653694657121, 0.006712653694657121, 0.006712653694657121, 0.006712653694657121, 0.006712653694657121, 0.006712653694657121, 0.006712653694657121, 0.006712653694657121, 0.006712653694657121, 0.006712653694657121, 0.006712653694657121, 0.006712653694657121, 0.006712653694657121, 0.006712653694657121, 0.006712653694657121, 0.006712653694657121, 0.006712653694657121, 0.006712653694657121, 0.006712653694657121, 0.006712653694657121, 0.006712653694657121, 0.006712653694657121, 0.006712653694657121, 0.006712653694657121, 0.006712653694657121, 0.006712653694657121, 0.006712653694657121, 0.006712653694657121, 0.006712653694657121, 0.006712653694657121, 0.006712653694657121, 0.006712653694657121, 0.006712653694657121, 0.006712653694657121, 0.006712653694657121, 0.006712653694657121, 0.006712653694657121, 0.006712653694657121, 0.006712653694657121, 0.006712653694657121, 0.006712653694657121, 0.006712653694657121, 0.006712653694657121, 0.006712653694657121, 0.006712653694657121, 0.006712653694657121, 0.006712653694657121, 0.006712653694657121, 0.006712653694657121, 0.006712653694657121, 0.006712653694657121, 0.006712653694657121, 0.006712653694657121, 0.006712653694657121, 0.006712653694657121, 0.006712653694657121, 0.006712653694657121, 0.006712653694657121, 0.006712653694657121, 0.006712653694657121, 0.006712653694657121, 0.006712653694657121, 0.006712653694657121, 0.006712653694657121, 0.006712653694657121, 0.006712653694657121, 0.006712653694657121, 0.006712653694657121]",EGB_XGB_GAM_BEST_FIT_BEST_FIT,synthetic_ordering1000,4,5,42,150
"['offset', 'x1', 'x2', 'x3', 'x4', 'x5', 'x6', 'x7', 'x8', 'x9', 'x10']","[0.7023804993803776, 0.6347995750674539, 0.5617116670723575, 0.4892011075354355, 0.4173753145464875, 0.34616962615610847, 0.27572960690898085, 0.20597335477570558, 0.13711461361816973, 0.06996959180143987, 0.021381629586873195]",EBM_GAM,synthetic_ordering10,0,5,42,150
"['offset', 'x1', 'x2', 'x3', 'x4', 'x5', 'x6', 'x7', 'x8', 'x9', 'x10']","[0.6993869451641659, 0.6323829947044288, 0.5597634363096994, 0.4878217195682465, 0.41656564370965926, 0.34593811037080185, 0.27600567890927885, 0.20683770458091397, 0.13855295359086042, 0.07203916462100025, 0.022393748088559005]",EBM_GAM,synthetic_ordering10,1,5,42,150
"['offset', 'x1', 'x2', 'x3', 'x4', 'x5', 'x6', 'x7', 'x8', 'x9', 'x10']","[0.7132981827931557, 0.6446885521000505, 0.5704838009860125, 0.4968985178637452, 0.42403829226008527, 0.35181489389121867, 0.2803040216069925, 0.20945924453497644, 0.13958342131496995, 0.07131861892219174, 0.021156444975867786]",EBM_GAM,synthetic_ordering10,2,5,42,150
"['offset', 'x1', 'x2', 'x3', 'x4', 'x5', 'x6', 'x7', 'x8', 'x9', 'x10']","[0.7174588286903427, 0.6487876585198481, 0.5744980344522677, 0.5008351538831991, 0.42784895664906697, 0.35551150625753647, 0.28384459200696194, 0.2129000183093661, 0.14284424340320565, 0.0743175287266729, 0.02081059668179072]",EBM_GAM,synthetic_ordering10,3,5,42,150
"['offset', 'x1', 'x2', 'x3', 'x4', 'x5', 'x6', 'x7', 'x8', 'x9', 'x10']","[0.7001194942642042, 0.6328794524175316, 0.5600024973644894, 0.48780450033677497, 0.4162903607023252, 0.3454077453842378, 0.2752371814434857, 0.2057850937222933, 0.13719026103076082, 0.0700960102215562, 0.019498669046154708]",EBM_GAM,synthetic_ordering10,4,5,42,150
"['offset', 'x1', 'x2', 'x3', 'x4', 'x5', 'x6', 'x7', 'x8', 'x9', 'x10', 'x11', 'x12', 'x13', 'x14', 'x15', 'x16', 'x17', 'x18', 'x19', 'x20', 'x21', 'x22', 'x23', 'x24', 'x25', 'x26', 'x27', 'x28', 'x29', 'x30', 'x31', 'x32', 'x33', 'x34', 'x35', 'x36', 'x37', 'x38', 'x39', 'x40', 'x41', 'x42', 'x43', 'x44', 'x45', 'x46', 'x47', 'x48', 'x49', 'x50', 'x51', 'x52', 'x53', 'x54', 'x55', 'x56', 'x57', 'x58', 'x59', 'x60', 'x61', 'x62', 'x63', 'x64', 'x65', 'x66', 'x67', 'x68', 'x69', 'x70', 'x71', 'x72', 'x73', 'x74', 'x75', 'x76', 'x77', 'x78', 'x79', 'x80', 'x81', 'x82', 'x83', 'x84', 'x85', 'x86', 'x87', 'x88', 'x89', 'x90', 'x91', 'x92', 'x93', 'x94', 'x95', 'x96', 'x97', 'x98', 'x100', 'x99']","[0.7023804993803776, 0.6979416773952803, 0.6873378509779858, 0.6768221857917046, 0.6664284602007567, 0.6561128974539966, 0.6459055939320271, 0.6357889710962069, 0.6257791569846506, 0.6158544826758557, 0.6060400878375961, 0.5963007939571264, 0.5866590427770417, 0.5770900920712121, 0.5676368034057316, 0.5582282083307589, 0.5489411380384923, 0.5397077540570056, 0.5305711913933091, 0.5215247156160168, 0.5125512215436875, 0.5036586762716406, 0.4948548962256874, 0.48613281202372716, 0.4774779603210658, 0.4689174916794026, 0.4604414384127024, 0.45204399145211976, 0.4437164572580289, 0.43548087037042044, 0.42731583643113935, 0.4192273882151462, 0.4112151426256312, 0.4032783359071622, 0.39538745633239025, 0.38756487639332665, 0.3798483830187257, 0.37217831021283204, 0.36457471378001644, 0.35703841710124967, 0.34957726263780586, 0.3421643717753461, 0.33483659733345716, 0.32757207882778344, 0.3203672531439982, 0.31323465746372586, 0.3061522458844569, 0.2991580165176001, 0.292202987895356, 0.2853170948879252, 0.27849940498971537, 0.27172899961519803, 0.26502754711613447, 0.25836495007942256, 0.25178047943063264, 0.2452376696157598, 0.2387595851601923, 0.23232884944097884, 0.22595498533778172, 0.21964115709286053, 0.2133860086363141, 0.20716376972240982, 0.2010180312677205, 0.19491305147047255, 0.18885181587574562, 0.18286167065008166, 0.17689246697078279, 0.17099345708155747, 0.16515666155946437, 0.15935571663559278, 0.15362406990675131, 0.14792104712810428, 0.14227882987759113, 0.13669354045363985, 0.1311502323442587, 0.12566106379364514, 0.1202217968161193, 0.11483925113932761, 0.10949866576471695, 0.10421274111746372, 0.09898737147460329, 0.09382049643928152, 0.08871751605669026, 0.08365542065493582, 0.07865504331298041, 0.07371400294244294, 0.06884421134512458, 0.06404233332610278, 0.05932415909077811, 0.054684837602388736, 0.050172961227797346, 0.045772000898075614, 0.041522951726903776, 0.03745013649765739, 0.033607199755068685, 0.030087238923530813, 0.02696240593639169, 0.02436590673165022, 0.022472912214058335, 0.02144364725300307, 0.021381629586873164]",EBM_GAM,synthetic_ordering100,0,5,42,150
"['offset', 'x1', 'x2', 'x3', 'x4', 'x5', 'x6', 'x7', 'x8', 'x9', 'x10', 'x11', 'x12', 'x13', 'x14', 'x15', 'x16', 'x17', 'x18', 'x19', 'x20', 'x21', 'x22', 'x23', 'x24', 'x25', 'x26', 'x27', 'x28', 'x29', 'x30', 'x31', 'x32', 'x33', 'x34', 'x35', 'x36', 'x37', 'x38', 'x39', 'x40', 'x41', 'x42', 'x43', 'x44', 'x45', 'x46', 'x47', 'x48', 'x49', 'x50', 'x51', 'x52', 'x53', 'x54', 'x55', 'x56', 'x57', 'x58', 'x59', 'x60', 'x61', 'x62', 'x63', 'x64', 'x65', 'x66', 'x67', 'x68', 'x69', 'x70', 'x71', 'x72', 'x73', 'x74', 'x75', 'x76', 'x77', 'x78', 'x79', 'x80', 'x81', 'x82', 'x83', 'x84', 'x85', 'x86', 'x87', 'x88', 'x89', 'x90', 'x91', 'x92', 'x93', 'x94', 'x95', 'x96', 'x97', 'x98', 'x99', 'x100']","[0.6993869451641659, 0.6949951520412382, 0.6844760633457007, 0.6740317733698221, 0.6637099035470105, 0.6534803980100301, 0.6433367495418088, 0.6332931582404353, 0.623336792012423, 0.6134746067123323, 0.6036973510296657, 0.594016283429363, 0.5844224092392565, 0.5749265926792421, 0.565507600343632, 0.5561717930775834, 0.5469163297978107, 0.537744231834521, 0.5286696684241992, 0.5196769133120336, 0.5107700742053531, 0.5019405463661399, 0.49319534542454024, 0.48453358887250775, 0.4759551064780885, 0.46744075334320623, 0.4590271268327934, 0.45067151102082365, 0.4423980025741295, 0.43420394823692, 0.42609085377581224, 0.41803752951225487, 0.41005987465898586, 0.4021422771010181, 0.39429484443414015, 0.3865235909432007, 0.3788127615032213, 0.371174098907128, 0.36360235103741734, 0.35609378780660916, 0.34866242993369084, 0.3413073877987308, 0.3340062303224192, 0.32677830639746996, 0.3196028810578419, 0.31249878346272647, 0.3054718742816151, 0.29851315285654284, 0.29160553065986144, 0.2847540627225959, 0.2779770938142709, 0.2712550308882633, 0.2645816995708904, 0.257972148888635, 0.25143535993992516, 0.24493280627895422, 0.23849794921582182, 0.2321185295500382, 0.22579545959493905, 0.21953198305500035, 0.21332900926810763, 0.20717308540296162, 0.20107213701843432, 0.19503188118613146, 0.18904635221165625, 0.1831129790316028, 0.1772306303855352, 0.1714058163024615, 0.16562816611344752, 0.15990255730313502, 0.15422939571534108, 0.1486192216614694, 0.14305181620830876, 0.1375364973097751, 0.13207754598544813, 0.1266679076920748, 0.12129631746388801, 0.11599643775069393, 0.1107309366015591, 0.10552699041922234, 0.10038066119261758, 0.0952972561768785, 0.09024362941910663, 0.08528002115165312, 0.08036892306891681, 0.07551681406220127, 0.07072647617181671, 0.0660229905296935, 0.06137948648380598, 0.056850674844158, 0.05240987259393397, 0.04808352876066211, 0.043898099324244384, 0.03987563873110416, 0.03606907937346334, 0.03252336805340439, 0.029340511512309056, 0.026587727371455237, 0.024428312884240418, 0.022990464692584818, 0.022393748088558988]",EBM_GAM,synthetic_ordering100,1,5,42,150
"['offset', 'x1', 'x2', 'x3', 'x4', 'x5', 'x6', 'x7', 'x8', 'x9', 'x10', 'x11', 'x12', 'x13', 'x14', 'x15', 'x16', 'x17', 'x18', 'x19', 'x20', 'x21', 'x22', 'x23', 'x24', 'x25', 'x26', 'x27', 'x28', 'x29', 'x30', 'x31', 'x32', 'x33', 'x34', 'x35', 'x36', 'x37', 'x38', 'x39', 'x40', 'x41', 'x42', 'x43', 'x44', 'x45', 'x46', 'x47', 'x48', 'x49', 'x50', 'x51', 'x52', 'x53', 'x54', 'x55', 'x56', 'x57', 'x58', 'x59', 'x60', 'x61', 'x62', 'x63', 'x64', 'x65', 'x66', 'x67', 'x68', 'x69', 'x70', 'x71', 'x72', 'x73', 'x74', 'x75', 'x76', 'x77', 'x78', 'x79', 'x80', 'x81', 'x82', 'x83', 'x84', 'x85', 'x86', 'x87', 'x88', 'x89', 'x90', 'x91', 'x92', 'x93', 'x94', 'x95', 'x96', 'x97', 'x98', 'x100', 'x99']","[0.7132981827931557, 0.7087988498552662, 0.6980924688422955, 0.6874653559408959, 0.6769379343227312, 0.6664985922967778, 0.6561490706323618, 0.6458682940744147, 0.6356969270649147, 0.6256046971817095, 0.615605288384638, 0.6056855835615905, 0.5958612026643756, 0.5861425007374035, 0.576506217948791, 0.5669566249966561, 0.5574971597231841, 0.5481261639948661, 0.5388435990294617, 0.5296432558119429, 0.5205331011091521, 0.511495597931245, 0.502551309061547, 0.49366772273866305, 0.4848753857052449, 0.47616002314886446, 0.4675380763697765, 0.4589897039514525, 0.45051667323498507, 0.44212425891862367, 0.4338124263804428, 0.4255691588294927, 0.4174080820014795, 0.40932137493110865, 0.40132674873131285, 0.39338320793469733, 0.385511780518373, 0.3777155947655975, 0.36999408552421087, 0.3623400690981524, 0.3547552049405696, 0.3472237767849611, 0.3397771593850008, 0.3323899188242552, 0.32506838842797003, 0.317818932095736, 0.3106316701951612, 0.3034788960755762, 0.29641164968303957, 0.2893975265354024, 0.28245244065864067, 0.2755646662779202, 0.2687451346757438, 0.26197102949688184, 0.25526775182173445, 0.24864633801576722, 0.24204670106184828, 0.23553475548462616, 0.22907679981788237, 0.22266563864318287, 0.21631203437554863, 0.21002337940267046, 0.20378791649430295, 0.19761015967005613, 0.19147626077750377, 0.18540098130812513, 0.1793903115131147, 0.17340838309822015, 0.1675080744099496, 0.1616442946694472, 0.15583581708486596, 0.15007801946883045, 0.14437095226829144, 0.13870101951383504, 0.13311707617165958, 0.12756255678742187, 0.1220740045401226, 0.11663891855479307, 0.11124319460114972, 0.10589547622900809, 0.10061343361936553, 0.09538351637328436, 0.09020905232337693, 0.08510440798734219, 0.08004090169244427, 0.07506235828778189, 0.07015172969358631, 0.06529755043020204, 0.06052671562099069, 0.05585382102450054, 0.05127995213457988, 0.04682727104497461, 0.04251226270889209, 0.03836589068419554, 0.03445150965191615, 0.03080250477769902, 0.027547297516996132, 0.024788304021660077, 0.022704214797314708, 0.021452330033950376, 0.021156444975867793]",EBM_GAM,synthetic_ordering100,2,5,42,150
"['offset', 'x1', 'x2', 'x3', 'x4', 'x5', 'x6', 'x7', 'x8', 'x9', 'x10', 'x11', 'x12', 'x13', 'x14', 'x15', 'x16', 'x17', 'x18', 'x19', 'x20', 'x21', 'x22', 'x23', 'x24', 'x25', 'x26', 'x27', 'x28', 'x29', 'x30', 'x31', 'x32', 'x33', 'x34', 'x35', 'x36', 'x37', 'x38', 'x39', 'x40', 'x41', 'x42', 'x43', 'x44', 'x45', 'x46', 'x47', 'x48', 'x49', 'x50', 'x51', 'x52', 'x53', 'x54', 'x55', 'x56', 'x57', 'x58', 'x59', 'x60', 'x61', 'x62', 'x63', 'x64', 'x65', 'x66', 'x67', 'x68', 'x69', 'x70', 'x71', 'x72', 'x73', 'x74', 'x75', 'x76', 'x77', 'x78', 'x79', 'x80', 'x81', 'x82', 'x83', 'x84', 'x85', 'x86', 'x87', 'x88', 'x89', 'x90', 'x91', 'x92', 'x93', 'x94', 'x95', 'x96', 'x97', 'x98', 'x99', 'x100']","[0.7174588286903428, 0.7129567360376922, 0.7022534051985135, 0.6916389595804919, 0.6811345659142785, 0.6707197550906726, 0.6603959371530995, 0.6501631921058254, 0.6400210521005071, 0.6299812193514428, 0.6200130302629842, 0.6101326561157906, 0.6003476574123654, 0.5906364224570843, 0.5810194100082225, 0.5714772563657237, 0.5620208361709873, 0.5526523468642619, 0.5433672083276585, 0.5341647384629186, 0.5250386232629684, 0.5160014543676933, 0.5070435062289942, 0.4981649369360005, 0.4893765519145923, 0.48065534616103045, 0.4720033449086781, 0.4634444645083508, 0.4549699148395032, 0.44655383847832036, 0.4382258625404402, 0.4299630502155463, 0.42177872201391675, 0.41366746155901174, 0.40562896547152, 0.39765968163174015, 0.389760175501385, 0.3819266365579989, 0.37417548409700174, 0.36647994698745023, 0.3588573044581686, 0.3513158201024909, 0.34383508556454595, 0.3364121498991209, 0.32907213458670426, 0.32179325966159095, 0.3145786457687611, 0.30742773066639134, 0.30034138451783365, 0.2933156134067834, 0.28635201375170677, 0.27944219821712424, 0.2725968570358699, 0.2658171179105126, 0.2590944752407298, 0.25242469446521915, 0.2458134949980681, 0.23927044326141897, 0.23277750946217682, 0.22634318871703912, 0.219962522929878, 0.21364672502023524, 0.20738792965662692, 0.2011852378089992, 0.19501789253777022, 0.18891472148390004, 0.182867936560176, 0.1768524919131488, 0.17090703198831514, 0.1650035894851416, 0.15914822551390337, 0.15336098474935098, 0.147610756447719, 0.14192014202069697, 0.13627447620103073, 0.1306752724220084, 0.1251392612193709, 0.11965397702389748, 0.11421830310679483, 0.1088353259817163, 0.10351159726453725, 0.09823188038626011, 0.09301939435806011, 0.08785991808230392, 0.08275220536553711, 0.07771701558295875, 0.07274664851852934, 0.06783718934288786, 0.06299939722461369, 0.05825723352159786, 0.05360749796622985, 0.049056509576605976, 0.04463817055142535, 0.04036128101080203, 0.03628925966817857, 0.032450857650999844, 0.02893614406426764, 0.025852462752494306, 0.023359573571183675, 0.021621451229101314, 0.020810596681790673]",EBM_GAM,synthetic_ordering100,3,5,42,150
"['offset', 'x1', 'x2', 'x3', 'x4', 'x5', 'x6', 'x7', 'x8', 'x9', 'x10', 'x11', 'x12', 'x13', 'x14', 'x15', 'x16', 'x17', 'x18', 'x19', 'x20', 'x21', 'x22', 'x23', 'x24', 'x25', 'x26', 'x27', 'x28', 'x29', 'x30', 'x31', 'x32', 'x33', 'x34', 'x35', 'x36', 'x37', 'x38', 'x39', 'x40', 'x41', 'x42', 'x43', 'x44', 'x45', 'x46', 'x47', 'x48', 'x49', 'x50', 'x51', 'x52', 'x53', 'x54', 'x55', 'x56', 'x57', 'x58', 'x59', 'x60', 'x61', 'x62', 'x63', 'x64', 'x65', 'x66', 'x67', 'x68', 'x69', 'x70', 'x71', 'x72', 'x73', 'x74', 'x75', 'x76', 'x77', 'x78', 'x79', 'x80', 'x81', 'x82', 'x83', 'x84', 'x85', 'x86', 'x87', 'x88', 'x89', 'x90', 'x91', 'x92', 'x93', 'x94', 'x95', 'x96', 'x97', 'x98', 'x99', 'x100']","[0.7001194942642042, 0.6957244790893394, 0.6851120303237882, 0.6746009652237214, 0.664197966537053, 0.653893887565341, 0.6436683628977509, 0.6335498556404521, 0.6235172121432874, 0.6135735397752795, 0.6037330264681942, 0.5939606319228088, 0.5843023494344214, 0.5747429395056568, 0.5652660169161157, 0.5558837766856194, 0.5465970282564763, 0.5373926094566939, 0.5282828337233005, 0.5192543890929855, 0.5103075128904284, 0.5014514305208391, 0.49266411432007584, 0.48397382129183747, 0.4753442650271094, 0.4667849282773381, 0.45830654512666363, 0.44992139471008097, 0.4416039180673585, 0.43335365667413533, 0.4251823451834902, 0.4170724519424222, 0.40906824066899644, 0.40112156199195315, 0.39325843416862133, 0.38546664467019637, 0.37775929253876167, 0.370108917664816, 0.36253379886594317, 0.35505194507097726, 0.3476220239745521, 0.34025945042783, 0.332964308711717, 0.32574311412163204, 0.31858696319758517, 0.3115020856578074, 0.30447642907022054, 0.29751038506526917, 0.2906180852047423, 0.28378028365268854, 0.2770137153908892, 0.27029516996492714, 0.2636331741020219, 0.25703082134765776, 0.25050655354599577, 0.2440183503737014, 0.23758831367978103, 0.23122790656698167, 0.2249164566688795, 0.21865764600221432, 0.21245098721524577, 0.20630193523953155, 0.20020466421915123, 0.19416027985323375, 0.18816303613440158, 0.1822165045203631, 0.17633326043894004, 0.1705006667724727, 0.164704012837227, 0.15897826962463382, 0.15329268413705002, 0.14766752607162512, 0.14207425444168653, 0.13654642889457785, 0.13105709338178967, 0.12563089348068326, 0.12024380858986143, 0.11490644187047798, 0.10961973579697198, 0.10439173456845255, 0.09921137264793328, 0.09408753775800176, 0.08900593867362791, 0.08399081620857725, 0.07903171868030087, 0.07412927983926569, 0.06930139631093783, 0.0645289717608478, 0.05984080717313457, 0.05521280240218446, 0.05068437297263034, 0.046263048204203405, 0.04196931381163583, 0.03781472925371854, 0.03385560802355297, 0.030134391413459208, 0.026765696085501778, 0.023834099021769476, 0.021528044689849857, 0.020026609593783915, 0.01949866904615471]",EBM_GAM,synthetic_ordering100,4,5,42,150
"['offset', 'x1', 'x2', 'x3', 'x4', 'x5', 'x6', 'x7', 'x8', 'x9', 'x10', 'x11', 'x12', 'x13', 'x14', 'x15', 'x16', 'x17', 'x18', 'x19', 'x20', 'x21', 'x22', 'x23', 'x24', 'x25', 'x26', 'x27', 'x28', 'x29', 'x30', 'x31', 'x32', 'x33', 'x34', 'x35', 'x36', 'x37', 'x38', 'x39', 'x40', 'x41', 'x42', 'x43', 'x44', 'x45', 'x46', 'x47', 'x48', 'x49', 'x50', 'x51', 'x52', 'x53', 'x54', 'x55', 'x56', 'x57', 'x58', 'x59', 'x60', 'x61', 'x62', 'x63', 'x64', 'x65', 'x66', 'x67', 'x68', 'x69', 'x70', 'x71', 'x72', 'x73', 'x74', 'x75', 'x76', 'x77', 'x78', 'x79', 'x80', 'x81', 'x82', 'x83', 'x84', 'x85', 'x86', 'x87', 'x88', 'x89', 'x90', 'x91', 'x92', 'x93', 'x94', 'x95', 'x96', 'x97', 'x98', 'x99', 'x100', 'x101', 'x102', 'x103', 'x104', 'x105', 'x106', 'x107', 'x108', 'x109', 'x110', 'x111', 'x112', 'x113', 'x114', 'x115', 'x116', 'x117', 'x118', 'x119', 'x120', 'x121', 'x122', 'x123', 'x124', 'x125', 'x126', 'x127', 'x128', 'x129', 'x130', 'x131', 'x132', 'x133', 'x134', 'x135', 'x136', 'x137', 'x138', 'x139', 'x140', 'x141', 'x142', 'x143', 'x144', 'x145', 'x146', 'x147', 'x148', 'x149', 'x150', 'x151', 'x152', 'x153', 'x154', 'x155', 'x156', 'x157', 'x158', 'x159', 'x160', 'x161', 'x162', 'x163', 'x165', 'x164', 'x166', 'x168', 'x167', 'x169', 'x170', 'x171', 'x172', 'x173', 'x175', 'x174', 'x176', 'x177', 'x178', 'x179', 'x180', 'x181', 'x182', 'x183', 'x184', 'x185', 'x186', 'x187', 'x188', 'x189', 'x190', 'x191', 'x193', 'x192', 'x195', 'x194', 'x196', 'x197', 'x198', 'x199', 'x200', 'x201', 'x202', 'x203', 'x204', 'x205', 'x206', 'x207', 'x208', 'x209', 'x210', 'x211', 'x212', 'x214', 'x213', 'x215', 'x216', 'x217', 'x218', 'x220', 'x219', 'x221', 'x222', 'x223', 'x224', 'x226', 'x225', 'x227', 'x228', 'x229', 'x231', 'x230', 'x233', 'x232', 'x234', 'x235', 'x237', 'x236', 'x239', 'x238', 'x240', 'x241', 'x242', 'x243', 'x244', 'x245', 'x246', 'x247', 'x248', 'x249', 'x250', 'x251', 'x252', 'x253', 'x254', 'x255', 'x256', 'x257', 'x258', 'x259', 'x260', 'x261', 'x262', 'x263', 'x264', 'x265', 'x266', 'x267', 'x268', 'x269', 'x270', 'x271', 'x272', 'x273', 'x274', 'x275', 'x277', 'x276', 'x278', 'x279', 'x280', 'x282', 'x281', 'x283', 'x285', 'x284', 'x286', 'x287', 'x288', 'x290', 'x289', 'x292', 'x291', 'x293', 'x294', 'x295', 'x296', 'x297', 'x298', 'x300', 'x299', 'x302', 'x301', 'x303', 'x306', 'x304', 'x305', 'x308', 'x307', 'x310', 'x309', 'x312', 'x311', 'x313', 'x314', 'x316', 'x315', 'x317', 'x318', 'x320', 'x319', 'x323', 'x321', 'x322', 'x325', 'x324', 'x326', 'x327', 'x328', 'x330', 'x329', 'x334', 'x332', 'x331', 'x333', 'x336', 'x335', 'x337', 'x338', 'x339', 'x340', 'x341', 'x342', 'x343', 'x345', 'x344', 'x346', 'x348', 'x347', 'x350', 'x349', 'x351', 'x352', 'x353', 'x354', 'x355', 'x356', 'x357', 'x359', 'x358', 'x360', 'x361', 'x362', 'x363', 'x364', 'x365', 'x366', 'x367', 'x368', 'x369', 'x370', 'x371', 'x372', 'x373', 'x374', 'x375', 'x376', 'x377', 'x378', 'x379', 'x381', 'x380', 'x382', 'x384', 'x383', 'x385', 'x386', 'x388', 'x387', 'x389', 'x390', 'x392', 'x393', 'x391', 'x395', 'x394', 'x397', 'x396', 'x398', 'x400', 'x399', 'x401', 'x403', 'x402', 'x404', 'x405', 'x406', 'x407', 'x408', 'x409', 'x410', 'x411', 'x413', 'x412', 'x414', 'x415', 'x416', 'x417', 'x419', 'x418', 'x421', 'x420', 'x422', 'x424', 'x425', 'x423', 'x427', 'x428', 'x426', 'x429', 'x431', 'x433', 'x430', 'x432', 'x436', 'x434', 'x435', 'x438', 'x437', 'x439', 'x440', 'x443', 'x441', 'x442', 'x445', 'x447', 'x444', 'x446', 'x450', 'x448', 'x452', 'x457', 'x449', 'x453', 'x451', 'x455', 'x454', 'x460', 'x456', 'x459', 'x462', 'x461', 'x466', 'x458', 'x464', 'x463', 'x465', 'x468', 'x469', 'x467', 'x470', 'x471', 'x472', 'x474', 'x473', 'x476', 'x475', 'x478', 'x477', 'x479', 'x481', 'x486', 'x480', 'x485', 'x482', 'x483', 'x488', 'x484', 'x490', 'x492', 'x487', 'x491', 'x493', 'x494', 'x489', 'x495', 'x498', 'x499', 'x497', 'x496', 'x502', 'x500', 'x510', 'x509', 'x512', 'x505', 'x514', 'x501', 'x504', 'x506', 'x508', 'x511', 'x503', 'x507', 'x513', 'x515', 'x516', 'x523', 'x517', 'x530', 'x519', 'x526', 'x521', 'x533', 'x528', 'x534', 'x520', 'x532', 'x524', 'x518', 'x525', 'x538', 'x527', 'x540', 'x537', 'x536', 'x531', 'x555', 'x553', 'x522', 'x546', 'x535', 'x545', 'x559', 'x529', 'x557', 'x542', 'x541', 'x550', 'x549', 'x562', 'x551', 'x548', 'x539', 'x552', 'x554', 'x565', 'x544', 'x543', 'x547', 'x563', 'x568', 'x558', 'x566', 'x569', 'x571', 'x567', 'x561', 'x574', 'x560', 'x572', 'x577', 'x587', 'x556', 'x575', 'x584', 'x564', 'x580', 'x578', 'x570', 'x573', 'x576', 'x581', 'x579', 'x582', 'x590', 'x588', 'x591', 'x585', 'x593', 'x596', 'x586', 'x594', 'x589', 'x583', 'x595', 'x600', 'x602', 'x592', 'x599', 'x598', 'x604', 'x605', 'x606', 'x597', 'x601', 'x607', 'x603', 'x610', 'x616', 'x608', 'x609', 'x612', 'x613', 'x611', 'x621', 'x618', 'x615', 'x619', 'x614', 'x617', 'x623', 'x625', 'x622', 'x627', 'x629', 'x633', 'x631', 'x628', 'x630', 'x624', 'x620', 'x637', 'x636', 'x626', 'x641', 'x632', 'x634', 'x640', 'x644', 'x639', 'x638', 'x646', 'x635', 'x643', 'x650', 'x652', 'x649', 'x642', 'x660', 'x658', 'x665', 'x647', 'x645', 'x648', 'x656', 'x662', 'x655', 'x653', 'x680', 'x671', 'x674', 'x651', 'x654', 'x657', 'x669', 'x659', 'x663', 'x664', 'x668', 'x675', 'x677', 'x678', 'x672', 'x667', 'x661', 'x689', 'x693', 'x666', 'x691', 'x687', 'x685', 'x683', 'x676', 'x679', 'x682', 'x686', 'x696', 'x698', 'x670', 'x700', 'x713', 'x688', 'x684', 'x692', 'x703', 'x697', 'x690', 'x719', 'x681', 'x701', 'x705', 'x706', 'x708', 'x717', 'x711', 'x704', 'x730', 'x694', 'x673', 'x727', 'x722', 'x702', 'x715', 'x725', 'x716', 'x712', 'x720', 'x695', 'x699', 'x707', 'x709', 'x723', 'x742', 'x737', 'x734', 'x740', 'x721', 'x724', 'x728', 'x710', 'x733', 'x731', 'x714', 'x753', 'x732', 'x746', 'x745', 'x738', 'x726', 'x736', 'x729', 'x743', 'x735', 'x718', 'x748', 'x759', 'x749', 'x757', 'x752', 'x751', 'x739', 'x762', 'x750', 'x741', 'x754', 'x765', 'x755', 'x756', 'x763', 'x768', 'x744', 'x778', 'x770', 'x772', 'x775', 'x760', 'x777', 'x767', 'x773', 'x761', 'x758', 'x769', 'x783', 'x747', 'x764', 'x766', 'x774', 'x786', 'x788', 'x785', 'x771', 'x780', 'x790', 'x793', 'x776', 'x807', 'x791', 'x781', 'x794', 'x801', 'x784', 'x800', 'x805', 'x798', 'x782', 'x779', 'x811', 'x814', 'x818', 'x787', 'x792', 'x825', 'x795', 'x820', 'x803', 'x796', 'x813', 'x809', 'x821', 'x804', 'x797', 'x808', 'x832', 'x789', 'x841', 'x816', 'x828', 'x822', 'x812', 'x844', 'x829', 'x824', 'x802', 'x815', 'x799', 'x827', 'x810', 'x838', 'x817', 'x806', 'x837', 'x834', 'x851', 'x823', 'x855', 'x847', 'x819', 'x835', 'x862', 'x830', 'x839', 'x831', 'x842', 'x836', 'x854', 'x850', 'x846', 'x826', 'x853', 'x849', 'x857', 'x864', 'x840', 'x845', 'x867', 'x861', 'x859', 'x870', 'x833', 'x860', 'x848', 'x852', 'x858', 'x865', 'x884', 'x868', 'x879', 'x843', 'x875', 'x904', 'x888', 'x901', 'x872', 'x894', 'x906', 'x874', 'x871', 'x913', 'x886', 'x882', 'x877', 'x916', 'x890', 'x878', 'x922', 'x899', 'x896', 'x883', 'x880', 'x932', 'x866', 'x893', 'x908', 'x918', 'x876', 'x892', 'x891', 'x910', 'x881', 'x885', 'x911', 'x915', 'x887', 'x952', 'x889', 'x947', 'x920', 'x898', 'x954', 'x949', 'x934', 'x957', 'x897', 'x895', 'x935', 'x930', 'x919', 'x925', 'x961', 'x912', 'x941', 'x942', 'x937', 'x939', 'x985', 'x928', 'x940', 'x926', 'x927', 'x963', 'x945', 'x950', 'x924', 'x943', 'x977', 'x909', 'x959', 'x903', 'x907', 'x978', 'x980', 'x969', 'x933', 'x971', 'x974', 'x994', 'x965', 'x923', 'x967', 'x972', 'x964', 'x975', 'x989', 'x944', 'x936', 'x982', 'x990', 'x998', 'x983', 'x991', 'x970', 'x987', 'x973', 'x992', 'x966', 'x968', 'x958', 'x981', 'x979', 'x996', 'x956', 'x999', 'x953', 'x997', 'x1000', 'x962', 'x951', 'x976', 'x995', 'x948', 'x955', 'x986', 'x960', 'x993', 'x921', 'x984', 'x988', 'x946', 'x929', 'x938', 'x914', 'x931', 'x902', 'x917', 'x905', 'x900', 'x873', 'x869', 'x863', 'x856']","[0.7023804993803777, 0.7023614825426372, 0.6961367524052737, 0.6899797949987991, 0.6838909255668411, 0.6778647608551998, 0.6719061067688973, 0.666015086012038, 0.6601892568986917, 0.6544250343354564, 0.6487216476675808, 0.6430783892529602, 0.6374977509531502, 0.6319746699257931, 0.6265114046808918, 0.6211020116711389, 0.6157477278279281, 0.6104512785746633, 0.6052060330139708, 0.6000160659113362, 0.5948774527066633, 0.5897943858501786, 0.5847616084950337, 0.5797845506682335, 0.5748613641747218, 0.5699916386107254, 0.565170737650606, 0.5604064119553026, 0.5556942931013971, 0.5510337656665768, 0.5464252944214867, 0.5418672508683022, 0.5373564863208332, 0.53289386581717, 0.5284774598072579, 0.5241083706753986, 0.5197892818192621, 0.5155171542254978, 0.5112893528987126, 0.5071056194271836, 0.5029658030627085, 0.49887151849452416, 0.49482031207635924, 0.4908109636798528, 0.48684154365148924, 0.4829128912319938, 0.4790263561206945, 0.475184729324117, 0.4713827529475463, 0.4676233688901163, 0.46390419647465914, 0.4602258974617882, 0.4565866121044978, 0.4529873958917003, 0.44942547798580057, 0.44590209516364004, 0.4424181674736649, 0.43896854013054826, 0.4355563874368403, 0.432182359746718, 0.42884363129484926, 0.4255420587772644, 0.4222696614349118, 0.4190336614225856, 0.41582526429507694, 0.41265557107151357, 0.40952220434444336, 0.40641981414106415, 0.4033528080709721, 0.4003187196930629, 0.3973165269880635, 0.39434335445375207, 0.39140595172083964, 0.38849938737602135, 0.385620854100217, 0.38277340748522065, 0.37995196316901636, 0.37716656063211534, 0.37440703877052517, 0.37167429609521935, 0.3689726688302199, 0.36629961366238634, 0.36365324793964804, 0.3610338045644404, 0.3584420225406291, 0.3558751701000905, 0.35334086709109486, 0.35082741552631963, 0.3483472776227506, 0.34589705925174213, 0.34346840178688604, 0.3410680266330233, 0.3386923037854559, 0.33634387285650386, 0.3340201889370956, 0.33172122037301977, 0.32944843528790796, 0.3271993154845247, 0.3249727922295127, 0.32277373574756474, 0.32059947196916244, 0.3184461813852791, 0.31631299349646586, 0.3142054016304401, 0.3121131102963297, 0.3100486333679054, 0.3080025223701653, 0.305979287166337, 0.3039739831257689, 0.30199014606545127, 0.3000290676820975, 0.29808015807286437, 0.2961600184021997, 0.2942535384531685, 0.29237240282297344, 0.2905095096504468, 0.28866736972183094, 0.28684329943680914, 0.2850362144578679, 0.283248445857484, 0.28148152658639297, 0.2797337062467091, 0.2780030059391796, 0.27628851503785656, 0.27459232671304873, 0.2729143931628234, 0.2712518299134057, 0.26960565081430404, 0.26797490809699814, 0.26635808844815756, 0.2647555804423377, 0.2631677936672404, 0.2615902955974235, 0.26003574269726587, 0.25848664673275257, 0.2569560740317789, 0.25543871446632205, 0.25393476670341686, 0.25244369204069594, 0.2509658213087953, 0.24950425372128682, 0.24805697654873166, 0.24662106689923782, 0.24519641768504447, 0.2437762695673627, 0.24237955807778022, 0.24098755015197224, 0.23961353414147213, 0.23824578773132615, 0.23688646585595372, 0.23554386240479055, 0.23420610911354184, 0.23288074821226337, 0.23156672416554866, 0.23026208181810223, 0.22896542669956632, 0.22768157077876, 0.22640262151197985, 0.22514034820001513, 0.22388194388484625, 0.22263890045863086, 0.22139843225729353, 0.22017591113620763, 0.21895936241626046, 0.2177504543133554, 0.2165500946956747, 0.2153614649407507, 0.2141815752933321, 0.21300855609347433, 0.21183828247619255, 0.21068578767677104, 0.209542219200125, 0.20840553054110503, 0.20727868467207974, 0.20615851786168585, 0.20505257272492786, 0.20394892959648742, 0.20286277645780534, 0.20177846654242906, 0.2007041435894979, 0.19963633848205153, 0.19857942598555553, 0.19752857592230647, 0.19648443665010618, 0.19544697790386115, 0.19441769367465345, 0.1933951867351298, 0.19238218627296302, 0.19137453882880426, 0.19037220016387002, 0.18937859362386597, 0.1883926317771125, 0.1874115053668488, 0.18644239264723997, 0.18547475354247783, 0.18451935043698284, 0.1835669281688595, 0.18262186847337408, 0.18168506116825314, 0.1807531390058691, 0.17983021669797522, 0.17891348210167982, 0.17800397100327994, 0.17709758444709783, 0.17620210177688012, 0.17531207500618773, 0.17442895556941815, 0.1735523460068078, 0.17268343415556953, 0.17181905159475974, 0.17096443058356534, 0.1701140546160157, 0.16927143211443058, 0.16843084955961454, 0.16760063796658944, 0.1667729194085913, 0.16595622136284016, 0.16514114689987902, 0.16433050274303304, 0.16353017826774618, 0.16273371808206988, 0.16194006282627663, 0.16115535581778484, 0.1603735476388621, 0.15960145734207304, 0.15883108151650044, 0.15806874293092124, 0.1573098497282012, 0.15655554199943245, 0.1558096173005677, 0.1550693195623553, 0.1543348880582249, 0.15360179424566617, 0.1528760890483357, 0.15215535821921014, 0.15143689908819546, 0.15072654979484512, 0.1500198251265866, 0.14931421768906386, 0.14861716448618215, 0.14792245988429617, 0.1472333895946722, 0.1465463516690416, 0.14586721706812528, 0.1451917907718392, 0.14452006522314503, 0.14385270996767688, 0.14319025149363288, 0.1425298427599406, 0.14187421077238616, 0.1412232582601865, 0.14057570921697599, 0.13993271931629822, 0.1392940514802261, 0.13866057806109816, 0.13802999402335503, 0.1374019139597463, 0.13678032266880016, 0.13616125825649744, 0.13554865869778351, 0.1349407144950377, 0.1343359208825507, 0.13373244560700281, 0.13313451613865915, 0.1325441617415057, 0.13195538643832233, 0.1313685314187885, 0.13078570653896746, 0.13020586641404727, 0.12963055935045353, 0.1290586180461732, 0.12848901172394042, 0.1279239931655405, 0.12736505425213918, 0.12680924935153853, 0.12625739743980757, 0.12570687971999062, 0.12515877144855703, 0.1246123969656323, 0.12407388734715957, 0.12353766770309359, 0.12300352682895521, 0.12247215007329637, 0.1219434283380937, 0.12141713548321723, 0.12089557904549683, 0.12037660633580004, 0.11986168364896865, 0.11934939661359899, 0.11884078067312538, 0.11833652523778948, 0.11783385512532371, 0.11733597771935908, 0.11683888427253346, 0.11634718105437154, 0.11585630750656764, 0.11536711186766473, 0.11488138886043185, 0.11439976738000775, 0.1139204673844461, 0.11344561669683631, 0.11297148798918862, 0.1125020027783408, 0.11203410212409129, 0.11156876481615523, 0.11110671834392422, 0.11064545945246738, 0.11018574269425413, 0.10973102623238563, 0.1092775864401611, 0.10882756620655844, 0.10837893639623343, 0.10793394693279285, 0.10749056074039744, 0.10705154906271994, 0.10661551071205962, 0.10618032440320137, 0.10574577783225661, 0.10531632028353251, 0.10488906873408536, 0.10446387093163231, 0.10404111400615698, 0.10362125605155575, 0.10320285374896632, 0.10278737742449341, 0.10237336825558335, 0.10195989521195456, 0.10154866248578234, 0.10114082874876282, 0.10073423293673318, 0.10033136156438584, 0.09992989325260568, 0.09953129355380771, 0.09913323529844656, 0.09873726119635177, 0.0983443454347559, 0.09795261147045577, 0.0975613142417134, 0.0971704701235484, 0.09678365073714003, 0.09639752707439492, 0.09601235427228956, 0.09562898894569577, 0.09524785132783689, 0.09486961063172086, 0.09449247481802482, 0.09411680231814724, 0.09374318711474525, 0.09337065169727189, 0.09300238740044346, 0.09263547894145353, 0.09226952061010393, 0.09190555567214526, 0.09154364875563872, 0.09118295196954047, 0.09082306997344941, 0.09046491061502478, 0.09010839463155783, 0.08975480335326046, 0.08940163091428478, 0.08904968725004928, 0.08869963994186138, 0.0883510744430524, 0.08800408923432895, 0.08765906488850508, 0.08731513909414147, 0.08697319530073633, 0.08663331738514235, 0.08629555635947925, 0.08595870684406678, 0.08562295626032457, 0.08529008707261103, 0.08495799846786238, 0.08462746779214746, 0.08430064742327249, 0.0839747159559162, 0.08364947565598892, 0.08332559632167388, 0.08300245294796574, 0.08268283143307575, 0.08236362542107462, 0.0820478833359246, 0.08173256248787136, 0.08141994841741108, 0.08110813604750752, 0.08079839517773302, 0.08049017182831057, 0.08018241566818442, 0.07987792640578699, 0.07957437617780394, 0.0792728910696406, 0.07897296039003371, 0.07867541739422079, 0.07837958228089362, 0.07808439839282008, 0.07779143210044913, 0.07749946274379534, 0.07720840019711565, 0.07691842501020503, 0.07663363003434655, 0.0763499166263709, 0.07606712141025204, 0.07578607985835296, 0.07550747378564276, 0.07523132839009636, 0.07495574827924663, 0.07468132692705842, 0.07440873725079304, 0.0741384039867275, 0.07386918953956281, 0.07360094583199069, 0.07333372482292592, 0.0730695979436539, 0.07280642633937252, 0.07254545681620911, 0.07228541729271429, 0.07202719957841255, 0.0717710146891112, 0.07151626174595557, 0.07126326338691653, 0.07101141808277713, 0.07076228229678976, 0.07051365677392651, 0.07026544813420818, 0.0700198719435449, 0.06977479542209136, 0.06953046272949792, 0.06928799686628641, 0.06904621286663079, 0.06880585457623492, 0.06856727932196638, 0.068331239415124, 0.06809621185174754, 0.06786179239912203, 0.06762810647716296, 0.06739537361427465, 0.06716373379524344, 0.06693541632570504, 0.06670790085835698, 0.06648107681783062, 0.06625521620991183, 0.06603140089317777, 0.06580845359768671, 0.0655875725535562, 0.06536761588812959, 0.06514847755449255, 0.06493151645801956, 0.06471497802549966, 0.06449995654125515, 0.06428536472499073, 0.06407194267378395, 0.06385931543447541, 0.06364732842378133, 0.0634361003994828, 0.0632252283632564, 0.06301610036162109, 0.06280771518644715, 0.0625997071533497, 0.06239389377124091, 0.062188890911517754, 0.061985422545255846, 0.06178294002527269, 0.061582081937418764, 0.061381874891343294, 0.06118214011826645, 0.06098282963183593, 0.06078414566612213, 0.06058602822372283, 0.06038851170205412, 0.06019350492499524, 0.059999231897217245, 0.0598054105129441, 0.05961206111291227, 0.05941976697585469, 0.05922783568288013, 0.05903705268678695, 0.05884778817401016, 0.05866033565112963, 0.05847333839705199, 0.05828664647065902, 0.05810036026453994, 0.05791492725271078, 0.057730025190446004, 0.05754560742162561, 0.05736205567890754, 0.05717908868416125, 0.0569964801683973, 0.05681474474352799, 0.056633471548421035, 0.05645313756565822, 0.05627314521559503, 0.056093705725951556, 0.055915233047396415, 0.055737134963949185, 0.05555964787510174, 0.055382456437699366, 0.05520654882419085, 0.055032022599007295, 0.05485802062569578, 0.054684901487036565, 0.05451211400912793, 0.05434007197676176, 0.05416853890218718, 0.05399750672419039, 0.05382690771056125, 0.053656997893610524, 0.05348767015559433, 0.053318690806017914, 0.05315011418445974, 0.05298197203935774, 0.05281446498513819, 0.05264723955591477, 0.05248046061740721, 0.05231423535162897, 0.05214856793827347, 0.051983769428466234, 0.05182002920352622, 0.05165663749348447, 0.051493525242228666, 0.051330978644579375, 0.05116884494716244, 0.0510070114322246, 0.05084577266484516, 0.0506852752201755, 0.050525302605325756, 0.050366187687893034, 0.05020729725541234, 0.05004896987898695, 0.04989101536627543, 0.049733347214802597, 0.049576128621595515, 0.04941960079148397, 0.049263760516386396, 0.04910820482295289, 0.04895309845780958, 0.04879837750279019, 0.04864432258634285, 0.04849129319204544, 0.04833868287280351, 0.04818628872552335, 0.048034350577729805, 0.04788271354325108, 0.047731517661767725, 0.04758072106562012, 0.04743023197425729, 0.04728012292037196, 0.04713027443625166, 0.04698070132544662, 0.04683140346408597, 0.04668273566358614, 0.046534316541359845, 0.04638628773418734, 0.046238618078339414, 0.046091288937590666, 0.0459445607053837, 0.0457981670341307, 0.04565204208216931, 0.045506239588622224, 0.045360754591631615, 0.045215778664065696, 0.04507141703003145, 0.044927819243388546, 0.044784663480090185, 0.04464180861970589, 0.04449962467800186, 0.04435801305341627, 0.04421709607206257, 0.044076591783797546, 0.04393642136210551, 0.04379674528255476, 0.043657504884010184, 0.04351873148363344, 0.04338032584606656, 0.04324215967629853, 0.043104918507517104, 0.042968591543798874, 0.04283250072394719, 0.042696977576520787, 0.04256174617369376, 0.04242682971707119, 0.04229217702224563, 0.04215788264052313, 0.04202404844660859, 0.04189086264207272, 0.041758269712582445, 0.04162647781051875, 0.04149565668142645, 0.04136512237981677, 0.041235154054892184, 0.041105469888148546, 0.04097609038022096, 0.040847209786200545, 0.040719121041715066, 0.04059149773630737, 0.04046411972442502, 0.04033713989466976, 0.040211011668757395, 0.040085219731339376, 0.03995970451870438, 0.03983487779560545, 0.03971031529357449, 0.03958628405506727, 0.03946272851726788, 0.03934061249146471, 0.039218821655283, 0.03909744107964449, 0.03897656086349717, 0.0388559238946636, 0.03873596590390959, 0.03861644828631881, 0.038497221794965966, 0.038378312599614876, 0.03826028789944044, 0.03814261659940612, 0.03802529301072906, 0.0379085545542095, 0.03779252725772954, 0.03767679639811393, 0.03756187575943337, 0.037447278759581246, 0.03733317006752064, 0.0372201279779168, 0.03710768352884842, 0.03699584029412563, 0.036884324452913224, 0.036773188203950424, 0.036663071838861284, 0.03655322445710119, 0.036443710059536276, 0.036335011944790885, 0.03622655583236684, 0.03611844189990296, 0.036011133598384905, 0.03590421316204909, 0.035798166908462443, 0.0356928056722311, 0.03558795344619572, 0.03548350361567996, 0.03537965300307869, 0.03527621356917707, 0.03517308234262057, 0.035070576001298856, 0.03496843704892296, 0.034866593031640906, 0.03476519538141145, 0.03466445924384508, 0.03456481337424017, 0.03446568582936812, 0.03436705077916614, 0.034269067315627434, 0.03417224841007009, 0.03407569006730845, 0.03397968103673919, 0.03388395326065221, 0.033788522574824446, 0.03369392061345417, 0.033599711893290196, 0.03350601330524569, 0.03341260521534671, 0.03331945485852281, 0.03322751836267133, 0.033135834323139074, 0.033044549345967345, 0.032953510391941866, 0.032862784475543215, 0.03277232924322414, 0.0326823497558112, 0.03259273358619551, 0.03250386248676121, 0.03241541609218942, 0.03232765585038884, 0.03224012785067253, 0.032152952787868616, 0.03206627414196776, 0.031979841338406464, 0.03189389135928175, 0.03180820334836255, 0.03172275393620529, 0.031637877233903156, 0.031553455767192505, 0.03146932952198271, 0.03138559994214655, 0.031302239994269336, 0.031219139584790882, 0.031136643734494585, 0.031054401129381452, 0.03097257250883882, 0.030891249285915495, 0.030810478069400273, 0.030730028178323487, 0.03064989102993574, 0.030570633606381636, 0.03049173375155274, 0.030413164257270586, 0.030334871672804943, 0.0302568463854997, 0.03017905539461958, 0.030101673509639708, 0.030024699609961153, 0.029948219776791386, 0.02987220198679231, 0.02979650063902144, 0.029721042264682005, 0.029646071845431537, 0.029571454298530586, 0.029497333299561272, 0.029423765824091452, 0.029350580219136512, 0.02927784375970835, 0.029205410475934373, 0.02913326284477234, 0.029061424356897105, 0.028989865010810738, 0.02891896766404729, 0.028848312014989393, 0.02877792715491196, 0.028707880616094323, 0.028638121249486816, 0.028568723232272827, 0.028499826842294285, 0.028431308520272428, 0.028363168830615407, 0.02829532534414095, 0.028228646663193545, 0.028162231703663772, 0.028096052482509546, 0.02803013062564457, 0.027964560281913596, 0.027899242955736727, 0.02783450481507252, 0.027770233503394956, 0.02770624325016929, 0.027642978589954584, 0.027579965578698643, 0.02751743032516114, 0.02745513372010604, 0.027393151541876708, 0.027331554613579175, 0.027270188156355794, 0.027209331886944896, 0.027148859646775905, 0.027088741644501573, 0.02702916289569015, 0.02696990946976626, 0.026911307926145205, 0.026853128950483147, 0.02679526662944971, 0.026738014666134007, 0.02668110361395319, 0.026624581671719133, 0.026568540965632652, 0.02651278951321422, 0.02645755835496783, 0.026402819290909936, 0.026348356896332296, 0.026294237197461365, 0.026240507442406195, 0.026187067960491448, 0.026133901451983466, 0.02608161612682762, 0.026029728693867306, 0.02597822395016862, 0.025926975040138706, 0.02587600155000782, 0.025825287252535262, 0.025774812026813722, 0.02572458970546332, 0.025674732385009807, 0.02562511678492763, 0.025575730327892992, 0.025526693281442317, 0.025477925924756034, 0.025429451078401007, 0.025381364396099892, 0.025333697388779237, 0.02528651285594474, 0.025239593013727923, 0.025192931523252037, 0.025146681284005542, 0.025100757910376238, 0.025055123456038407, 0.025009777410562945, 0.024964723291174423, 0.024920134485235675, 0.02487604628569421, 0.024832199520070642, 0.02478884574045788, 0.024745722737447604, 0.024702844355974845, 0.02466022370385593, 0.024617965542566147, 0.024576021753982685, 0.024534490899873564, 0.024493290254941163, 0.02445238419938175, 0.024411899340670742, 0.0243717687614804, 0.024331997432236695, 0.024292516583034145, 0.024253295294819784, 0.024214579224859457, 0.0241761394920517, 0.024137995133288376, 0.024100254300889863, 0.024062844499433002, 0.024025681077333848, 0.023988812747235452, 0.023952201449004482, 0.023915896006286744, 0.02387986582509167, 0.02384417366678036, 0.0238088091846303, 0.023773737002665638, 0.02373907654321936, 0.023704652150698363, 0.023670634428295114, 0.023636940204752682, 0.023603588644610613, 0.02357070802582094, 0.02353806629009927, 0.023505667229174368, 0.023473542639804862, 0.0234417491185716, 0.023410201366105502, 0.023378891972300923, 0.023347847462751658, 0.02331708195812647, 0.023286601232241088, 0.023256509738700196, 0.023226670425910426, 0.023197096064760916, 0.02316778625005245, 0.023138740510666153, 0.023109914031853515, 0.023081357903221446, 0.02305312713668009, 0.02302513861759986, 0.02299746653232641, 0.02297007797565109, 0.022942943678162055, 0.022916107849534198, 0.022889542470820073, 0.02286320326842605, 0.02283716908414011, 0.022811367101166945, 0.022786080811478173, 0.022761122620158378, 0.022736557908168517, 0.022712237585893583, 0.02268815313703889, 0.022664456644070526, 0.022640969830864915, 0.022617725118482448, 0.022594731930918457, 0.02257196053110701, 0.02254940775891711, 0.02252709963536588, 0.022504989389853076, 0.022483085770181207, 0.022461533704334284, 0.022440266798027842, 0.02241924275612273, 0.02239846886186493, 0.022377908125701278, 0.022357772782522323, 0.022337866106253844, 0.02231820410394746, 0.022298753936268293, 0.022279553266330236, 0.022260580759230816, 0.022241854353767826, 0.022223310916949568, 0.02220502841265062, 0.022186938871876883, 0.022169116308269052, 0.02215149059367213, 0.022134083448486813, 0.022117034676817006, 0.02210018491892393, 0.02208370552687402, 0.022067411363644367, 0.022051322973540934, 0.022035439015479562, 0.022019774046279503, 0.02200429102070933, 0.02198901869750298, 0.021973912058652904, 0.021959026641740407, 0.021944339401064477, 0.021929879715862438, 0.021915612388217192, 0.02190150787977252, 0.02188763913770406, 0.021873963340405592, 0.021860475648724877, 0.02184719495381254, 0.021834118200344223, 0.021821255687915778, 0.021808585049770086, 0.021796113504987284, 0.021783842266210357, 0.021771811260862934, 0.02175998823030773, 0.021748400676591142, 0.021736994012851847, 0.021725738207317078, 0.021714678615498344, 0.021703775662705444, 0.021693058635090547, 0.0216825787575768, 0.021672248319028496, 0.021662072132325204, 0.02165204708061478, 0.021642155288166775, 0.021632504914714232, 0.021623030723534123, 0.021613717865046584, 0.021604559980499188, 0.021595583306804597, 0.02158677450520051, 0.02157810345675511, 0.021569602942743085, 0.02156124847277685, 0.02155305536569302, 0.02154502306711861, 0.021537139500024914, 0.02152938220351326, 0.02152179257782126, 0.021514390496457366, 0.021507158281587765, 0.021500098800517335, 0.021493183513149695, 0.021486407555565953, 0.02147980096335337, 0.02147335746430073, 0.02146711952811767, 0.021461030218077624, 0.021455105254163685, 0.021449339432094542, 0.02144377897425084, 0.021438427988324932, 0.02143319994028378, 0.021428109217204307, 0.02142315252678096, 0.02141837376983905, 0.021413729631370945, 0.02140921012093516, 0.021404802689180335, 0.02140053710953416, 0.021396460999442535, 0.02139252818092563, 0.02138871540348597, 0.021385032629473097, 0.021381484264193496, 0.02137806636981534, 0.021374799120789302, 0.021371690820383125, 0.021368743183888806, 0.021365913469220205, 0.021363218171277714, 0.021360647676939883, 0.021358184522730393, 0.021355839434420397, 0.0213536069331829, 0.021351491367294962, 0.021349533114785612, 0.021347711666537195, 0.02134604064954911, 0.021344523805518226, 0.021343117040509303, 0.021341822448215555, 0.02134063646317053, 0.0213396473638495, 0.021338760833717125, 0.021338038814223394, 0.021337435422675615, 0.02133707312035183, 0.021336732615038663, 0.021336535742209263, 0.02133646092748575, 0.021336750133234838, 0.021336981956168115, 0.0213373643778516, 0.021337852860080976, 0.021338489860464865, 0.021339413154954034, 0.021340414261287664, 0.021341530654085037, 0.021342846321623563, 0.021344411924920884, 0.02134604799741221, 0.021348116458173184, 0.0213503209495462, 0.021353134000353255, 0.021356008977090574, 0.02135918668508272, 0.02136271672022214, 0.02136678160052321, 0.02137113960290084, 0.021376225014268186, 0.021381629586873292]",EBM_GAM,synthetic_ordering1000,0,5,42,150
"['offset', 'x1', 'x2', 'x3', 'x4', 'x5', 'x6', 'x7', 'x8', 'x9', 'x10', 'x11', 'x12', 'x13', 'x14', 'x15', 'x16', 'x17', 'x18', 'x19', 'x20', 'x21', 'x22', 'x23', 'x24', 'x25', 'x26', 'x27', 'x28', 'x29', 'x30', 'x31', 'x32', 'x33', 'x34', 'x35', 'x36', 'x37', 'x38', 'x39', 'x40', 'x41', 'x42', 'x43', 'x44', 'x45', 'x46', 'x47', 'x48', 'x49', 'x50', 'x51', 'x52', 'x53', 'x54', 'x55', 'x56', 'x57', 'x58', 'x59', 'x60', 'x61', 'x62', 'x63', 'x64', 'x65', 'x66', 'x67', 'x68', 'x69', 'x70', 'x71', 'x72', 'x73', 'x74', 'x75', 'x76', 'x77', 'x78', 'x79', 'x80', 'x81', 'x82', 'x83', 'x84', 'x85', 'x86', 'x87', 'x88', 'x89', 'x90', 'x91', 'x92', 'x93', 'x94', 'x95', 'x96', 'x97', 'x98', 'x99', 'x100', 'x101', 'x102', 'x103', 'x104', 'x105', 'x106', 'x107', 'x108', 'x109', 'x110', 'x111', 'x112', 'x113', 'x114', 'x115', 'x116', 'x117', 'x118', 'x119', 'x120', 'x121', 'x122', 'x123', 'x124', 'x125', 'x126', 'x127', 'x128', 'x129', 'x130', 'x131', 'x132', 'x133', 'x134', 'x135', 'x136', 'x137', 'x138', 'x139', 'x140', 'x141', 'x142', 'x143', 'x144', 'x145', 'x146', 'x147', 'x148', 'x149', 'x150', 'x151', 'x152', 'x153', 'x154', 'x155', 'x156', 'x157', 'x158', 'x159', 'x160', 'x161', 'x162', 'x163', 'x164', 'x165', 'x166', 'x167', 'x168', 'x169', 'x170', 'x171', 'x172', 'x173', 'x174', 'x175', 'x176', 'x177', 'x178', 'x179', 'x180', 'x181', 'x182', 'x183', 'x184', 'x185', 'x186', 'x187', 'x188', 'x189', 'x190', 'x191', 'x192', 'x193', 'x194', 'x195', 'x196', 'x197', 'x198', 'x199', 'x200', 'x201', 'x202', 'x203', 'x204', 'x205', 'x206', 'x207', 'x208', 'x209', 'x210', 'x211', 'x212', 'x213', 'x214', 'x215', 'x216', 'x217', 'x218', 'x219', 'x220', 'x221', 'x222', 'x223', 'x224', 'x225', 'x226', 'x227', 'x228', 'x229', 'x230', 'x231', 'x232', 'x233', 'x234', 'x235', 'x236', 'x237', 'x238', 'x239', 'x240', 'x241', 'x242', 'x244', 'x243', 'x245', 'x246', 'x247', 'x248', 'x249', 'x250', 'x251', 'x252', 'x253', 'x254', 'x255', 'x256', 'x257', 'x258', 'x259', 'x261', 'x260', 'x262', 'x263', 'x264', 'x265', 'x266', 'x267', 'x268', 'x269', 'x270', 'x271', 'x272', 'x273', 'x274', 'x275', 'x277', 'x276', 'x278', 'x279', 'x280', 'x281', 'x283', 'x282', 'x284', 'x286', 'x285', 'x287', 'x288', 'x289', 'x291', 'x290', 'x293', 'x292', 'x295', 'x294', 'x296', 'x298', 'x297', 'x299', 'x301', 'x300', 'x302', 'x304', 'x303', 'x306', 'x305', 'x307', 'x309', 'x311', 'x308', 'x313', 'x310', 'x315', 'x314', 'x312', 'x316', 'x317', 'x318', 'x319', 'x320', 'x321', 'x322', 'x324', 'x327', 'x325', 'x323', 'x326', 'x329', 'x328', 'x330', 'x333', 'x331', 'x335', 'x332', 'x337', 'x334', 'x339', 'x336', 'x338', 'x341', 'x342', 'x340', 'x344', 'x345', 'x343', 'x349', 'x346', 'x347', 'x348', 'x351', 'x352', 'x350', 'x355', 'x354', 'x357', 'x353', 'x356', 'x360', 'x358', 'x361', 'x359', 'x362', 'x363', 'x364', 'x365', 'x366', 'x367', 'x369', 'x368', 'x370', 'x372', 'x373', 'x371', 'x375', 'x377', 'x374', 'x376', 'x379', 'x378', 'x381', 'x385', 'x384', 'x387', 'x380', 'x383', 'x382', 'x386', 'x388', 'x389', 'x390', 'x392', 'x391', 'x394', 'x395', 'x393', 'x396', 'x397', 'x398', 'x399', 'x401', 'x402', 'x400', 'x403', 'x404', 'x406', 'x405', 'x408', 'x407', 'x409', 'x411', 'x410', 'x412', 'x413', 'x414', 'x415', 'x416', 'x417', 'x418', 'x419', 'x420', 'x421', 'x424', 'x422', 'x423', 'x426', 'x425', 'x428', 'x427', 'x430', 'x432', 'x429', 'x433', 'x435', 'x434', 'x436', 'x431', 'x438', 'x440', 'x437', 'x439', 'x441', 'x442', 'x443', 'x448', 'x446', 'x450', 'x444', 'x445', 'x447', 'x451', 'x454', 'x452', 'x457', 'x449', 'x458', 'x461', 'x460', 'x455', 'x453', 'x456', 'x462', 'x459', 'x464', 'x463', 'x465', 'x466', 'x468', 'x467', 'x470', 'x469', 'x472', 'x471', 'x474', 'x476', 'x473', 'x477', 'x475', 'x478', 'x480', 'x479', 'x482', 'x481', 'x483', 'x485', 'x486', 'x488', 'x484', 'x487', 'x493', 'x491', 'x497', 'x489', 'x495', 'x498', 'x494', 'x492', 'x500', 'x506', 'x499', 'x503', 'x490', 'x496', 'x501', 'x504', 'x502', 'x505', 'x508', 'x509', 'x507', 'x515', 'x511', 'x514', 'x510', 'x512', 'x513', 'x517', 'x519', 'x518', 'x516', 'x521', 'x520', 'x523', 'x529', 'x527', 'x522', 'x525', 'x524', 'x526', 'x528', 'x530', 'x531', 'x532', 'x535', 'x533', 'x543', 'x534', 'x538', 'x541', 'x537', 'x540', 'x539', 'x551', 'x536', 'x542', 'x546', 'x550', 'x547', 'x553', 'x544', 'x545', 'x549', 'x548', 'x555', 'x554', 'x558', 'x552', 'x561', 'x557', 'x560', 'x559', 'x556', 'x562', 'x563', 'x569', 'x568', 'x564', 'x567', 'x566', 'x565', 'x573', 'x570', 'x571', 'x576', 'x574', 'x572', 'x578', 'x577', 'x583', 'x579', 'x575', 'x581', 'x588', 'x585', 'x586', 'x580', 'x584', 'x582', 'x593', 'x587', 'x590', 'x594', 'x591', 'x589', 'x596', 'x598', 'x601', 'x592', 'x603', 'x595', 'x599', 'x605', 'x600', 'x615', 'x597', 'x608', 'x602', 'x610', 'x607', 'x613', 'x609', 'x604', 'x606', 'x619', 'x621', 'x616', 'x612', 'x611', 'x617', 'x614', 'x618', 'x624', 'x625', 'x628', 'x620', 'x623', 'x626', 'x630', 'x622', 'x632', 'x627', 'x629', 'x638', 'x640', 'x636', 'x635', 'x633', 'x634', 'x647', 'x631', 'x642', 'x644', 'x637', 'x651', 'x643', 'x649', 'x639', 'x641', 'x645', 'x653', 'x648', 'x646', 'x659', 'x654', 'x661', 'x650', 'x657', 'x655', 'x656', 'x652', 'x662', 'x658', 'x666', 'x670', 'x664', 'x665', 'x668', 'x663', 'x667', 'x672', 'x671', 'x660', 'x674', 'x677', 'x679', 'x683', 'x676', 'x675', 'x673', 'x685', 'x669', 'x682', 'x680', 'x681', 'x678', 'x694', 'x684', 'x688', 'x690', 'x686', 'x691', 'x689', 'x692', 'x687', 'x695', 'x698', 'x701', 'x696', 'x693', 'x697', 'x705', 'x703', 'x699', 'x700', 'x704', 'x712', 'x702', 'x710', 'x708', 'x716', 'x707', 'x721', 'x714', 'x709', 'x706', 'x711', 'x731', 'x715', 'x713', 'x725', 'x717', 'x723', 'x719', 'x718', 'x720', 'x729', 'x726', 'x727', 'x728', 'x724', 'x734', 'x722', 'x735', 'x737', 'x736', 'x739', 'x733', 'x741', 'x730', 'x732', 'x752', 'x738', 'x746', 'x747', 'x743', 'x749', 'x744', 'x742', 'x745', 'x740', 'x757', 'x755', 'x750', 'x753', 'x748', 'x762', 'x758', 'x756', 'x761', 'x754', 'x763', 'x766', 'x770', 'x751', 'x775', 'x768', 'x760', 'x759', 'x769', 'x773', 'x767', 'x764', 'x765', 'x772', 'x785', 'x781', 'x778', 'x782', 'x777', 'x771', 'x779', 'x776', 'x783', 'x792', 'x788', 'x784', 'x774', 'x787', 'x794', 'x790', 'x798', 'x802', 'x791', 'x789', 'x780', 'x795', 'x796', 'x786', 'x800', 'x797', 'x805', 'x799', 'x793', 'x803', 'x801', 'x808', 'x811', 'x804', 'x806', 'x809', 'x819', 'x813', 'x815', 'x812', 'x821', 'x807', 'x814', 'x810', 'x816', 'x828', 'x818', 'x825', 'x817', 'x823', 'x826', 'x834', 'x820', 'x822', 'x827', 'x839', 'x831', 'x830', 'x824', 'x833', 'x837', 'x843', 'x836', 'x829', 'x832', 'x847', 'x840', 'x841', 'x849', 'x835', 'x844', 'x853', 'x842', 'x845', 'x856', 'x838', 'x846', 'x850', 'x862', 'x870', 'x867', 'x855', 'x848', 'x859', 'x852', 'x851', 'x865', 'x868', 'x854', 'x860', 'x858', 'x857', 'x861', 'x864', 'x879', 'x876', 'x871', 'x874', 'x863', 'x875', 'x873', 'x872', 'x877', 'x882', 'x885', 'x866', 'x888', 'x886', 'x881', 'x869', 'x883', 'x878', 'x889', 'x893', 'x884', 'x890', 'x895', 'x891', 'x880', 'x899', 'x896', 'x906', 'x903', 'x914', 'x904', 'x898', 'x887', 'x894', 'x910', 'x897', 'x892', 'x917', 'x901', 'x900', 'x908', 'x907', 'x912', 'x919', 'x922', 'x902', 'x911', 'x905', 'x915', 'x920', 'x909', 'x913', 'x918', 'x925', 'x927', 'x932', 'x921', 'x948', 'x928', 'x929', 'x916', 'x924', 'x946', 'x941', 'x926', 'x938', 'x934', 'x923', 'x930', 'x935', 'x936', 'x955', 'x939', 'x943', 'x962', 'x933', 'x931', 'x944', 'x951', 'x952', 'x940', 'x945', 'x937', 'x942', 'x957', 'x964', 'x960', 'x953', 'x958', 'x949', 'x954', 'x950', 'x977', 'x959', 'x966', 'x956', 'x961', 'x970', 'x969', 'x947', 'x967', 'x984', 'x978', 'x986', 'x971', 'x968', 'x989', 'x982', 'x963', 'x972', 'x1000', 'x975', 'x976', 'x965', 'x973', 'x997', 'x974', 'x979', 'x985', 'x980', 'x991', 'x994', 'x988', 'x981', 'x987', 'x995', 'x993', 'x983', 'x996', 'x998', 'x992', 'x999', 'x990']","[0.6993869451641659, 0.6993769157836676, 0.6931927948661183, 0.6870759185136899, 0.6810196950852285, 0.6750286619867413, 0.6690987394309673, 0.6632334636362476, 0.6574307113752687, 0.651688173269886, 0.6460110822094576, 0.6403928273395944, 0.6348353517462799, 0.6293373973610997, 0.6238966790478563, 0.6185029361898815, 0.6131665642927314, 0.6078791276140615, 0.6026477616955285, 0.5974688463512419, 0.5923450332927535, 0.5872722767013647, 0.582251792800531, 0.5772888422083537, 0.5723748628845846, 0.5675177433382881, 0.5627102325753692, 0.5579584186407708, 0.5532548413844902, 0.5486017867154377, 0.5439973433946411, 0.5394407175627705, 0.5349324500876775, 0.5304692804379031, 0.5260527379769675, 0.5216767133102359, 0.5173461172946195, 0.5130593279101191, 0.5088182875446413, 0.5046188977056857, 0.5004649707023147, 0.496354652643179, 0.4922881204143528, 0.48826055709666033, 0.4842801560119961, 0.4803377155966551, 0.47644184218161867, 0.47258864781092613, 0.4687722442186378, 0.4649979084164932, 0.46126556667369717, 0.45757648099775117, 0.45392658915836703, 0.4503112915286958, 0.44673821038782924, 0.443196165516855, 0.4396966523102884, 0.436229842419647, 0.4327991504038507, 0.429406985254722, 0.4260522111737985, 0.4227310059427837, 0.4194390941505849, 0.4161885989808886, 0.4129692095346031, 0.40978537201402443, 0.40663365948224955, 0.40350738178398027, 0.40041704426198454, 0.39735677695201876, 0.39433570676554214, 0.3913424393765844, 0.3883810095798697, 0.3854528387772854, 0.38255318945670186, 0.37968594950325096, 0.3768467583930764, 0.3740411858494644, 0.3712647583864678, 0.3685161074404606, 0.36579582123379334, 0.36310443564488154, 0.36043757444352625, 0.35779955452231343, 0.3551917965719196, 0.3526074821710481, 0.3500524416212095, 0.3475237886858851, 0.34501546716523207, 0.34254068049464553, 0.3400822999388649, 0.3376545448569861, 0.33524551370810673, 0.33286168658509285, 0.33050784663021676, 0.32817428768673584, 0.32586400068540783, 0.32357892626015977, 0.3213165148265708, 0.3190766794393906, 0.31685749837938276, 0.3146618718790749, 0.3124901550437717, 0.31033845454963405, 0.30821002591520313, 0.30610264349882255, 0.30401114535994234, 0.301944297010398, 0.2998974412993442, 0.2978699747783203, 0.29586357668637536, 0.29387658783008347, 0.29191117332056676, 0.28996336190950844, 0.2880336837202543, 0.2861241482268586, 0.284231881623182, 0.28235642396183663, 0.2805002671495592, 0.278664010117438, 0.276843666126731, 0.2750416317038099, 0.273257261037253, 0.27148785088792937, 0.26973124992830855, 0.26799425566639956, 0.26627475486428687, 0.26456809217394045, 0.26287916301937025, 0.26120425677193676, 0.25954734350957837, 0.2579022229947478, 0.25627255586341297, 0.2546571997244472, 0.25305222441391134, 0.2514656619086313, 0.24989332492585797, 0.2483327200673837, 0.24678798898810408, 0.2452540992552146, 0.24373383324461909, 0.2422291310075928, 0.2407323654733548, 0.2392528410718877, 0.23778247000338218, 0.2363238699432536, 0.23487758984120072, 0.23344262906988908, 0.23201666068392532, 0.23060364859240973, 0.2292043035955814, 0.2278094598036156, 0.22642743069090135, 0.22505774061543982, 0.22369816317641641, 0.22234908180267246, 0.2210148559676146, 0.2196859730040541, 0.21836919888088158, 0.21706170892685456, 0.21576574804827606, 0.21448033864745616, 0.21320347869505032, 0.21193441282109027, 0.21067589828363387, 0.20943092931692206, 0.20819084430710935, 0.20696325837269625, 0.20574494726941442, 0.20453754584818498, 0.20333625466961852, 0.20214947139630304, 0.20097015163096316, 0.19980264452043148, 0.19864295364656331, 0.1974929770573407, 0.19635202473955787, 0.19522151104572674, 0.19409698566734754, 0.19298304300319732, 0.19187936083494173, 0.1907866551657675, 0.18969904681637284, 0.1886266610681498, 0.18755899386913458, 0.18649847622637444, 0.18544575925002446, 0.18440557608195973, 0.18337156710669292, 0.1823459971250433, 0.18132565369146966, 0.18031882053802528, 0.1793138179109159, 0.17831857889014066, 0.17733095778243937, 0.17635155250066278, 0.17537959373996523, 0.17441568805161314, 0.17345752740346915, 0.1725092460043415, 0.17156470325680118, 0.1706253742255721, 0.16969894917577066, 0.1687764605937098, 0.16786071438082883, 0.16694841340576988, 0.16604447880884246, 0.165148325395294, 0.1642555942333929, 0.16337232554238573, 0.16249529737873927, 0.16162422989992217, 0.1607620384096307, 0.15990625772857736, 0.15905494933424139, 0.15821401622685297, 0.1573778592976862, 0.15654670555451836, 0.1557243847072665, 0.15490679605291083, 0.1540962613514876, 0.15328985081333948, 0.15249144430716316, 0.15169800223445062, 0.15090940998012853, 0.15012763369553944, 0.14935087919999102, 0.14857965154349775, 0.14781087394605785, 0.14705227372845908, 0.14629974840343563, 0.1455509618229284, 0.14480713602619838, 0.1440731228985807, 0.1433430355756484, 0.14261503172825138, 0.141896810274595, 0.1411803392213262, 0.14047158747573749, 0.13976777458828057, 0.13906789795179944, 0.1383787258667392, 0.1376909777194843, 0.1370048561972971, 0.13632819060158644, 0.1356533173749212, 0.13498318091955203, 0.13431829593254044, 0.13365901041809927, 0.13300285878920662, 0.13235039681880859, 0.13170228244051105, 0.13105610548054428, 0.1304177639382455, 0.1297809953755051, 0.1291515184522914, 0.12852574769663286, 0.1279031690144026, 0.12728825324189144, 0.1266759556421774, 0.1260707925402554, 0.12547041294172268, 0.12487169395550211, 0.12427992457626284, 0.12369260591629379, 0.123111127166299, 0.12253130217411022, 0.12195930290588876, 0.12138949936821253, 0.12082804904819552, 0.12026857020729409, 0.1197135871999586, 0.11916171355942572, 0.11861526655845028, 0.11807197063971395, 0.11753078939653987, 0.11699441492652901, 0.11646023656375727, 0.11593124432630364, 0.11540815419409167, 0.1148882776840222, 0.11436940940484847, 0.11385387733543444, 0.11334335997539094, 0.11283674824656575, 0.11233319036597086, 0.11183545622762973, 0.11133869354496777, 0.11084518445897813, 0.11035579792469406, 0.10986904730205434, 0.10938531859399593, 0.10890527966854525, 0.10842895681669688, 0.10795681799570148, 0.10748975941254629, 0.10702370890897721, 0.10656330064188708, 0.10610540191887947, 0.1056483756017795, 0.10519554672237845, 0.10474642800631176, 0.10429966816584631, 0.10385588425534797, 0.10341364262029744, 0.10297675734527069, 0.10254577490923239, 0.10211630425729384, 0.10168948243420164, 0.10126465652980736, 0.1008451726282524, 0.10042677233892082, 0.10001397072616525, 0.09960350443338617, 0.09919414266488369, 0.09878731172024528, 0.09838183959899457, 0.09798178305829039, 0.09758380839774769, 0.09719050824086717, 0.09680131925720432, 0.09641411472861254, 0.09602817228812059, 0.09564560811903261, 0.09526819840935816, 0.09489184587468433, 0.09451659153192107, 0.09414200995097474, 0.0937685223500631, 0.09339963296642241, 0.09303318537874247, 0.09266760858122881, 0.09230419909485994, 0.09194213406495035, 0.09158332201340429, 0.09122511891740137, 0.09087101731470464, 0.09051774904472837, 0.09016750115324335, 0.08981802777975324, 0.08947201551561224, 0.08912737722742073, 0.0887844990292829, 0.08844217326630563, 0.08810663118150365, 0.08777172430392624, 0.0874384394428075, 0.08710905219954887, 0.0867802662329875, 0.08645283511961245, 0.08612788016869065, 0.08580397848758921, 0.08548196907931688, 0.0851623105233035, 0.08484447852121622, 0.08452804200355418, 0.08421327153998256, 0.08389916178550505, 0.08358579007388922, 0.08327494470632563, 0.08296467683581989, 0.08265988549012654, 0.082355828632915, 0.0820524653609576, 0.08175052787158375, 0.08145029655392604, 0.08115089527809494, 0.0808521890122429, 0.08055478570883944, 0.08026044982264557, 0.07996897472400288, 0.07967911402681933, 0.07939037273849281, 0.07910276663493941, 0.07881624415048244, 0.07853090135265303, 0.07824616567807441, 0.07796213752214846, 0.0776824273357877, 0.0774037282618907, 0.07712650571844488, 0.07685009119885704, 0.07657618658693029, 0.07630305078722976, 0.07603045076991037, 0.0757587467557029, 0.07548763665478264, 0.07521719137751251, 0.07494769209063508, 0.07468058464652018, 0.07441491085018913, 0.07415057839028792, 0.07388879009908193, 0.07362797146467924, 0.07336976799348016, 0.07311230351625878, 0.07285635774702663, 0.07260208782258079, 0.07234893293189884, 0.07209709193479527, 0.07184615686639217, 0.07159652892962039, 0.07135051877397386, 0.07110520966605641, 0.07086101776229879, 0.0706175084999906, 0.07037459681465205, 0.0701339169699196, 0.0698956679077155, 0.06965871031728406, 0.06942339448888646, 0.06919001003252942, 0.06895720802234338, 0.06872605220933146, 0.06849782462292056, 0.06827023435437335, 0.0680436887688222, 0.06781923771236643, 0.06759636975103733, 0.06737461335946494, 0.06715385126354298, 0.06693442768855636, 0.06671597767644023, 0.06649876992514948, 0.06628342499219692, 0.06606901708110433, 0.0658561535512622, 0.0656447411226973, 0.06543385474925276, 0.0652251257368326, 0.06501738258434708, 0.06481074601670606, 0.06460485005890104, 0.06440016374022631, 0.06419698950269119, 0.0639948466883871, 0.06379331056497342, 0.06359285337546243, 0.06339387543198977, 0.06319541558868752, 0.0629979437769051, 0.06280116353911139, 0.06260561162663317, 0.06241052827330604, 0.06221622307952013, 0.06202284341606621, 0.06183009314571889, 0.06163824707427729, 0.06144688226697761, 0.06125596198149788, 0.06106664226972109, 0.060878251786438145, 0.060690395316320936, 0.06050292649219345, 0.060316117857107054, 0.060129932968951985, 0.05994413909519718, 0.059759195124200824, 0.0595749663026761, 0.05939112553989317, 0.05920767833049672, 0.059024918312825296, 0.0588430864434616, 0.058661742325866545, 0.05848165055699495, 0.058303286671533776, 0.058125309666190714, 0.05794821251775282, 0.05777208409570708, 0.05759675738225759, 0.05742230785475908, 0.057248444259869205, 0.05707511329124685, 0.056902140147003476, 0.05672970317536913, 0.05655815691524528, 0.05638724328419118, 0.05621686867849329, 0.056047419634629614, 0.05587896312339895, 0.055711029708730764, 0.05554358113629095, 0.055376818251217375, 0.055210790187092046, 0.05504622267658892, 0.05488278683639604, 0.0547197727114456, 0.0545572004600517, 0.05439522295976312, 0.05423369565071455, 0.05407257552191452, 0.05391200481073419, 0.05375273494277256, 0.053593794880114794, 0.053435244034125896, 0.053277904237193224, 0.05312084970754213, 0.05296414810477559, 0.052807806850362356, 0.052651873922419344, 0.05249635809630676, 0.05234132896763067, 0.05218677002476114, 0.052032727578138316, 0.0518791200064257, 0.05172627853570432, 0.05157394018396148, 0.05142217569098371, 0.05127167333012234, 0.05112145415837934, 0.050971650403649246, 0.05082218639579135, 0.05067300952055995, 0.05052421853552125, 0.05037646262357456, 0.050229206117137014, 0.05008223515237759, 0.04993583943661763, 0.04979020299647225, 0.04964491707245139, 0.04949999288277502, 0.04935535180326393, 0.049211583132330455, 0.04906839494220776, 0.04892617428573294, 0.04878437422034927, 0.04864286788481394, 0.0485018999843794, 0.04836123180938536, 0.04822080656946703, 0.04808063167154004, 0.04794101220513582, 0.0478016529998341, 0.04766342063613865, 0.047525771845198524, 0.0473884452565286, 0.047251998472229835, 0.047115739863467225, 0.04697978647864892, 0.04684406012769125, 0.04670859901684217, 0.046574458405381075, 0.04644061682499123, 0.0463069696033102, 0.04617372802555464, 0.04604126302299403, 0.045909148600009254, 0.04577722299902424, 0.045645487583027534, 0.04551396629110696, 0.04538276844482047, 0.0452519412853875, 0.04512140374265475, 0.04499186561629137, 0.04486286757063677, 0.044734074010348825, 0.04460583730810288, 0.04447818006845874, 0.04435071677185438, 0.04422369895825312, 0.04409691505116038, 0.04397066041874891, 0.043844797395833295, 0.043719232337001, 0.043593889731985545, 0.043468920494661764, 0.04334412408660432, 0.04321959407815865, 0.04309592712960617, 0.04297254199650087, 0.04284988223958856, 0.042727469698658566, 0.042605368479068866, 0.042483517667752886, 0.04236238006915638, 0.04224159899380638, 0.042121785338030154, 0.04200286750827183, 0.041884128347440173, 0.04176583598962872, 0.0416482861418751, 0.041530933754377726, 0.04141385483070483, 0.04129712217083415, 0.041180895344698445, 0.041065643246567626, 0.04095059943796555, 0.04083620423698764, 0.040722182298761345, 0.040608464674451936, 0.040495482175063026, 0.04038313324175344, 0.04027146908911613, 0.0401602162526435, 0.040049235115423285, 0.039938448252073155, 0.03982846012505772, 0.03971873913042679, 0.03960926424952439, 0.03949997155640987, 0.03939131380103883, 0.03928287356489787, 0.03917461664952932, 0.03906737788774758, 0.0389609335694842, 0.03885491689148589, 0.038749221764445285, 0.03864375776281545, 0.0385384913529603, 0.03843376429223236, 0.03832934124001517, 0.038225143706224825, 0.03812115923339765, 0.03801750346686734, 0.03791435861740608, 0.03781143545039229, 0.0377087889288929, 0.037606514481070163, 0.037504783730435906, 0.03740358809740282, 0.0373026091852738, 0.03720182090362341, 0.03710168430408576, 0.03700177546719427, 0.036902182907561164, 0.03680320917211711, 0.036704788761508775, 0.03660696454009531, 0.036509415891199055, 0.03641211617928799, 0.036315206884551136, 0.036218579139431585, 0.03612261262415781, 0.036026941024278954, 0.03593170000589539, 0.035836847140442496, 0.03574249295809851, 0.03564836158467277, 0.035554718325095234, 0.03546136432167741, 0.03536828325671327, 0.03527573191887354, 0.03518355777639545, 0.035091611533772174, 0.03500058200250431, 0.034909879088151304, 0.03481955814496415, 0.03472957331135418, 0.034639992733570144, 0.03455086094794763, 0.034461952481132145, 0.03437324114120748, 0.03428495167396069, 0.034197325618293105, 0.034110393043583355, 0.03402365112617099, 0.033937248404482916, 0.033851111703835736, 0.03376564465925145, 0.03368087216568384, 0.033596300831346626, 0.03351204252855626, 0.03342874640900292, 0.0333457592253174, 0.03326330833606078, 0.03318140555956677, 0.03309993988282572, 0.03301897293233085, 0.032938226544657605, 0.03285813941994955, 0.03277848862741349, 0.03269965099137546, 0.03262100920228305, 0.03254258458203059, 0.03246445133507983, 0.03238676657165667, 0.03230938749968294, 0.03223237106913413, 0.0321556724382659, 0.03207935858949284, 0.032003266386475944, 0.03192786247523722, 0.03185306623568062, 0.031778447982530635, 0.031704009041210124, 0.03162977915694238, 0.03155603524117512, 0.03148293219457618, 0.03141023574843434, 0.03133772797115908, 0.03126546744585841, 0.03119364304074624, 0.03112216661841762, 0.0310510064772886, 0.03098009567287013, 0.030909960758252163, 0.030840441248705868, 0.03077121057405898, 0.03070220851035292, 0.03063373528798745, 0.030565444350582463, 0.030497671185165196, 0.030430104166660876, 0.030362756004236748, 0.03029559628687335, 0.030229210401970394, 0.03016303500428911, 0.03009709469677378, 0.030031485087829202, 0.029966243224347742, 0.0299022119357595, 0.029838365746219075, 0.029775141532833494, 0.029712106081328328, 0.029649321758287463, 0.02958679624023917, 0.02952513139257853, 0.02946366963567861, 0.029402576692229496, 0.029341876044091348, 0.029281475307939238, 0.029221424002730537, 0.029161886737428373, 0.029102535325662673, 0.02904381023538386, 0.02898527808116281, 0.028927218745575, 0.028869404612394393, 0.02881207039024036, 0.028754951283028254, 0.02869830738789419, 0.028641875968137324, 0.0285857067630925, 0.028529738023305003, 0.028474118211897985, 0.02841869114951133, 0.02836399873452024, 0.028309509192396526, 0.028255504866339345, 0.028201676172605324, 0.028148439429955145, 0.028095460646466574, 0.02804269531809997, 0.027990112563136643, 0.02793778889109092, 0.02788565995156251, 0.027833735277804816, 0.027782148633546708, 0.027730904944998334, 0.02768033079937792, 0.027630003895242478, 0.027580101857057688, 0.027530764135785025, 0.027481746793167606, 0.0274329023465174, 0.027384518931801986, 0.027336402273935908, 0.0272884922446385, 0.027240807697479462, 0.027193292505047838, 0.02714599489658907, 0.027099022703461633, 0.027052353697966002, 0.027005878722382866, 0.026959624443899287, 0.026913860833092766, 0.026868624375559085, 0.026823619882839895, 0.026778789322147334, 0.026734536939909813, 0.02669056862429145, 0.026646789349002623, 0.026603241220265663, 0.026559898150456604, 0.026516998234812746, 0.0264743262706718, 0.026431822540901557, 0.026389489751282434, 0.026347649057041903, 0.02630620587051074, 0.026265003544812385, 0.026224082011306955, 0.026183337083697217, 0.02614281442297259, 0.02610261587319397, 0.026062697475649373, 0.02602308138285159, 0.025983633740937172, 0.025944488874480923, 0.02590577965320335, 0.025867261212034833, 0.02582901525584159, 0.02579111047510447, 0.025753423129308353, 0.02571589861370184, 0.025678580790260967, 0.025641491303420076, 0.02560456642442238, 0.025567880718510124, 0.025531751782065064, 0.025495864864031176, 0.025460154829629662, 0.0254247135055895, 0.025389464279963414, 0.02535460422346739, 0.02532010207398077, 0.02528580064531567, 0.025251751684197857, 0.025217877835354865, 0.025184315938598354, 0.02515099373390276, 0.025117920663233515, 0.025085172175565894, 0.025052581292222553, 0.02502019735064393, 0.024988063594086948, 0.024956106999471133, 0.02492433015725152, 0.02489279001457415, 0.024861545000041452, 0.024830490984149012, 0.024799697159206338, 0.024769176985151707, 0.024738818717329327, 0.024709038401573177, 0.02467996860872102, 0.024651057658496244, 0.02462231064566045, 0.02459377206463106, 0.02456543412042386, 0.02453727086371088, 0.024509300395957292, 0.024481516498099015, 0.02445391602332944, 0.02442649900481875, 0.024399461214959752, 0.024372773289540222, 0.024346255627862246, 0.024319930986767206, 0.024293786810311566, 0.024267802859186265, 0.02424213706237229, 0.024216725187302897, 0.02419152561392297, 0.024166586337522607, 0.024141807094371588, 0.024117294036297435, 0.02409308544659472, 0.02406903629957069, 0.024045132823356116, 0.02402153837396539, 0.023998186837743254, 0.0239749830047926, 0.023952026920002208, 0.023929260055897773, 0.023906693642516123, 0.02388436087001058, 0.023862224613254872, 0.02384027369578472, 0.023818490978064995, 0.023796854997494163, 0.023775404996986337, 0.023754120702373153, 0.023733091003863446, 0.023712247213093042, 0.023691556425372663, 0.02367100942779684, 0.02365062769477304, 0.02363049688901198, 0.023610638164116862, 0.02359102113027477, 0.023571532914409814, 0.023552257110672575, 0.023533204280564775, 0.023514439984923582, 0.023495822244733264, 0.02347738120307234, 0.023459206397221218, 0.023441168767403923, 0.02342338326579869, 0.0234057505557778, 0.02338839310018601, 0.023371222817437646, 0.02335418300515072, 0.023337290623140897, 0.023320567939287332, 0.023303974624789017, 0.023287632023366554, 0.023271429942012062, 0.023255416064720418, 0.02323955391212386, 0.023223836857738146, 0.02320827378270443, 0.02319286916775262, 0.023177741438889614, 0.023162847132915578, 0.023148089978902362, 0.02313352266312037, 0.02311908121406746, 0.023104944145235205, 0.023090946863294114, 0.02307707990426284, 0.023063333546850393, 0.023049724953003156, 0.02303624329015931, 0.023022901304354856, 0.02300977362436304, 0.02299678527132541, 0.02298394457193691, 0.022971304776365588, 0.02295888243243041, 0.022946646908011945, 0.022934559702314897, 0.022922651722115796, 0.022910904319587682, 0.022899321365073933, 0.02288798159858718, 0.02287677452199821, 0.022865723890511176, 0.02285487226329942, 0.022844254405371023, 0.02283376428495677, 0.022823397541521562, 0.022813147662201775, 0.022803036495739278, 0.02279305231869109, 0.022783226671248238, 0.02277350923600057, 0.02276395630612095, 0.02275454595976718, 0.022745260050019717, 0.022736093735394817, 0.02272705857253329, 0.02271819512767432, 0.022709459320104465, 0.022700851247570535, 0.02269235400034254, 0.022683967385248416, 0.022675726824708805, 0.022667595151868128, 0.022659586194712835, 0.02265170380192905, 0.02264401150604957, 0.022636450963702454, 0.022629033287951076, 0.02262172577389307, 0.022614557135610266, 0.022607482865213496, 0.02260051308409234, 0.022593654465214566, 0.022586929547455947, 0.022580351518518234, 0.022573881996706156, 0.022567526056675863, 0.02256129634675106, 0.02255515684612293, 0.022549118575730484, 0.02254322425786779, 0.02253743067533324, 0.022531735328638162, 0.02252619405017861, 0.022520803594564605, 0.02251550728860445, 0.022510303944168024, 0.022505217181866093, 0.022500234141254214, 0.022495372516207052, 0.02249060767947768, 0.022485941596151804, 0.02248144080992678, 0.022477036804032225, 0.022472720312259893, 0.022468504364092205, 0.02246441565258794, 0.022460411056942322, 0.022456491090639775, 0.022452764191271835, 0.022449126510079583, 0.022445578993036897, 0.022442691328093838, 0.02243931131909841, 0.022436060658467923, 0.022432927042797365, 0.02242991440782216, 0.022426984840518027, 0.022424146192898294, 0.02242139959970273, 0.022418746971638884, 0.02241621512098468, 0.022413771377658286, 0.022411404873468006, 0.02240915478458925, 0.022407002889506745, 0.022404945692436087, 0.022402992639133756, 0.022401158983139026, 0.022399405543558504, 0.02239775413374004, 0.02239619488672146, 0.022394730829241538, 0.022393748088558974]",EBM_GAM,synthetic_ordering1000,1,5,42,150
"['offset', 'x1', 'x2', 'x3', 'x4', 'x5', 'x6', 'x7', 'x8', 'x9', 'x10', 'x11', 'x12', 'x13', 'x14', 'x15', 'x16', 'x17', 'x18', 'x19', 'x20', 'x21', 'x22', 'x23', 'x24', 'x25', 'x26', 'x27', 'x28', 'x29', 'x30', 'x31', 'x32', 'x33', 'x34', 'x35', 'x36', 'x37', 'x38', 'x39', 'x40', 'x41', 'x42', 'x43', 'x44', 'x45', 'x46', 'x47', 'x48', 'x49', 'x50', 'x51', 'x52', 'x53', 'x54', 'x55', 'x56', 'x57', 'x58', 'x59', 'x60', 'x61', 'x62', 'x63', 'x64', 'x65', 'x66', 'x67', 'x68', 'x69', 'x70', 'x71', 'x72', 'x73', 'x74', 'x75', 'x76', 'x77', 'x78', 'x79', 'x80', 'x81', 'x82', 'x83', 'x84', 'x85', 'x86', 'x87', 'x88', 'x89', 'x90', 'x91', 'x92', 'x93', 'x94', 'x95', 'x96', 'x97', 'x98', 'x99', 'x100', 'x101', 'x102', 'x103', 'x104', 'x105', 'x106', 'x107', 'x108', 'x109', 'x110', 'x111', 'x112', 'x113', 'x114', 'x115', 'x116', 'x117', 'x118', 'x119', 'x120', 'x121', 'x122', 'x123', 'x124', 'x125', 'x126', 'x127', 'x128', 'x129', 'x130', 'x131', 'x132', 'x133', 'x134', 'x135', 'x136', 'x137', 'x138', 'x139', 'x140', 'x141', 'x142', 'x143', 'x144', 'x146', 'x145', 'x147', 'x148', 'x150', 'x149', 'x151', 'x153', 'x152', 'x155', 'x154', 'x156', 'x157', 'x158', 'x159', 'x161', 'x160', 'x163', 'x162', 'x164', 'x165', 'x166', 'x167', 'x168', 'x169', 'x170', 'x171', 'x172', 'x174', 'x173', 'x175', 'x176', 'x177', 'x178', 'x179', 'x181', 'x180', 'x183', 'x182', 'x184', 'x185', 'x186', 'x187', 'x188', 'x189', 'x190', 'x191', 'x192', 'x194', 'x193', 'x196', 'x195', 'x198', 'x197', 'x199', 'x200', 'x201', 'x203', 'x202', 'x204', 'x205', 'x206', 'x207', 'x208', 'x209', 'x210', 'x211', 'x213', 'x212', 'x215', 'x214', 'x216', 'x218', 'x217', 'x219', 'x220', 'x221', 'x222', 'x223', 'x225', 'x227', 'x224', 'x229', 'x226', 'x228', 'x230', 'x231', 'x232', 'x234', 'x233', 'x236', 'x235', 'x237', 'x238', 'x240', 'x239', 'x242', 'x241', 'x244', 'x243', 'x246', 'x245', 'x247', 'x248', 'x249', 'x250', 'x252', 'x253', 'x251', 'x254', 'x255', 'x256', 'x257', 'x258', 'x259', 'x260', 'x262', 'x261', 'x263', 'x264', 'x265', 'x268', 'x267', 'x266', 'x270', 'x272', 'x269', 'x271', 'x274', 'x276', 'x273', 'x275', 'x278', 'x277', 'x279', 'x280', 'x282', 'x281', 'x283', 'x284', 'x286', 'x287', 'x285', 'x288', 'x289', 'x290', 'x292', 'x291', 'x293', 'x294', 'x295', 'x296', 'x297', 'x299', 'x298', 'x300', 'x302', 'x301', 'x303', 'x304', 'x306', 'x305', 'x307', 'x308', 'x309', 'x310', 'x311', 'x312', 'x313', 'x314', 'x316', 'x315', 'x317', 'x318', 'x320', 'x319', 'x321', 'x323', 'x322', 'x324', 'x325', 'x327', 'x326', 'x328', 'x329', 'x330', 'x331', 'x332', 'x333', 'x334', 'x335', 'x336', 'x337', 'x339', 'x338', 'x340', 'x341', 'x342', 'x343', 'x344', 'x345', 'x346', 'x348', 'x347', 'x349', 'x350', 'x351', 'x352', 'x356', 'x353', 'x354', 'x355', 'x357', 'x360', 'x359', 'x358', 'x362', 'x361', 'x363', 'x365', 'x364', 'x367', 'x366', 'x368', 'x369', 'x370', 'x371', 'x372', 'x373', 'x375', 'x377', 'x374', 'x379', 'x376', 'x378', 'x381', 'x380', 'x382', 'x383', 'x384', 'x386', 'x385', 'x387', 'x389', 'x388', 'x390', 'x391', 'x392', 'x393', 'x396', 'x395', 'x394', 'x400', 'x397', 'x398', 'x399', 'x401', 'x402', 'x403', 'x404', 'x405', 'x406', 'x407', 'x408', 'x411', 'x410', 'x409', 'x413', 'x412', 'x415', 'x414', 'x417', 'x416', 'x419', 'x420', 'x418', 'x424', 'x422', 'x421', 'x423', 'x426', 'x428', 'x425', 'x439', 'x436', 'x427', 'x443', 'x440', 'x431', 'x441', 'x430', 'x442', 'x429', 'x438', 'x432', 'x445', 'x444', 'x486', 'x448', 'x470', 'x449', 'x446', 'x483', 'x434', 'x451', 'x454', 'x466', 'x476', 'x447', 'x481', 'x479', 'x467', 'x472', 'x468', 'x464', 'x433', 'x488', 'x471', 'x478', 'x474', 'x458', 'x461', 'x487', 'x491', 'x473', 'x495', 'x482', 'x480', 'x450', 'x494', 'x484', 'x475', 'x469', 'x457', 'x497', 'x531', 'x462', 'x477', 'x463', 'x485', 'x493', 'x459', 'x492', 'x490', 'x505', 'x435', 'x489', 'x523', 'x465', 'x527', 'x503', 'x520', 'x537', 'x496', 'x521', 'x501', 'x539', 'x534', 'x437', 'x524', 'x528', 'x532', 'x519', 'x525', 'x460', 'x551', 'x544', 'x526', 'x529', 'x515', 'x507', 'x499', 'x509', 'x522', 'x546', 'x502', 'x542', 'x512', 'x530', 'x536', 'x545', 'x506', 'x540', 'x548', 'x500', 'x533', 'x547', 'x508', 'x513', 'x535', 'x504', 'x517', 'x552', 'x510', 'x549', 'x543', 'x498', 'x541', 'x556', 'x453', 'x561', 'x553', 'x511', 'x538', 'x452', 'x566', 'x560', 'x559', 'x558', 'x550', 'x516', 'x555', 'x554', 'x585', 'x579', 'x571', 'x563', 'x456', 'x577', 'x573', 'x514', 'x557', 'x567', 'x576', 'x564', 'x518', 'x565', 'x568', 'x570', 'x455', 'x587', 'x569', 'x582', 'x574', 'x598', 'x581', 'x580', 'x600', 'x590', 'x572', 'x562', 'x583', 'x593', 'x592', 'x575', 'x596', 'x594', 'x589', 'x578', 'x588', 'x595', 'x603', 'x591', 'x602', 'x597', 'x610', 'x584', 'x606', 'x604', 'x608', 'x601', 'x616', 'x586', 'x607', 'x612', 'x626', 'x599', 'x613', 'x609', 'x605', 'x614', 'x623', 'x619', 'x611', 'x620', 'x615', 'x621', 'x618', 'x631', 'x633', 'x617', 'x622', 'x629', 'x641', 'x635', 'x624', 'x628', 'x625', 'x627', 'x639', 'x634', 'x630', 'x637', 'x648', 'x638', 'x644', 'x646', 'x640', 'x636', 'x654', 'x632', 'x651', 'x659', 'x652', 'x643', 'x642', 'x647', 'x645', 'x650', 'x656', 'x663', 'x649', 'x653', 'x662', 'x655', 'x660', 'x657', 'x658', 'x675', 'x669', 'x664', 'x681', 'x665', 'x666', 'x672', 'x679', 'x671', 'x683', 'x667', 'x661', 'x673', 'x668', 'x670', 'x677', 'x686', 'x678', 'x696', 'x690', 'x674', 'x676', 'x687', 'x698', 'x693', 'x689', 'x699', 'x694', 'x692', 'x684', 'x688', 'x685', 'x707', 'x680', 'x705', 'x701', 'x703', 'x700', 'x691', 'x697', 'x682', 'x718', 'x713', 'x704', 'x715', 'x711', 'x710', 'x695', 'x708', 'x706', 'x702', 'x716', 'x721', 'x732', 'x714', 'x723', 'x709', 'x728', 'x725', 'x712', 'x719', 'x736', 'x726', 'x722', 'x727', 'x720', 'x730', 'x738', 'x745', 'x742', 'x729', 'x735', 'x734', 'x717', 'x740', 'x731', 'x724', 'x748', 'x750', 'x741', 'x762', 'x733', 'x752', 'x746', 'x756', 'x739', 'x737', 'x747', 'x755', 'x754', 'x753', 'x769', 'x764', 'x744', 'x760', 'x751', 'x766', 'x758', 'x749', 'x743', 'x761', 'x772', 'x774', 'x783', 'x757', 'x759', 'x779', 'x768', 'x771', 'x763', 'x767', 'x776', 'x791', 'x765', 'x777', 'x781', 'x778', 'x786', 'x775', 'x789', 'x773', 'x784', 'x780', 'x770', 'x788', 'x787', 'x795', 'x805', 'x798', 'x782', 'x801', 'x785', 'x793', 'x794', 'x797', 'x792', 'x790', 'x799', 'x803', 'x800', 'x808', 'x811', 'x802', 'x796', 'x817', 'x806', 'x810', 'x807', 'x813', 'x821', 'x809', 'x822', 'x815', 'x804', 'x812', 'x819', 'x825', 'x816', 'x824', 'x831', 'x827', 'x814', 'x837', 'x840', 'x823', 'x828', 'x830', 'x829', 'x834', 'x848', 'x835', 'x818', 'x842', 'x839', 'x832', 'x820', 'x833', 'x861', 'x853', 'x844', 'x850', 'x845', 'x826', 'x847', 'x846', 'x856', 'x843', 'x858', 'x836', 'x851', 'x854', 'x860', 'x855', 'x849', 'x841', 'x871', 'x868', 'x867', 'x859', 'x881', 'x865', 'x863', 'x838', 'x870', 'x873', 'x879', 'x889', 'x852', 'x857', 'x876', 'x874', 'x878', 'x862', 'x884', 'x875', 'x866', 'x883', 'x877', 'x887', 'x864', 'x906', 'x892', 'x896', 'x869', 'x886', 'x894', 'x872', 'x897', 'x903', 'x885', 'x899', 'x900', 'x882', 'x891', 'x893', 'x909', 'x880', 'x890', 'x888', 'x902', 'x901', 'x905', 'x898', 'x911', 'x922', 'x914', 'x920', 'x907', 'x912', 'x916', 'x929', 'x913', 'x924', 'x931', 'x918', 'x904', 'x917', 'x927', 'x895', 'x937', 'x908', 'x925', 'x915', 'x948', 'x910', 'x950', 'x933', 'x932', 'x934', 'x919', 'x928', 'x921', 'x944', 'x940', 'x942', 'x938', 'x943', 'x947', 'x935', 'x926', 'x958', 'x953', 'x956', 'x936', 'x930', 'x939', 'x923', 'x960', 'x975', 'x952', 'x945', 'x964', 'x941', 'x965', 'x962', 'x951', 'x957', 'x982', 'x977', 'x991', 'x966', 'x954', 'x967', 'x996', 'x968', 'x961', 'x955', 'x969', 'x946', 'x987', 'x985', 'x970', 'x984', 'x993', 'x972', 'x973', 'x980', 'x983', 'x989', 'x979', 'x998', 'x971', 'x990', 'x976', 'x988', 'x992', 'x978', 'x994', 'x999', 'x974', 'x997', 'x963', 'x949', 'x959', 'x986', 'x1000', 'x981', 'x995']","[0.7132981827931557, 0.713283363834958, 0.7070130456139432, 0.7008035593129774, 0.694648156283659, 0.6885533924128526, 0.6825128676133699, 0.676524306412142, 0.6705828475877273, 0.6646960151221905, 0.6588633829606269, 0.6530892027035934, 0.6473716501731056, 0.6417162452357117, 0.6361206072124354, 0.6305798793178187, 0.6250955140981926, 0.6196695202038849, 0.6142967223712623, 0.6089754867702624, 0.6037126453019165, 0.5984933371409021, 0.5933271052586654, 0.5882084095985336, 0.5831429796306932, 0.5781289201776489, 0.5731673191654014, 0.5682544227782348, 0.5633934420837515, 0.5585796341003365, 0.5538123676491593, 0.5490965812367558, 0.54442852250531, 0.5398120692225729, 0.5352405811571058, 0.5307230662397229, 0.5262445618506415, 0.521809153283681, 0.5174218781484339, 0.5130818645076198, 0.508780164975478, 0.5045237955775503, 0.5003082691925869, 0.49613849663682513, 0.49200752237351236, 0.4879233594673501, 0.48387551290097586, 0.47986109620781614, 0.4758881742681242, 0.471953419515024, 0.4680569964995451, 0.4642018393958995, 0.46038994210927964, 0.45660894208734565, 0.45287070963687065, 0.44917069955861355, 0.4455075205404778, 0.44188760546453554, 0.4383061560163386, 0.43475518558067094, 0.4312445934074422, 0.4277719745580732, 0.4243348343291843, 0.4209263756909635, 0.417558270697323, 0.41422134317873277, 0.41092118596347144, 0.40764515638382826, 0.4044112709332862, 0.4012138016132155, 0.39804137221670166, 0.39490551259334095, 0.39178851719445873, 0.3887095651302981, 0.3856606466095437, 0.3826438270172054, 0.37965791926230696, 0.3767042563382648, 0.3737758207019268, 0.37087809241574976, 0.3680129463951691, 0.3651762422936197, 0.3623683280773114, 0.3595931945025614, 0.3568369441887712, 0.354118871734756, 0.35142773666866545, 0.34876465510900956, 0.3461268906825432, 0.3435175998909336, 0.3409332644969933, 0.3383709281532326, 0.3358405429744168, 0.333336871348937, 0.3308637068429383, 0.328409976370668, 0.3259780632056022, 0.32357156712566393, 0.3211917465775468, 0.3188410893765786, 0.31650994670126964, 0.31420911567744825, 0.31192903092249025, 0.30966750976621543, 0.3074400199556482, 0.305224827723266, 0.303044290724628, 0.30087573382723654, 0.29873942967587014, 0.2966190944357648, 0.2945219032798756, 0.2924500121252915, 0.29039815907408845, 0.2883595110266375, 0.28635305648920145, 0.28435872896672826, 0.28239030327827275, 0.28044165117130415, 0.2785138211601319, 0.27660478813041467, 0.27470790046928345, 0.2728351792686762, 0.27098021975646325, 0.2691436019017421, 0.26732141576506335, 0.26551607288760753, 0.2637431556089297, 0.26197486051399504, 0.2602245319155232, 0.2584959714172976, 0.25678324133291636, 0.25508949292432936, 0.25340858963116125, 0.25174186144983624, 0.25009229467228283, 0.24845576549019227, 0.24682786919649924, 0.2452218020511624, 0.24363210314289796, 0.24205242762258808, 0.2404914620669186, 0.23894298844932732, 0.2374089817873062, 0.2358877215914993, 0.23438184001753126, 0.23288791513698853, 0.23141054191166055, 0.2299357479906554, 0.22847738146551075, 0.22702953616170468, 0.22559858225827106, 0.22417010373540502, 0.2227564526736119, 0.2213603436988185, 0.21996772544719037, 0.21858550164999785, 0.21720880766846343, 0.21585428178716487, 0.21450314061956438, 0.21317051874239978, 0.21184027006441716, 0.2105298591187762, 0.20922212464430306, 0.2079285539913868, 0.20664282332933126, 0.20536840933017264, 0.20409721981061296, 0.20283750872421913, 0.20158881480694507, 0.20034546762599317, 0.19911599038143377, 0.19789844699029335, 0.19668625544720136, 0.19548523463621711, 0.19429296730712592, 0.19310570923153478, 0.19192831211730782, 0.19076370764834757, 0.1896011502382162, 0.18844935512849334, 0.18730637995039334, 0.18617323661459922, 0.1850420548128168, 0.18392328828553012, 0.18281295534827988, 0.18171279719542294, 0.1806229044542337, 0.1795344187890319, 0.17845658215601373, 0.1773919196078709, 0.17632932781698965, 0.17528198289119404, 0.17424010940692905, 0.17320006954765463, 0.17217613786726918, 0.1711568974467527, 0.1701418575628496, 0.16914364459086753, 0.1681529269963208, 0.1671695617340918, 0.1661969871342054, 0.16522686993403354, 0.16426289533064714, 0.16331299112676445, 0.1623654738110532, 0.16142982963625202, 0.16049620875880763, 0.1595712020000811, 0.1586601462764877, 0.15775060518593917, 0.15684885118366357, 0.15595508782999382, 0.15506421143228571, 0.15417969372897883, 0.15330517979221728, 0.15243826798002355, 0.15157660626377858, 0.15072198631325182, 0.1498701334915574, 0.14902823371575022, 0.1481916518896482, 0.14735782933731073, 0.146529978446292, 0.14570584861429736, 0.1448832251242442, 0.14406823240490205, 0.1432636883673104, 0.1424625094288666, 0.14166290257715186, 0.14086704452318366, 0.14007759538732026, 0.1392946465947141, 0.1385160179299762, 0.13773871740389113, 0.1369678561954544, 0.13620230893126664, 0.1354500722374204, 0.13469949898344927, 0.13395412512194038, 0.13321393556887487, 0.13248262116928575, 0.1317530839916283, 0.13103376945662878, 0.13032052869987662, 0.12960920229751927, 0.1289020590252001, 0.12820328375714, 0.12751336349074224, 0.1268271460660059, 0.12614489571013282, 0.12547002560986983, 0.1247961645656089, 0.12412610457811345, 0.12346954699672655, 0.12281409235950042, 0.12216865882371097, 0.12152530608675888, 0.12088629724118022, 0.12025017975161442, 0.11962165729698801, 0.11899858720459262, 0.11837737086473771, 0.11776640026353914, 0.11715667434509032, 0.11655129896751273, 0.11595075627953243, 0.11535867944718586, 0.11477025331087022, 0.11418312508038456, 0.11359921961850848, 0.11302057442064525, 0.11244408851974516, 0.11187048376716806, 0.1113019830847447, 0.11073767623474791, 0.11017842274953737, 0.10962140176440793, 0.10906847784178572, 0.10851786268888584, 0.10797394101846847, 0.10743386802020283, 0.10689580633118778, 0.10636371935160015, 0.10583519323835594, 0.10530942297535095, 0.10478772835053018, 0.10426896679029848, 0.10375431120375583, 0.10324130867650853, 0.10273234058695062, 0.10222615250323318, 0.10172339353458794, 0.10122474075405782, 0.10072798645289383, 0.10023400139769013, 0.09974499220589221, 0.09926110659922883, 0.09878037141085907, 0.0983022332048763, 0.09783008369544767, 0.0973610882591446, 0.09689414575255298, 0.09643156901252346, 0.09597079624026653, 0.09551400954811519, 0.09506063321702606, 0.09460865702890016, 0.0941607123733043, 0.09371581344737745, 0.09327578007402092, 0.0928388799748088, 0.0924059264554223, 0.0919747237410519, 0.091550579252555, 0.09112826087878059, 0.09070893976373141, 0.09029229260935452, 0.08987886273612536, 0.08947034393103324, 0.08906343132206299, 0.08866308742100136, 0.08826416935035662, 0.08786800965158166, 0.08747467754135554, 0.08708293134317466, 0.08669395126738025, 0.08630772530945983, 0.08592496605234165, 0.0855445678341599, 0.08516739699637424, 0.08479176875458301, 0.08442076129819037, 0.08405338653731195, 0.08369068359795642, 0.08333205398315659, 0.08297476727994622, 0.08261890491739443, 0.0822658296025477, 0.081915316220219, 0.08156688914456871, 0.08122014454983599, 0.08087721528777865, 0.08053825507564057, 0.08020225630733484, 0.07987076280135182, 0.07954217098988632, 0.07921722089928919, 0.07889395104887288, 0.07857181450908868, 0.07825206743317357, 0.07793638560490043, 0.07762142630085365, 0.07730994707024019, 0.07699988075364665, 0.07669350299909976, 0.07638796431368598, 0.0760849795206109, 0.07578431393191312, 0.07548731326503047, 0.07519182400255833, 0.07489793901563406, 0.0746057594939974, 0.07431584241930073, 0.07402838204380983, 0.07374509274472021, 0.07346505029221542, 0.07318577955097375, 0.07291112112651812, 0.07263815974048765, 0.07236792724268747, 0.07210029089829888, 0.07183385168342517, 0.07157099934324958, 0.07130882375014724, 0.0710485609662236, 0.070789848171768, 0.07053192916899163, 0.07027477885045386, 0.07002170697087715, 0.06976924766880453, 0.06951837565679803, 0.06927112561711095, 0.06902473601975893, 0.06877998620475825, 0.06853622681120924, 0.06829652712547174, 0.06805772721106426, 0.06782002070861796, 0.06758464103350653, 0.06735266183862627, 0.06712208836583512, 0.06689315607555671, 0.06666592307523506, 0.066439543662496, 0.06621410012217298, 0.06599148537617515, 0.06577026400289174, 0.06554994657863865, 0.06533462267313937, 0.0651203147763479, 0.06490789936809688, 0.06469617491418776, 0.06448738318954893, 0.06427973593239575, 0.06407376494977933, 0.06386949843942982, 0.06366636635190043, 0.0634648143134436, 0.06326579891868066, 0.063068158697573, 0.06287395554307047, 0.06268062389215592, 0.062488157234869175, 0.06229645764081213, 0.06210608779870095, 0.06191850352203945, 0.06173155462877141, 0.061545899529519874, 0.061361984704739685, 0.06117974914708646, 0.06099929445858286, 0.06081966408903935, 0.06064174838840049, 0.060464416863341586, 0.06028787009460738, 0.060112251565426295, 0.05993759633205467, 0.05976475938649658, 0.05959270420685784, 0.059421833676314095, 0.05925164831065589, 0.05908240253443854, 0.05891417486428692, 0.05874656038359675, 0.05857949105186755, 0.058413170140896614, 0.05824739386849331, 0.05808219628764693, 0.05791754473039891, 0.05775343710750376, 0.05759021184749399, 0.057427772442693495, 0.05726620670347691, 0.05710517963554509, 0.056944477873650284, 0.056784496190834054, 0.05662489902303549, 0.05646596000891728, 0.05630734682189066, 0.05614935721870174, 0.0559918647313389, 0.05583481551011013, 0.05567832049482552, 0.055522225022900766, 0.05536660076770492, 0.055211408469267885, 0.05505657513877957, 0.05490215756312572, 0.05474812581590265, 0.054594518086205863, 0.05444129614157787, 0.054288634389615335, 0.05413638118670883, 0.053984468730662157, 0.05383324834255183, 0.05368239474517342, 0.053532103399547025, 0.05338227078411229, 0.05323280493586154, 0.05308366210089267, 0.052934946601766154, 0.052786628687975914, 0.05263860039237521, 0.052491045062339106, 0.052343985435859955, 0.052197376405614726, 0.05205110709543943, 0.05190528436458075, 0.05175989485578645, 0.05161508947937402, 0.051470670663733196, 0.051326471156365204, 0.05118278003441864, 0.05103971811991394, 0.05089709278387726, 0.05075493520430885, 0.05061318495459766, 0.05047193366677606, 0.050331103003500764, 0.05019074002314142, 0.05005103449890974, 0.049911800936009686, 0.04977315700476264, 0.04963481394468856, 0.04949693253494727, 0.04935938382578525, 0.04922209845134549, 0.04908516154968923, 0.04894841145879829, 0.04881207088420052, 0.0486761301532274, 0.04854075168506807, 0.048405607961862364, 0.048270671251542434, 0.0481361310306058, 0.048001900737444265, 0.047868419652818336, 0.047735199194633, 0.047602272704720075, 0.04746961299537959, 0.047337322191509386, 0.04720523866289883, 0.04707339628809511, 0.04694199213490424, 0.046810816807265974, 0.0466799282433531, 0.04654948267403079, 0.0464194853102134, 0.04629000513062146, 0.04616089166640774, 0.046032030871679605, 0.04590374230059325, 0.045775794846938646, 0.0456481613513911, 0.04552084024856067, 0.04539377830398838, 0.045266916576765175, 0.045140473564095195, 0.04501433641336546, 0.044888427118246685, 0.044762895639106404, 0.044637680100810775, 0.04451284181659731, 0.044388258590563195, 0.04426404754885968, 0.0441403638804791, 0.044016981539159034, 0.04389400405768157, 0.04377136470105362, 0.0436489618401083, 0.043526840726426416, 0.04340525884522148, 0.04328405120391539, 0.04316324457729563, 0.04304266464386783, 0.04292261153732256, 0.042803161091861, 0.042683952762347904, 0.042565073522297464, 0.04244678074787283, 0.04232892030619874, 0.042211381638062345, 0.04209404060937504, 0.041976954233873875, 0.04186010477943, 0.04174392929283513, 0.04162815022305687, 0.041512694228743895, 0.041397486791259736, 0.041282486625483235, 0.041168052608201486, 0.041053869027782956, 0.04093996384639842, 0.04082645248426868, 0.04071320220544434, 0.04060020508987952, 0.040487641148841395, 0.04037536654358375, 0.04026342375672884, 0.04015165326072251, 0.040040090056429146, 0.03992887591800739, 0.039818249897402416, 0.039708075356203, 0.039598337320968346, 0.03948897369102245, 0.03938005517732273, 0.03927155003743662, 0.03916340375842819, 0.039055443385205314, 0.038947691475841324, 0.03884087158690993, 0.0387343573959384, 0.03862820206308887, 0.03852228806754913, 0.03841655932744389, 0.03831129331861845, 0.03820622557796197, 0.038101348664171655, 0.03799665364105239, 0.03789237724584953, 0.03778849406406681, 0.03768483260276107, 0.03758187506152718, 0.03747913493875177, 0.03737661265816361, 0.03727425154468246, 0.03717204042681323, 0.0370703462622123, 0.0369700652258113, 0.03687004657984619, 0.03677028509099271, 0.03667073917395953, 0.03657199084007963, 0.03647344609539281, 0.03637523640699761, 0.03627729750133868, 0.036179801244180444, 0.03608346497595873, 0.03598728568697536, 0.03589133910878623, 0.03579708739887398, 0.03570343949857247, 0.03561002499880309, 0.035516924545247436, 0.035424019614695094, 0.03533159285451793, 0.03523948338428828, 0.03514755676023197, 0.0350557915742656, 0.03496456650094692, 0.03487369568720591, 0.034783169654684046, 0.03469306903322439, 0.03460352573052608, 0.03451447047878902, 0.03442578156620521, 0.03433728218244643, 0.03424896836919415, 0.034160989561746805, 0.03407334180164128, 0.033986584261833305, 0.03390012836410699, 0.03381468973384528, 0.03372991331915138, 0.0336454217781629, 0.03356208350255594, 0.03347899410755992, 0.033396146528199756, 0.03331358675173292, 0.033231792557163464, 0.03315016225582527, 0.03306885777073554, 0.032987887607295784, 0.03290715935121612, 0.03282661260391861, 0.032746389677154056, 0.03266647457309803, 0.03258682580083517, 0.03250741583602859, 0.03242823330582874, 0.03234960552692681, 0.03227135433337723, 0.03219334922145693, 0.032115943680438505, 0.03203876827150401, 0.03196224058943235, 0.03188638395890371, 0.031811015790358894, 0.03173592833611595, 0.03166116031982323, 0.031586574021936646, 0.031512206305060214, 0.0314381266328937, 0.03136466524964698, 0.03129196460098196, 0.031219555707514675, 0.031147384555732665, 0.031075625409285303, 0.031004182728294236, 0.03093296805008817, 0.030861912502856758, 0.03079131189867772, 0.030721029402773957, 0.030651140889669335, 0.03058168072744257, 0.03051245472033841, 0.03044366847886872, 0.030375335375735533, 0.03030749486213004, 0.0302402594620637, 0.030173281864938152, 0.03010665431561845, 0.030040179591559274, 0.029974173659063682, 0.029908348066987563, 0.02984331964203092, 0.029778724286017372, 0.029714439853527466, 0.029650317917656925, 0.02958645212143025, 0.029522861458024057, 0.029459507185282553, 0.029396346019609006, 0.029333355980403993, 0.02927053406423983, 0.029208414103331106, 0.029146482684174458, 0.02908473189407056, 0.02902366430270671, 0.028962790789569155, 0.028902679088310495, 0.02884282130718222, 0.028783192857261993, 0.02872376341101832, 0.028664686765165395, 0.028605802039543052, 0.02854735279005124, 0.028489140366818433, 0.028431256353768603, 0.028373711261847564, 0.028316414365850487, 0.028259468655131605, 0.028202694184716548, 0.0281462369924004, 0.028090148462431075, 0.02803450092108363, 0.027978998489999105, 0.027923820160440673, 0.0278688027134141, 0.027814080698324528, 0.02775977346660339, 0.02770569860616034, 0.02765179554116624, 0.027598100283649042, 0.027545166021087572, 0.027492376909260857, 0.027439857161924257, 0.027387539921378927, 0.02733540895932172, 0.027283591478340627, 0.02723196118351556, 0.027180722682025166, 0.02712976287934362, 0.027079006429795695, 0.0270284884974141, 0.026978337887632355, 0.02692835017154731, 0.026878751450601184, 0.02682946176247087, 0.026780367088242645, 0.026731530212387007, 0.026682935955141842, 0.026634578043653368, 0.026586817301072603, 0.026539519933167284, 0.0264924103232588, 0.02644546568235073, 0.02639870222911227, 0.026352168168135473, 0.02630585795239316, 0.026259841821290254, 0.026214042392977182, 0.026168569558287717, 0.02612330255208711, 0.026078253916851903, 0.026033376577838722, 0.02598867671105202, 0.025944186263350322, 0.025899993026425976, 0.025855992505601617, 0.025812215766403777, 0.025768684092990886, 0.025725323910806442, 0.02568225540040258, 0.025639403402352448, 0.025596801566655572, 0.025554446074889325, 0.025512252300763878, 0.02547053285532761, 0.025428973992851725, 0.025387721121596513, 0.025346643335861785, 0.025305796997598173, 0.02526530141223362, 0.0252253788055546, 0.025185609889437677, 0.025145996329508747, 0.025106540054890884, 0.0250673831038442, 0.02502838798804624, 0.024989698862846, 0.024951183889073008, 0.024912836469391905, 0.024874883326102538, 0.02483733438769372, 0.024800149923702254, 0.024763150483515912, 0.024726670535638352, 0.024690513685540264, 0.02465453450235383, 0.024618822202435022, 0.02458337068642677, 0.024548231324501634, 0.024513399061762448, 0.02447875874955684, 0.02444430645605591, 0.024410132145751388, 0.024376118897264758, 0.024342281055945488, 0.024308607545569922, 0.024275122103738122, 0.02424196774139201, 0.024209193969994578, 0.024176561191729087, 0.024144181078160885, 0.024112265926280057, 0.024080629045649313, 0.024049191040743226, 0.024017956574635325, 0.02398687717561694, 0.023956083951139982, 0.023925531540595103, 0.023895119210565273, 0.023864875490173642, 0.023834771912336447, 0.023804812832021204, 0.02377505048447041, 0.023745436564484666, 0.023715984956178115, 0.023686796172749443, 0.02365803536495022, 0.023629480943753434, 0.02360125009477735, 0.023573164026075778, 0.02354526787447605, 0.02351753267831315, 0.023490095905651116, 0.023462878048502764, 0.02343595266585853, 0.02340921065910739, 0.023382603542828125, 0.02335621159609185, 0.023329961715657176, 0.023303880384363138, 0.023278045719040276, 0.0232525463900676, 0.023227263248388683, 0.023202229716816104, 0.023177363111965055, 0.023152750055919852, 0.02312826187252113, 0.023103925773833144, 0.023079727172177846, 0.023055715171847214, 0.023031947477797236, 0.023008332999141536, 0.0229848869079975, 0.022961803071853533, 0.02293894244810208, 0.022916307803344447, 0.022893803259658434, 0.02287145856127786, 0.022849449048298054, 0.02282756889882689, 0.02280582047809939, 0.022784213769899617, 0.022762775639665472, 0.022741463380553686, 0.022720290053757853, 0.02269926173473777, 0.0226784563857981, 0.02265786008593024, 0.022637422687607798, 0.0226171476239216, 0.0225970376389514, 0.02257707314267004, 0.022557284844939386, 0.022537672297673297, 0.022518232798848604, 0.022499012414009752, 0.022479925730390496, 0.02246104614403424, 0.022442292723627466, 0.022423778906505976, 0.02240541351162167, 0.02238722986784338, 0.022369200663818856, 0.02235134396210203, 0.02233366107188892, 0.022316121238707517, 0.022298709561689476, 0.02228147419176364, 0.022264378695544748, 0.022247399646449142, 0.02223055181218912, 0.02221390353274819, 0.022197436277737483, 0.022181121395280615, 0.022164909804188157, 0.02214886283236915, 0.02213292556629423, 0.0221171875411064, 0.022101562376421382, 0.02208605612746778, 0.022070748370768806, 0.022055563336589194, 0.02204055265097482, 0.02202569976483831, 0.02201101976685218, 0.021996501727209586, 0.021982258098222227, 0.02196822817564096, 0.021954404693774524, 0.021940712965031715, 0.021927139151565994, 0.021913677779380417, 0.021900352139912052, 0.021887182870616684, 0.02187414637064817, 0.0218612274086339, 0.02184848638687613, 0.02183584356371544, 0.021823345455003796, 0.02181095342457192, 0.021798659484460664, 0.021786498368357086, 0.02177442854345611, 0.021762472515622824, 0.021750616321480957, 0.0217388805546939, 0.02172723635405681, 0.02171572440599041, 0.02170434160033703, 0.02169305931218633, 0.02168189012617575, 0.021670883172963836, 0.021659980540422223, 0.02164917780963281, 0.021638602150400504, 0.021628151284820568, 0.02161794381435553, 0.021607827241407567, 0.02159780472471009, 0.021587879526939704, 0.02157806369139588, 0.021568330636364052, 0.021558716821568593, 0.021549188607264878, 0.021539798646010345, 0.02153051767272814, 0.021521356740979523, 0.021512380964724513, 0.021503532149728468, 0.021494773515478797, 0.02148612267687809, 0.0214775520459093, 0.02146909479954587, 0.021460750115618786, 0.02145250635918113, 0.02144439031667469, 0.021436368099294213, 0.021428481997322738, 0.021420680160534604, 0.021413000375107516, 0.021405401782605808, 0.02139790768490342, 0.02139052849805165, 0.02138323618885177, 0.02137603827130646, 0.0213689358480149, 0.0213619070807412, 0.021354955293654682, 0.021348090412233258, 0.021341302578343057, 0.021334621417694592, 0.021328023724248246, 0.021321492422405115, 0.021315057804539267, 0.02130869931944752, 0.021302430428590473, 0.0212963023067123, 0.021290260991307024, 0.021284299116897314, 0.021278413627382555, 0.021272612371611002, 0.021266928933727607, 0.021261333408594624, 0.02125580684853462, 0.021250368530327354, 0.021245030716598973, 0.021239785208070374, 0.021234599549237863, 0.021229482291942773, 0.021224447444621982, 0.02121948557849135, 0.02121459920110513, 0.02120978785679046, 0.021205055498564843, 0.02120044596724226, 0.021195961074020716, 0.021191536521492405, 0.02118722790977555, 0.021182994974243557, 0.021178871596571554, 0.02117484566914401, 0.021170907524246697, 0.021167073239522965, 0.02116336623705512, 0.021159943714822285, 0.02115644497586784]",EBM_GAM,synthetic_ordering1000,2,5,42,150
"['offset', 'x1', 'x2', 'x3', 'x4', 'x5', 'x6', 'x7', 'x8', 'x9', 'x10', 'x11', 'x12', 'x13', 'x14', 'x15', 'x16', 'x17', 'x18', 'x19', 'x20', 'x21', 'x22', 'x23', 'x24', 'x25', 'x26', 'x27', 'x28', 'x29', 'x30', 'x31', 'x32', 'x33', 'x34', 'x35', 'x36', 'x37', 'x38', 'x39', 'x40', 'x41', 'x42', 'x43', 'x44', 'x45', 'x46', 'x47', 'x48', 'x49', 'x50', 'x51', 'x52', 'x53', 'x54', 'x55', 'x56', 'x57', 'x58', 'x59', 'x60', 'x61', 'x62', 'x63', 'x64', 'x65', 'x66', 'x67', 'x68', 'x69', 'x70', 'x71', 'x72', 'x73', 'x74', 'x75', 'x76', 'x77', 'x78', 'x79', 'x80', 'x81', 'x82', 'x83', 'x84', 'x85', 'x86', 'x87', 'x88', 'x89', 'x90', 'x91', 'x92', 'x93', 'x94', 'x95', 'x96', 'x97', 'x98', 'x99', 'x100', 'x101', 'x102', 'x103', 'x104', 'x105', 'x106', 'x107', 'x108', 'x109', 'x110', 'x111', 'x112', 'x113', 'x114', 'x115', 'x116', 'x117', 'x118', 'x119', 'x120', 'x121', 'x122', 'x123', 'x124', 'x125', 'x126', 'x127', 'x128', 'x129', 'x130', 'x131', 'x132', 'x133', 'x134', 'x135', 'x136', 'x137', 'x138', 'x139', 'x140', 'x141', 'x142', 'x143', 'x144', 'x145', 'x146', 'x147', 'x148', 'x149', 'x150', 'x151', 'x152', 'x153', 'x154', 'x155', 'x156', 'x157', 'x158', 'x159', 'x160', 'x161', 'x162', 'x163', 'x164', 'x165', 'x166', 'x167', 'x168', 'x169', 'x170', 'x171', 'x172', 'x173', 'x174', 'x175', 'x176', 'x177', 'x178', 'x179', 'x180', 'x181', 'x182', 'x183', 'x184', 'x185', 'x186', 'x187', 'x188', 'x189', 'x190', 'x191', 'x192', 'x193', 'x194', 'x195', 'x196', 'x197', 'x198', 'x199', 'x200', 'x201', 'x202', 'x203', 'x204', 'x205', 'x206', 'x207', 'x208', 'x209', 'x211', 'x210', 'x212', 'x213', 'x214', 'x215', 'x216', 'x217', 'x219', 'x218', 'x220', 'x221', 'x222', 'x223', 'x224', 'x225', 'x226', 'x227', 'x228', 'x229', 'x230', 'x231', 'x232', 'x233', 'x234', 'x235', 'x236', 'x237', 'x238', 'x239', 'x240', 'x241', 'x242', 'x243', 'x244', 'x245', 'x246', 'x247', 'x248', 'x250', 'x249', 'x251', 'x252', 'x254', 'x253', 'x255', 'x257', 'x256', 'x258', 'x260', 'x259', 'x261', 'x262', 'x263', 'x264', 'x265', 'x266', 'x267', 'x268', 'x269', 'x271', 'x270', 'x272', 'x273', 'x274', 'x275', 'x277', 'x276', 'x279', 'x278', 'x280', 'x281', 'x283', 'x282', 'x284', 'x286', 'x285', 'x287', 'x288', 'x289', 'x291', 'x290', 'x293', 'x292', 'x295', 'x294', 'x297', 'x296', 'x298', 'x299', 'x300', 'x301', 'x303', 'x302', 'x304', 'x305', 'x306', 'x308', 'x307', 'x310', 'x309', 'x311', 'x312', 'x313', 'x314', 'x315', 'x316', 'x318', 'x317', 'x320', 'x319', 'x321', 'x322', 'x323', 'x325', 'x326', 'x324', 'x327', 'x328', 'x329', 'x330', 'x331', 'x333', 'x332', 'x334', 'x335', 'x336', 'x337', 'x338', 'x339', 'x341', 'x340', 'x342', 'x343', 'x344', 'x345', 'x346', 'x347', 'x348', 'x349', 'x350', 'x351', 'x352', 'x354', 'x353', 'x355', 'x356', 'x357', 'x359', 'x358', 'x360', 'x361', 'x362', 'x363', 'x364', 'x365', 'x366', 'x367', 'x368', 'x370', 'x369', 'x371', 'x372', 'x373', 'x374', 'x375', 'x377', 'x376', 'x378', 'x379', 'x380', 'x382', 'x381', 'x383', 'x384', 'x386', 'x385', 'x387', 'x388', 'x389', 'x391', 'x390', 'x393', 'x392', 'x394', 'x395', 'x396', 'x397', 'x399', 'x398', 'x400', 'x401', 'x402', 'x403', 'x404', 'x405', 'x406', 'x408', 'x407', 'x411', 'x409', 'x410', 'x412', 'x414', 'x413', 'x415', 'x416', 'x418', 'x417', 'x420', 'x419', 'x422', 'x421', 'x424', 'x423', 'x426', 'x427', 'x425', 'x428', 'x429', 'x430', 'x431', 'x432', 'x433', 'x437', 'x435', 'x434', 'x439', 'x438', 'x436', 'x440', 'x441', 'x442', 'x445', 'x444', 'x443', 'x446', 'x449', 'x448', 'x447', 'x451', 'x453', 'x459', 'x450', 'x452', 'x456', 'x463', 'x461', 'x458', 'x455', 'x457', 'x466', 'x454', 'x487', 'x462', 'x471', 'x485', 'x469', 'x464', 'x460', 'x483', 'x468', 'x474', 'x477', 'x489', 'x480', 'x490', 'x472', 'x493', 'x505', 'x478', 'x481', 'x465', 'x484', 'x482', 'x473', 'x509', 'x525', 'x467', 'x486', 'x496', 'x498', 'x479', 'x502', 'x503', 'x492', 'x513', 'x511', 'x520', 'x507', 'x501', 'x497', 'x535', 'x522', 'x491', 'x512', 'x470', 'x540', 'x514', 'x530', 'x506', 'x527', 'x533', 'x517', 'x488', 'x495', 'x500', 'x541', 'x516', 'x475', 'x532', 'x515', 'x494', 'x499', 'x528', 'x536', 'x529', 'x524', 'x526', 'x537', 'x504', 'x534', 'x521', 'x531', 'x518', 'x476', 'x508', 'x523', 'x544', 'x538', 'x539', 'x510', 'x543', 'x545', 'x547', 'x549', 'x551', 'x519', 'x546', 'x554', 'x542', 'x556', 'x548', 'x552', 'x559', 'x567', 'x553', 'x550', 'x557', 'x560', 'x558', 'x569', 'x574', 'x562', 'x565', 'x564', 'x561', 'x555', 'x577', 'x563', 'x570', 'x572', 'x571', 'x578', 'x566', 'x568', 'x575', 'x583', 'x580', 'x581', 'x576', 'x573', 'x584', 'x579', 'x590', 'x587', 'x586', 'x585', 'x588', 'x594', 'x582', 'x592', 'x595', 'x596', 'x602', 'x598', 'x593', 'x599', 'x589', 'x607', 'x604', 'x591', 'x612', 'x620', 'x600', 'x618', 'x605', 'x625', 'x601', 'x616', 'x610', 'x609', 'x614', 'x597', 'x611', 'x615', 'x622', 'x603', 'x606', 'x613', 'x619', 'x608', 'x628', 'x636', 'x631', 'x623', 'x629', 'x633', 'x617', 'x624', 'x627', 'x632', 'x640', 'x621', 'x644', 'x635', 'x634', 'x643', 'x639', 'x638', 'x626', 'x646', 'x641', 'x648', 'x630', 'x647', 'x650', 'x657', 'x651', 'x654', 'x645', 'x655', 'x660', 'x652', 'x637', 'x649', 'x642', 'x662', 'x664', 'x653', 'x658', 'x659', 'x656', 'x665', 'x668', 'x670', 'x672', 'x666', 'x663', 'x684', 'x669', 'x661', 'x675', 'x674', 'x678', 'x671', 'x683', 'x673', 'x681', 'x667', 'x676', 'x679', 'x688', 'x695', 'x687', 'x677', 'x691', 'x682', 'x686', 'x680', 'x689', 'x694', 'x698', 'x692', 'x685', 'x701', 'x690', 'x707', 'x699', 'x703', 'x705', 'x696', 'x702', 'x697', 'x693', 'x709', 'x710', 'x717', 'x713', 'x712', 'x721', 'x714', 'x708', 'x719', 'x704', 'x711', 'x728', 'x700', 'x715', 'x725', 'x718', 'x720', 'x722', 'x706', 'x729', 'x723', 'x726', 'x716', 'x730', 'x734', 'x735', 'x738', 'x732', 'x731', 'x724', 'x733', 'x736', 'x743', 'x740', 'x750', 'x745', 'x744', 'x742', 'x727', 'x737', 'x741', 'x748', 'x739', 'x755', 'x746', 'x747', 'x749', 'x752', 'x764', 'x754', 'x757', 'x758', 'x759', 'x771', 'x762', 'x774', 'x768', 'x753', 'x761', 'x756', 'x766', 'x751', 'x763', 'x776', 'x760', 'x789', 'x769', 'x767', 'x765', 'x783', 'x780', 'x772', 'x779', 'x775', 'x781', 'x784', 'x793', 'x773', 'x787', 'x770', 'x777', 'x778', 'x796', 'x785', 'x782', 'x791', 'x807', 'x788', 'x786', 'x797', 'x790', 'x801', 'x802', 'x794', 'x799', 'x792', 'x798', 'x804', 'x808', 'x795', 'x811', 'x809', 'x800', 'x815', 'x823', 'x803', 'x814', 'x816', 'x805', 'x821', 'x813', 'x827', 'x812', 'x810', 'x825', 'x817', 'x819', 'x806', 'x837', 'x818', 'x835', 'x833', 'x830', 'x820', 'x824', 'x839', 'x831', 'x828', 'x829', 'x822', 'x845', 'x847', 'x832', 'x841', 'x838', 'x842', 'x834', 'x854', 'x826', 'x836', 'x844', 'x848', 'x846', 'x840', 'x852', 'x843', 'x858', 'x849', 'x850', 'x860', 'x859', 'x853', 'x865', 'x856', 'x863', 'x866', 'x851', 'x874', 'x857', 'x855', 'x861', 'x862', 'x868', 'x869', 'x871', 'x867', 'x872', 'x864', 'x881', 'x888', 'x877', 'x870', 'x873', 'x875', 'x890', 'x876', 'x883', 'x886', 'x878', 'x884', 'x894', 'x882', 'x880', 'x892', 'x879', 'x898', 'x887', 'x896', 'x911', 'x895', 'x914', 'x897', 'x889', 'x918', 'x909', 'x885', 'x900', 'x901', 'x891', 'x905', 'x904', 'x906', 'x903', 'x910', 'x907', 'x915', 'x893', 'x923', 'x908', 'x912', 'x916', 'x902', 'x925', 'x899', 'x920', 'x913', 'x934', 'x922', 'x930', 'x931', 'x942', 'x921', 'x947', 'x952', 'x926', 'x924', 'x928', 'x951', 'x943', 'x938', 'x940', 'x927', 'x917', 'x935', 'x932', 'x956', 'x929', 'x972', 'x958', 'x933', 'x946', 'x944', 'x957', 'x954', 'x994', 'x945', 'x919', 'x966', 'x964', 'x963', 'x955', 'x973', 'x960', 'x987', 'x974', 'x950', 'x969', 'x949', 'x968', 'x959', 'x962', 'x990', 'x981', 'x971', 'x948', 'x982', 'x976', 'x977', 'x961', 'x967', 'x965', 'x939', 'x991', 'x979', 'x999', 'x993', 'x978', 'x989', 'x1000', 'x997', 'x985', 'x970', 'x984', 'x983', 'x998', 'x975', 'x953', 'x996', 'x986', 'x988', 'x936', 'x992', 'x995', 'x941', 'x937', 'x980']","[0.7174588286903428, 0.7174392807865493, 0.7111921046858166, 0.7050097384958416, 0.6988898662226611, 0.6928324708165802, 0.6868361077608485, 0.6809011674150608, 0.6750248878244266, 0.6692076786899769, 0.663445706987003, 0.6577385668240855, 0.6520923472280139, 0.6465034457254313, 0.6409705123483439, 0.6354875071382117, 0.6300633523251408, 0.62469746204652, 0.6193879253503537, 0.6141293318399468, 0.6089242271157792, 0.603777098630971, 0.5986819015071309, 0.5936359047291208, 0.5886433635505176, 0.5837002832520496, 0.5788083149588003, 0.573966443071564, 0.5691764853461603, 0.5644322292397644, 0.5597360197304195, 0.5550869644403793, 0.5504881756522596, 0.5459369267464949, 0.5414334158698533, 0.5369758857164588, 0.5325665711781642, 0.5281987974033756, 0.5238799498219823, 0.519602352418238, 0.5153723576842962, 0.5111849746900022, 0.5070434622939923, 0.5029448274885044, 0.49889039750653696, 0.4948814807744893, 0.490912878963416, 0.4869858828710388, 0.4831000633619268, 0.4792523088675699, 0.47544279950299245, 0.4716745745620465, 0.46794525750777966, 0.46425553499581323, 0.46060249142746323, 0.45698855240615427, 0.4534121457509873, 0.44987037593418205, 0.4463656887454144, 0.4428983280528842, 0.4394681892470725, 0.4360740541122852, 0.43271158012520056, 0.42938620671516287, 0.4260916503586159, 0.42282949593213853, 0.41960124592490744, 0.41640328843854707, 0.4132419074133336, 0.4101069389357823, 0.4070088159606606, 0.40394356839458984, 0.4009054306948758, 0.39790463338713217, 0.3949295368721934, 0.39198724894274634, 0.38907770797831737, 0.38619373138805513, 0.38334425874648237, 0.3805223890075883, 0.3777277749368781, 0.37496518317275684, 0.372231618318706, 0.36952426688756823, 0.36684647218867694, 0.364194218960835, 0.36157128513124454, 0.3589725157334055, 0.3564037625644651, 0.3538585864279446, 0.35134643771473706, 0.3488485370525051, 0.34638068595761967, 0.3439282921303637, 0.34151661923492405, 0.3391196168331591, 0.33674883796613414, 0.33439999157290523, 0.3320789027574385, 0.32978012412674973, 0.32751170215512787, 0.32526088641346096, 0.323034518996234, 0.32083127450037374, 0.3186504337015033, 0.31649104331802275, 0.3143565002866853, 0.31224037625233364, 0.310145942982456, 0.3080755039242387, 0.3060211449614955, 0.3039890361952969, 0.3019780193201128, 0.2999833477820515, 0.29801229957879843, 0.296056871563616, 0.2941206543984829, 0.292206448584973, 0.29030570939616057, 0.28842928612789426, 0.2865665694239924, 0.2847238719538747, 0.2829017400037492, 0.28109537069746854, 0.2793057120851035, 0.27753126584506854, 0.2757739799515226, 0.2740335659141997, 0.27230726291327223, 0.2705960363727533, 0.26890069547094525, 0.26721906568402476, 0.26554911904231604, 0.2638963447650552, 0.2622592472068745, 0.260632384365768, 0.25902307870772306, 0.25742674343703115, 0.25584579604954055, 0.25427679589567, 0.2527228181472751, 0.25118231984334577, 0.2496519104016532, 0.2481352099722843, 0.24663134822724786, 0.24514027047118886, 0.24365925892478058, 0.24219276315883376, 0.24073660982468734, 0.23929213707730312, 0.23786255649184454, 0.236438877325139, 0.23503038797414785, 0.23363170967804583, 0.23224370877568162, 0.23086651868592226, 0.22949893182334247, 0.22814218814468232, 0.2267964026011253, 0.22546303885150626, 0.22413620493099287, 0.22282039311513527, 0.22151528367059237, 0.22021923071502691, 0.21893270216580626, 0.21765971489927868, 0.21639491272166864, 0.21514180764143123, 0.21389340856753156, 0.2126587311417405, 0.21143122564474534, 0.21021229972418645, 0.20900249200883694, 0.2078055973530663, 0.2066109608367541, 0.20543008185936748, 0.20425747086038815, 0.20309252469777286, 0.20193712544435025, 0.20079140871948417, 0.19965329340280533, 0.19852012169478497, 0.19740196365580745, 0.19628574536575302, 0.19518114493865113, 0.1940843966784173, 0.19299810070681797, 0.1919157421443604, 0.1908461890310705, 0.18977888271495602, 0.1887215493902808, 0.18767435204347288, 0.1866342181494091, 0.185599122711368, 0.18457374703936907, 0.18355504843202466, 0.1825439717245256, 0.18153798837257593, 0.1805385554587727, 0.179549116349363, 0.17856451947560212, 0.177591192249893, 0.17661918867628312, 0.17565812945107415, 0.17470177001356266, 0.17375552669424787, 0.17281177456642327, 0.1718773626199974, 0.17094772136409053, 0.17002469579034477, 0.16910613682206627, 0.16819536179829372, 0.16728699087219162, 0.16638672406144858, 0.1654941579292126, 0.16460402963583434, 0.1637216235499588, 0.16284285426790446, 0.16197194864598352, 0.1611084085871653, 0.16024642067589664, 0.15939507862398097, 0.15854660735967538, 0.157703976735852, 0.1568708560111034, 0.15604053718078204, 0.15521551338662845, 0.15439774930711314, 0.15358728677584374, 0.1527806675298843, 0.15198166258980644, 0.1511865292897506, 0.15039809951682542, 0.14961595825225057, 0.14884157988006486, 0.14806944678549164, 0.1473030713133174, 0.1465410921981948, 0.1457869960872757, 0.1450367894040065, 0.14429075128435448, 0.1435532265664107, 0.14281649755069592, 0.14208829563515307, 0.1413627462265047, 0.14064370826640094, 0.13992947271957765, 0.1392205918326922, 0.13851452333345052, 0.13781549118767072, 0.13711992883891935, 0.13642618614934096, 0.13573957747400117, 0.1350564929088803, 0.13437902400305735, 0.1337035113208157, 0.13303231938674911, 0.13236790564027998, 0.13170802990952357, 0.13105095804271255, 0.13039731157250917, 0.12974845744824168, 0.12910906954986429, 0.12847121274797169, 0.12783835741389646, 0.12720851629641522, 0.12658299294411485, 0.12596121129751886, 0.12534579445382588, 0.12473101413960441, 0.12412017899656731, 0.12351632941210061, 0.12291515049583406, 0.1223170819022822, 0.12172508429214099, 0.12113700622862607, 0.12055032800140467, 0.11996744600322501, 0.11938866651483734, 0.11881620215544471, 0.11824709879538287, 0.11768147565751433, 0.11711813574574982, 0.1165612743370282, 0.11600496366146562, 0.11545448376779895, 0.11490786067525866, 0.1143629990988654, 0.11382323523441018, 0.11328579783039115, 0.11275037462760043, 0.11222038030552499, 0.11169521139123267, 0.11117358238191914, 0.1106544452263287, 0.11013906335401855, 0.10962609915306079, 0.1091186678587502, 0.10861400604746217, 0.10811249999850266, 0.10761546251676181, 0.10712184049815963, 0.10662995127275567, 0.10614279737822443, 0.10565655037142045, 0.10517182824671847, 0.10469356070221583, 0.10421683000741791, 0.10374399191895971, 0.10327360997913344, 0.10280662468250559, 0.10234175397637324, 0.10188264494133435, 0.10142449315033648, 0.10096906725735379, 0.10051755923864507, 0.10006706085402556, 0.09962133616941496, 0.09917849914288616, 0.09873908688275576, 0.09830352577568954, 0.09786887744845078, 0.09743620087657913, 0.09700921644982005, 0.09658270947752642, 0.09616031757786629, 0.09573907489711803, 0.09531823981409022, 0.09490065309044135, 0.0944856202594658, 0.09407507790574784, 0.09366602218473219, 0.09326219593322416, 0.09286013320158618, 0.09246014390007486, 0.09206456837796749, 0.09167104837709875, 0.09128076250786661, 0.09089460780881826, 0.09050886426718956, 0.0901243839202847, 0.08974482910250078, 0.08936613496566662, 0.08899025263936726, 0.08861645130539939, 0.08824518076957236, 0.08787539609738709, 0.08750986181298319, 0.0871458252997294, 0.08678605247569522, 0.0864279992730943, 0.08607355071369163, 0.08571997284958607, 0.08537102255515575, 0.08502539914529317, 0.08468093467064952, 0.08433927524508318, 0.08399935165580824, 0.08366302138060003, 0.08332826015351642, 0.0829950714894607, 0.08266598489503935, 0.08233934566930165, 0.08201453113306484, 0.0816917603326589, 0.08137296245001797, 0.08105499554554134, 0.08074003509882037, 0.08042667027622777, 0.08011488079367976, 0.079805938092193, 0.0794977755884067, 0.079192417291502, 0.07889188966052911, 0.0785925197191664, 0.07829592678950453, 0.07800025063257943, 0.07770552965181844, 0.07741310805956456, 0.07712379290120709, 0.07683544369682613, 0.07654962420308584, 0.07626500679062098, 0.07598140977795866, 0.07570083792196468, 0.07542097864353825, 0.07514439469817286, 0.07486906757584207, 0.07459622431694228, 0.07432612968956967, 0.0740576171136501, 0.07379205014423987, 0.07352802000511167, 0.0732659878404988, 0.073004942050177, 0.0727455877356719, 0.07248937613609802, 0.07223482639261518, 0.07198183249582076, 0.07173086900904249, 0.07148056014846388, 0.0712334899921112, 0.07098700351623655, 0.07074221888122506, 0.07049927940974156, 0.07025869355835879, 0.07001980833162033, 0.06978228209142147, 0.06954726927979862, 0.06931318061859063, 0.0690805206824139, 0.06885018849526947, 0.06862134580152919, 0.06839332052398087, 0.06816613224749236, 0.06793969360797951, 0.06771511401864376, 0.06749185085755054, 0.06726971562861803, 0.06704846914015525, 0.06682926858669654, 0.06661063756127338, 0.06639333265616125, 0.06617794548872505, 0.06596392409783519, 0.06575245720079294, 0.06554150402760019, 0.06533234187833813, 0.06512388378526307, 0.06491896032001948, 0.06471513982281699, 0.06451233968743056, 0.06431022885662652, 0.06410903356760102, 0.06390941909470517, 0.06371108709074369, 0.06351326098061409, 0.06331613389650792, 0.06312062772339319, 0.06292564110585708, 0.06273148981300695, 0.06253806457025655, 0.06234620257934085, 0.0621552946443214, 0.06196656150585685, 0.06177846192469521, 0.06159191580324505, 0.06140599096094003, 0.06122057239619542, 0.061036636269919946, 0.06085314920042087, 0.06067072677361518, 0.06048897005041264, 0.06030758950807994, 0.0601266635819174, 0.059946761141487476, 0.05976767455684438, 0.05959028022416638, 0.059413217801254664, 0.059236939523314915, 0.05906107868875219, 0.058886349421284845, 0.058712010033871935, 0.058538069013865525, 0.05836456469262756, 0.058191924974318514, 0.058019670717022506, 0.057847749798214325, 0.05767612238281098, 0.05750496384828007, 0.05733435865383341, 0.057164297913320304, 0.056994516023035444, 0.05682512321741435, 0.05665631345779457, 0.05648777836275017, 0.05631958257166102, 0.05615180725074304, 0.055984656409724186, 0.05581788300109756, 0.055651370207514365, 0.055485482831495396, 0.055319983847425556, 0.05515487729239506, 0.05499018693190218, 0.05482584260620364, 0.05466197611004071, 0.054498505164271245, 0.05433521979433965, 0.05417216391222983, 0.0540097614044927, 0.053847703313440375, 0.05368593896172271, 0.05352449948464469, 0.05336335692082244, 0.053202551352002525, 0.053042067800596726, 0.0528821066116044, 0.052722487699753226, 0.05256315176906478, 0.052404061423431, 0.0522452262692298, 0.05208690515101999, 0.05192892945399255, 0.05177117189444682, 0.05161371432132714, 0.0514567160900966, 0.0513000528632026, 0.05114360093005516, 0.05098788770635123, 0.05083267753559819, 0.050677714062428186, 0.05052296537601484, 0.050368430384471204, 0.050214129685445176, 0.050060087963111906, 0.04990636331355288, 0.049752951362507826, 0.049599866663476, 0.04944714807225966, 0.049294704811646564, 0.04914249763817099, 0.048990557604353696, 0.04883897230604132, 0.04868767652701259, 0.04853668788424901, 0.04838598872501476, 0.04823557238145375, 0.04808556454599362, 0.047935850865873944, 0.04778644798689954, 0.047637244674544936, 0.04748832530327802, 0.04733968775688339, 0.04719127735866806, 0.047043165667455034, 0.046895411016335986, 0.046748001385505264, 0.046601044375374136, 0.046454597715842975, 0.04630841011879598, 0.04616279383286351, 0.04601758755025283, 0.045872724804844715, 0.04572839254486619, 0.04558483896097121, 0.045441476568259004, 0.04529843273578929, 0.045155974961387874, 0.045014067140639775, 0.0448724002567857, 0.04473132229566827, 0.04459116401756543, 0.044451255532950366, 0.04431210046881056, 0.04417377731211639, 0.04403596718589843, 0.04389843114427504, 0.043761168284372445, 0.04362430719506794, 0.04348862969418896, 0.043353418561561864, 0.043218790816632824, 0.043084702365126966, 0.04295097084441963, 0.04281747325237265, 0.04268429154010236, 0.042551958093711775, 0.04241999288347314, 0.04228973908421699, 0.042160121100815885, 0.042030740418300655, 0.041902197858613696, 0.04177447939948054, 0.04164723767863053, 0.04152035453217756, 0.04139407514146054, 0.0412681965583103, 0.04114328870692357, 0.04101856132863031, 0.040894053661232194, 0.040770095292911715, 0.040647361478205135, 0.04052508353093858, 0.04040368794348691, 0.04028281098194514, 0.04016224366990748, 0.040041995825192175, 0.03992195772621206, 0.03980251618178969, 0.03968417636041519, 0.039566165067384404, 0.039449270804629705, 0.03933261829254151, 0.0392167440054528, 0.039101167206222566, 0.038985849434994814, 0.03887072326577919, 0.03875600335163771, 0.038641766285967924, 0.038528098131233784, 0.03841469304978664, 0.03830232415701907, 0.03819016015588885, 0.03807820027771366, 0.03796649195477797, 0.037855524167446905, 0.03774492446432652, 0.03763449264944519, 0.037524522109341145, 0.037414759808314914, 0.03730517679322537, 0.037195833955683294, 0.037086851883726235, 0.03697814439786386, 0.03686971665043461, 0.03676199258062365, 0.03665515361502709, 0.036548956851073136, 0.03644312628592646, 0.036338082432975136, 0.03623340440314497, 0.03612897938329269, 0.03602503197684208, 0.03592150169493896, 0.03581865616827255, 0.035716065265923774, 0.03561369219319708, 0.03551154196987218, 0.03540965514944651, 0.035308024081254094, 0.03520683874642215, 0.03510598876505365, 0.03500569372994058, 0.034905691041515544, 0.034806015431776485, 0.03470664876928629, 0.034607662906991375, 0.03450894952561672, 0.034410707580325724, 0.034312722075952505, 0.034215367843573805, 0.034118408366886725, 0.03402176092368229, 0.03392572960675087, 0.03382992677098869, 0.03373520653339399, 0.033640787370166465, 0.0335470435397213, 0.033453593243086964, 0.03336039147305668, 0.03326738742386862, 0.033174642586780205, 0.033082128188693334, 0.03298981224878834, 0.03289768976381178, 0.03280605197627531, 0.03271518962695425, 0.0326249999003256, 0.032535053205986444, 0.03244533110506057, 0.03235618922869214, 0.03226776131000188, 0.03217966053883615, 0.03209276693645168, 0.03200624838649382, 0.03191998044360818, 0.03183410624144354, 0.03174849035684691, 0.03166330348360042, 0.03157882828651333, 0.031494855770221125, 0.03141145534017483, 0.03132831995843464, 0.031245379776356694, 0.031162690695421488, 0.0310804420878659, 0.03099851872335033, 0.03091714769820664, 0.030836184813962813, 0.030755527746144654, 0.03067512483990648, 0.03059492407964935, 0.030515320723784087, 0.030436080997833636, 0.030357327875404953, 0.03027934340850212, 0.030201725554279527, 0.030124302289902986, 0.03004741930708894, 0.029970765379058916, 0.029894370686608857, 0.029818333392219905, 0.029742744978921137, 0.02966766815641384, 0.029593079587335064, 0.029518720406465394, 0.029444640329209522, 0.02937106292390015, 0.02929769516430012, 0.029225088812695078, 0.02915286137439793, 0.029081140232353805, 0.02900997975118287, 0.028939069656334273, 0.028868531356051576, 0.02879873380993383, 0.028729223339094036, 0.028659901501037532, 0.02859149717640507, 0.028523642835001424, 0.028456048681389675, 0.028388813276104697, 0.02832209831117413, 0.028255805383226452, 0.02818974679551235, 0.0281240879082784, 0.028058984972482572, 0.02799418388511024, 0.027929789524850594, 0.02786618025147166, 0.027803051607008692, 0.027740167295475404, 0.02767748745883385, 0.027615038503459696, 0.027552921382658347, 0.02749119484052153, 0.02742979958174541, 0.027368752901596887, 0.02730794117097995, 0.02724741993910403, 0.02718765860030743, 0.02712812189306749, 0.027068887727143477, 0.02700991757046134, 0.02695128097234743, 0.026893695991455073, 0.026836431340060217, 0.026779412755056457, 0.02672276662770769, 0.026666494765540224, 0.026610546218417762, 0.026554992772041163, 0.026499668361248594, 0.026444591679424343, 0.026389903215656547, 0.026335434243266544, 0.02628123032103363, 0.0262272980432647, 0.02617359066218021, 0.026120273503031064, 0.026067242881974522, 0.02601448541089938, 0.025962423075640784, 0.025910639459652274, 0.02585924512689924, 0.025808298372223582, 0.02575762391691984, 0.02570735776061762, 0.025657714904069064, 0.025608287770907873, 0.025559115630263984, 0.025510195593261464, 0.025461494203161933, 0.02541302332970281, 0.025364818541318036, 0.02531684362166157, 0.025269199583057983, 0.0252222146610184, 0.025175644985787664, 0.025129544586824707, 0.02508365071939137, 0.025037954081795096, 0.02499246950205624, 0.02494723038193776, 0.024902212060212287, 0.024857580049627955, 0.02481332816007122, 0.024769323354875795, 0.024725608557069623, 0.02468223950043836, 0.024639077256896392, 0.024596189239822087, 0.024553760633923217, 0.024511542609947885, 0.024469595855489787, 0.024427995759928593, 0.024386644053876368, 0.024345496312146334, 0.024304715238416968, 0.024264258750057856, 0.024224404905475196, 0.02418490998930743, 0.024145610175909264, 0.02410653181278906, 0.024067652141446873, 0.024029069678786992, 0.023990751404517147, 0.023952647850168547, 0.023914763493799136, 0.023877251949721352, 0.02383998904773043, 0.02380299126049067, 0.023766226782588166, 0.023730258670822426, 0.023694517576528684, 0.023658977484775686, 0.0236236228803762, 0.023588575684952776, 0.023553724617916237, 0.023519142617232616, 0.023484744686930268, 0.023450586389674417, 0.023416620550880493, 0.023383021201372575, 0.02334987736634232, 0.023316922282744252, 0.02328414794650264, 0.023251572738174714, 0.02321919970645705, 0.023187016239817487, 0.02315502206587757, 0.023123242182352496, 0.023091711904709246, 0.023060483731812305, 0.023029463766735647, 0.02299874183857694, 0.02296828670346087, 0.022938053513163397, 0.022908002182505216, 0.022878299866757632, 0.022848810762866358, 0.022819565810795975, 0.022790540382919475, 0.02276176553024728, 0.022733178543012045, 0.02270493515341439, 0.02267689949542603, 0.022649334469291703, 0.02262199433438221, 0.02259487180310249, 0.022567959744184067, 0.02254145359697817, 0.022515153383736743, 0.022489036302691726, 0.022463105831942047, 0.022437364932144727, 0.02241190443876011, 0.022386621363770114, 0.022361679377499815, 0.022336936913896436, 0.02231236785970426, 0.022288153922392265, 0.02226420167313613, 0.022240472655912804, 0.022217059061832613, 0.02219395146862275, 0.02217104244100002, 0.022148386925266664, 0.02212593910544404, 0.022103708005049665, 0.022081791529221503, 0.022060144442081944, 0.022038738117608904, 0.022017530487730204, 0.021996497503782707, 0.021975671786802927, 0.021955118240013134, 0.021934724181729755, 0.02191453099556886, 0.02189461938794015, 0.021875037431444873, 0.02185565594997399, 0.02183645299893063, 0.021817496208609777, 0.021798697601460044, 0.02178007922713745, 0.02176163269343497, 0.021743390904181585, 0.02172548036929258, 0.021707821768580778, 0.021690448939142678, 0.02167330757307198, 0.02165636101762162, 0.021639600517354637, 0.021623117716032664, 0.021606856621096467, 0.021590780416209297, 0.021574941398999892, 0.021559270282482824, 0.021543794920695903, 0.0215286399235695, 0.021513666450265086, 0.021498924986592356, 0.021484457427104146, 0.02147015491694366, 0.021455993291188653, 0.02144201610955531, 0.02142826243766764, 0.021414650163479168, 0.021401193690281727, 0.021387911574434967, 0.02137484571411777, 0.02136194851694903, 0.021349219921002055, 0.021336635591406493, 0.021324230471680545, 0.021311973661197005, 0.02129985907588698, 0.021287893996026035, 0.021276090126951756, 0.02126442727492993, 0.021252987621854486, 0.021241686651039617, 0.021230536820227793, 0.0212195672856256, 0.02120874165001872, 0.021198106255274702, 0.021187627976930162, 0.02117736591424768, 0.021167265984147587, 0.021157389839127842, 0.02114766970562051, 0.02113809315731639, 0.021128684407045593, 0.02111941229318662, 0.021110303823174085, 0.021101339026313202, 0.021092506813633158, 0.021083819255547472, 0.021075291833564602, 0.021066961975042747, 0.02105875936683094, 0.021050704293665335, 0.021042795632799007, 0.021035010056930186, 0.02102738385439494, 0.021019901393403758, 0.021012563301142758, 0.021005442642047012, 0.020998476151462175, 0.020991634280248573, 0.02098493862629466, 0.020978377706161604, 0.020971948294135588, 0.020965694520915644, 0.020959575866509553, 0.020953589386665594, 0.020947721638310213, 0.02094198615381495, 0.02093636018174529, 0.020930877863366112, 0.020925543031651145, 0.020920318904244253, 0.020915211351701376, 0.020910220796247322, 0.020905355434418023, 0.020900603029724227, 0.020895975960262388, 0.020891462376671707, 0.02088706627520331, 0.020882790099173397, 0.020878638776091765, 0.02087462679665379, 0.02087075464866833, 0.020866996830841103, 0.020863371964111546, 0.020859866062791468, 0.020856466094431068, 0.020853215911480698, 0.02085009250549664, 0.02084707339154551, 0.020844164577451387, 0.020841364380881352, 0.020838678122847232, 0.02083611672033782, 0.020833691208798747, 0.02083141497984161, 0.02082923982729232, 0.02082717310816913, 0.02082521132631322, 0.02082336099173609, 0.020821626588839143, 0.02081999134371341, 0.020818591098825192, 0.020817148730663825, 0.02081580706003985, 0.020814609227967778, 0.02081352395432754, 0.02081254576463493, 0.0208117848122638, 0.020811035630214823, 0.020810471036555186, 0.02081014946977237, 0.020809798419632812, 0.02080956853900172, 0.020809473726530078, 0.02080949871147233, 0.020809802756528363, 0.02081009658040831, 0.020810596681790708]",EBM_GAM,synthetic_ordering1000,3,5,42,150
"['offset', 'x1', 'x2', 'x3', 'x4', 'x5', 'x6', 'x7', 'x8', 'x9', 'x10', 'x11', 'x12', 'x13', 'x14', 'x15', 'x16', 'x17', 'x18', 'x19', 'x20', 'x21', 'x22', 'x23', 'x24', 'x25', 'x26', 'x27', 'x28', 'x29', 'x30', 'x31', 'x32', 'x33', 'x34', 'x35', 'x36', 'x37', 'x38', 'x39', 'x40', 'x41', 'x42', 'x43', 'x44', 'x45', 'x46', 'x47', 'x48', 'x49', 'x50', 'x51', 'x52', 'x53', 'x54', 'x55', 'x56', 'x57', 'x58', 'x59', 'x60', 'x61', 'x62', 'x63', 'x64', 'x65', 'x66', 'x67', 'x68', 'x69', 'x70', 'x71', 'x72', 'x73', 'x74', 'x75', 'x76', 'x77', 'x78', 'x79', 'x80', 'x81', 'x82', 'x83', 'x84', 'x85', 'x86', 'x87', 'x88', 'x89', 'x90', 'x91', 'x92', 'x93', 'x94', 'x95', 'x96', 'x97', 'x98', 'x99', 'x100', 'x101', 'x102', 'x103', 'x104', 'x105', 'x106', 'x107', 'x108', 'x109', 'x110', 'x111', 'x112', 'x113', 'x114', 'x115', 'x116', 'x117', 'x118', 'x119', 'x120', 'x121', 'x122', 'x123', 'x124', 'x125', 'x126', 'x127', 'x128', 'x129', 'x130', 'x131', 'x132', 'x133', 'x134', 'x135', 'x136', 'x137', 'x138', 'x139', 'x140', 'x141', 'x142', 'x143', 'x144', 'x145', 'x146', 'x147', 'x148', 'x149', 'x150', 'x151', 'x152', 'x153', 'x154', 'x155', 'x156', 'x157', 'x158', 'x159', 'x160', 'x161', 'x162', 'x163', 'x164', 'x165', 'x166', 'x167', 'x168', 'x169', 'x170', 'x171', 'x172', 'x173', 'x174', 'x175', 'x176', 'x177', 'x178', 'x179', 'x180', 'x181', 'x182', 'x183', 'x184', 'x185', 'x186', 'x187', 'x188', 'x189', 'x190', 'x191', 'x192', 'x193', 'x194', 'x195', 'x196', 'x197', 'x198', 'x199', 'x200', 'x201', 'x202', 'x203', 'x204', 'x205', 'x206', 'x207', 'x208', 'x209', 'x210', 'x211', 'x212', 'x213', 'x214', 'x215', 'x216', 'x217', 'x219', 'x218', 'x220', 'x221', 'x222', 'x223', 'x224', 'x225', 'x226', 'x227', 'x228', 'x229', 'x230', 'x232', 'x231', 'x233', 'x234', 'x235', 'x236', 'x237', 'x238', 'x239', 'x240', 'x241', 'x243', 'x242', 'x244', 'x245', 'x246', 'x247', 'x248', 'x249', 'x251', 'x250', 'x253', 'x252', 'x254', 'x255', 'x256', 'x257', 'x258', 'x260', 'x259', 'x261', 'x262', 'x263', 'x264', 'x265', 'x266', 'x267', 'x269', 'x268', 'x271', 'x270', 'x273', 'x272', 'x274', 'x275', 'x276', 'x277', 'x279', 'x278', 'x280', 'x281', 'x283', 'x282', 'x284', 'x286', 'x285', 'x287', 'x288', 'x289', 'x292', 'x291', 'x290', 'x293', 'x294', 'x295', 'x296', 'x297', 'x298', 'x299', 'x301', 'x300', 'x302', 'x303', 'x305', 'x304', 'x307', 'x308', 'x306', 'x310', 'x309', 'x313', 'x311', 'x312', 'x314', 'x315', 'x317', 'x316', 'x319', 'x318', 'x321', 'x320', 'x322', 'x324', 'x323', 'x325', 'x326', 'x327', 'x329', 'x328', 'x331', 'x330', 'x332', 'x333', 'x335', 'x334', 'x336', 'x337', 'x338', 'x340', 'x339', 'x341', 'x342', 'x343', 'x345', 'x346', 'x344', 'x348', 'x347', 'x349', 'x350', 'x351', 'x352', 'x354', 'x353', 'x355', 'x356', 'x357', 'x358', 'x359', 'x360', 'x361', 'x362', 'x363', 'x365', 'x364', 'x367', 'x368', 'x366', 'x369', 'x371', 'x370', 'x372', 'x374', 'x373', 'x376', 'x375', 'x377', 'x378', 'x379', 'x380', 'x382', 'x381', 'x383', 'x384', 'x385', 'x386', 'x387', 'x388', 'x389', 'x390', 'x391', 'x392', 'x393', 'x394', 'x395', 'x396', 'x397', 'x399', 'x398', 'x401', 'x400', 'x402', 'x403', 'x405', 'x404', 'x406', 'x407', 'x410', 'x408', 'x412', 'x409', 'x411', 'x414', 'x413', 'x416', 'x415', 'x417', 'x419', 'x418', 'x420', 'x422', 'x421', 'x423', 'x426', 'x425', 'x424', 'x428', 'x429', 'x431', 'x434', 'x427', 'x430', 'x432', 'x433', 'x435', 'x437', 'x436', 'x438', 'x442', 'x439', 'x440', 'x444', 'x441', 'x443', 'x446', 'x445', 'x447', 'x449', 'x448', 'x454', 'x451', 'x450', 'x455', 'x452', 'x456', 'x457', 'x453', 'x458', 'x459', 'x460', 'x462', 'x461', 'x463', 'x464', 'x466', 'x465', 'x469', 'x468', 'x470', 'x467', 'x471', 'x472', 'x474', 'x475', 'x473', 'x478', 'x483', 'x477', 'x481', 'x485', 'x476', 'x479', 'x482', 'x480', 'x487', 'x484', 'x486', 'x492', 'x489', 'x490', 'x498', 'x496', 'x488', 'x493', 'x516', 'x491', 'x507', 'x495', 'x494', 'x510', 'x499', 'x514', 'x511', 'x512', 'x497', 'x509', 'x508', 'x518', 'x515', 'x500', 'x501', 'x505', 'x502', 'x521', 'x519', 'x503', 'x506', 'x522', 'x513', 'x523', 'x517', 'x526', 'x520', 'x504', 'x527', 'x528', 'x533', 'x524', 'x530', 'x525', 'x529', 'x531', 'x537', 'x535', 'x534', 'x536', 'x539', 'x532', 'x538', 'x542', 'x541', 'x540', 'x544', 'x543', 'x548', 'x549', 'x545', 'x547', 'x550', 'x546', 'x556', 'x563', 'x560', 'x551', 'x553', 'x552', 'x554', 'x570', 'x558', 'x565', 'x561', 'x559', 'x567', 'x557', 'x555', 'x562', 'x568', 'x566', 'x564', 'x572', 'x574', 'x571', 'x569', 'x577', 'x575', 'x584', 'x579', 'x576', 'x581', 'x595', 'x590', 'x573', 'x588', 'x589', 'x582', 'x591', 'x583', 'x594', 'x587', 'x593', 'x580', 'x597', 'x592', 'x578', 'x598', 'x585', 'x603', 'x599', 'x586', 'x596', 'x601', 'x607', 'x605', 'x602', 'x600', 'x608', 'x604', 'x610', 'x606', 'x612', 'x616', 'x614', 'x609', 'x611', 'x613', 'x615', 'x625', 'x618', 'x621', 'x623', 'x620', 'x617', 'x619', 'x622', 'x626', 'x631', 'x624', 'x627', 'x633', 'x628', 'x629', 'x630', 'x634', 'x638', 'x637', 'x635', 'x644', 'x641', 'x636', 'x632', 'x639', 'x647', 'x645', 'x642', 'x640', 'x649', 'x650', 'x643', 'x646', 'x653', 'x651', 'x652', 'x648', 'x655', 'x657', 'x654', 'x659', 'x656', 'x665', 'x658', 'x662', 'x661', 'x663', 'x671', 'x660', 'x668', 'x664', 'x666', 'x669', 'x667', 'x675', 'x674', 'x670', 'x677', 'x680', 'x683', 'x681', 'x673', 'x672', 'x686', 'x678', 'x676', 'x679', 'x682', 'x688', 'x687', 'x692', 'x684', 'x689', 'x685', 'x691', 'x693', 'x690', 'x700', 'x694', 'x695', 'x699', 'x697', 'x696', 'x701', 'x706', 'x698', 'x704', 'x709', 'x707', 'x705', 'x711', 'x703', 'x717', 'x718', 'x708', 'x713', 'x715', 'x714', 'x720', 'x702', 'x712', 'x722', 'x725', 'x723', 'x726', 'x710', 'x719', 'x724', 'x731', 'x734', 'x729', 'x728', 'x716', 'x721', 'x727', 'x732', 'x737', 'x733', 'x739', 'x730', 'x741', 'x735', 'x738', 'x748', 'x744', 'x736', 'x746', 'x742', 'x743', 'x745', 'x753', 'x740', 'x756', 'x751', 'x750', 'x747', 'x749', 'x755', 'x766', 'x761', 'x759', 'x752', 'x757', 'x754', 'x762', 'x758', 'x771', 'x768', 'x763', 'x765', 'x760', 'x773', 'x780', 'x777', 'x770', 'x775', 'x769', 'x767', 'x782', 'x764', 'x785', 'x786', 'x774', 'x778', 'x772', 'x781', 'x784', 'x792', 'x789', 'x779', 'x796', 'x788', 'x776', 'x787', 'x790', 'x793', 'x783', 'x791', 'x797', 'x794', 'x795', 'x800', 'x803', 'x802', 'x798', 'x808', 'x799', 'x801', 'x817', 'x809', 'x813', 'x807', 'x806', 'x804', 'x815', 'x811', 'x812', 'x805', 'x831', 'x820', 'x823', 'x829', 'x814', 'x810', 'x818', 'x819', 'x821', 'x825', 'x827', 'x824', 'x816', 'x834', 'x822', 'x828', 'x826', 'x833', 'x842', 'x836', 'x837', 'x838', 'x846', 'x839', 'x840', 'x835', 'x830', 'x844', 'x843', 'x832', 'x847', 'x851', 'x841', 'x849', 'x848', 'x853', 'x854', 'x845', 'x850', 'x856', 'x852', 'x864', 'x855', 'x862', 'x859', 'x857', 'x861', 'x866', 'x868', 'x858', 'x860', 'x871', 'x873', 'x865', 'x870', 'x869', 'x876', 'x874', 'x879', 'x890', 'x867', 'x872', 'x881', 'x878', 'x885', 'x863', 'x877', 'x883', 'x882', 'x894', 'x887', 'x884', 'x880', 'x899', 'x875', 'x888', 'x902', 'x896', 'x892', 'x886', 'x900', 'x897', 'x904', 'x889', 'x906', 'x909', 'x898', 'x891', 'x916', 'x893', 'x908', 'x905', 'x914', 'x918', 'x912', 'x895', 'x919', 'x907', 'x925', 'x913', 'x903', 'x929', 'x910', 'x911', 'x922', 'x901', 'x926', 'x920', 'x941', 'x936', 'x942', 'x921', 'x931', 'x923', 'x948', 'x927', 'x938', 'x934', 'x955', 'x946', 'x932', 'x933', 'x968', 'x928', 'x924', 'x915', 'x937', 'x944', 'x930', 'x939', 'x951', 'x935', 'x950', 'x917', 'x952', 'x957', 'x959', 'x945', 'x962', 'x964', 'x954', 'x958', 'x953', 'x976', 'x960', 'x971', 'x973', 'x961', 'x980', 'x967', 'x970', 'x965', 'x966', 'x943', 'x975', 'x972', 'x982', 'x988', 'x956', 'x974', 'x940', 'x979', 'x985', 'x947', 'x978', 'x991', 'x1000', 'x963', 'x981', 'x984', 'x997', 'x993', 'x986', 'x949', 'x995', 'x977', 'x987', 'x969', 'x990', 'x994', 'x998', 'x989', 'x996', 'x992', 'x983', 'x999']","[0.7001194942642042, 0.7001053331316995, 0.6938521433720869, 0.6876712973817529, 0.6815585445057214, 0.6755117396838916, 0.6695286463783756, 0.6636064812974211, 0.6577416284775963, 0.6519326207759288, 0.6461877259316154, 0.6405033799010992, 0.6348823956452203, 0.6293221736855641, 0.6238232399417134, 0.618386621124676, 0.6130153225720448, 0.6077021786604089, 0.6024535701360265, 0.5972625086078036, 0.5921255851344602, 0.5870439627238192, 0.5820144191049959, 0.5770408587660963, 0.5721127806313971, 0.5672370224125706, 0.5624122269407928, 0.5576423119547251, 0.5529195928688703, 0.5482360389742033, 0.5436036839339834, 0.5390188784808855, 0.5344869353314166, 0.5300032631223873, 0.5255683516077843, 0.5211832332287504, 0.5168500345874606, 0.5125639666735101, 0.508327106272559, 0.5041381400973507, 0.49999433812452654, 0.4958981929271072, 0.4918446302129911, 0.48783871163142445, 0.4838804295250732, 0.4799624051364776, 0.47608612808916656, 0.47225092679794983, 0.46845248318253946, 0.4646985498610056, 0.4609838397174549, 0.45730993912465634, 0.4536687209303481, 0.45007387719478176, 0.44651382299288606, 0.44299385390883367, 0.43951029586526275, 0.43606494947110686, 0.43265685283103206, 0.42928099019231913, 0.42593980411537363, 0.42263559960607017, 0.41936637713936553, 0.4161302229432297, 0.4129335538114267, 0.4097656377562782, 0.4066363830563655, 0.4035413798823302, 0.4004741923496091, 0.39744166480262205, 0.3944456848494628, 0.39148037992657797, 0.38854459247524714, 0.385644852962706, 0.38277230828396547, 0.379932326000218, 0.3771202436043851, 0.3743401381019192, 0.3715885000426548, 0.36886597698871976, 0.36617118939746285, 0.3635052376060756, 0.3608696156495476, 0.35825921276787687, 0.35567591033867213, 0.3531192366448281, 0.3505897136381189, 0.34808370808893846, 0.3456100062646341, 0.34315401707155013, 0.34072545401267484, 0.3383230747177788, 0.3359459932703329, 0.3335966810617085, 0.33126705389367606, 0.3289663589358451, 0.3266912934311025, 0.3244372238151691, 0.3222075862339139, 0.32000461244326794, 0.3178224265264967, 0.3156644003207807, 0.313530713588077, 0.31141483314779866, 0.30932547129501964, 0.3072561715738072, 0.3052097638743841, 0.30318240777676275, 0.3011783445490176, 0.29919125425133325, 0.29722555522109706, 0.2952793425523273, 0.2933541395332705, 0.2914470296219982, 0.28955450078785167, 0.2876873989520471, 0.28583602808133296, 0.28399968548336363, 0.2821854824047999, 0.2803885472253221, 0.278611410270787, 0.2768497452151572, 0.27510442184979084, 0.2733785684905244, 0.27166968628886407, 0.26997578058698785, 0.26830146123147025, 0.2666433897113141, 0.2649979481340942, 0.2633707811195493, 0.2617570866069143, 0.2601590237622618, 0.25857536175739215, 0.2570072754972719, 0.2554572339168137, 0.2539212980887544, 0.252398453997843, 0.2508880956111269, 0.24939009550999186, 0.24790551765554314, 0.24643510925483042, 0.24497743219000134, 0.24353266746995206, 0.2420999209525465, 0.24067839984132822, 0.23926838284939952, 0.23786849872432717, 0.2364808570241796, 0.23510346314593614, 0.2337369148002349, 0.23238135995332773, 0.23103501061158827, 0.22970081846932675, 0.22837607916720498, 0.2270609843041385, 0.22575735836543245, 0.2244642848179589, 0.22317985745829994, 0.22190912106683672, 0.2206429438017655, 0.21939499322057582, 0.21815120987362763, 0.2169213240399985, 0.21569918230137733, 0.21448863941586235, 0.21328624565407303, 0.2120972176747617, 0.21091347400847582, 0.20974236995009787, 0.20858108206876927, 0.20742842571720915, 0.20628544270427293, 0.20515209955282207, 0.20402519213640213, 0.20290722688848645, 0.20179904409526234, 0.20069852971178573, 0.19960817113439572, 0.19852527071506057, 0.19744976038415313, 0.19638356784351188, 0.19532523741614977, 0.19427844559544205, 0.19323695877249994, 0.19220268853350547, 0.1911758730601552, 0.19015547036475572, 0.18914275811835848, 0.1881412943507872, 0.18714511264676223, 0.18615797530829076, 0.18517994161640416, 0.18420491450399112, 0.18323785752114102, 0.1822826001906757, 0.18132920703067743, 0.18038668398873028, 0.1794494955999931, 0.1785194135986752, 0.17759549983748474, 0.17667913622169917, 0.1757686087331543, 0.1748663396930993, 0.17396678618151448, 0.17307953740614546, 0.17219528598316375, 0.17132078928562625, 0.17045337052720366, 0.16959088599336292, 0.16873835378472393, 0.167889717611228, 0.16705101880839746, 0.16621471428857684, 0.16538968409048224, 0.16456942003877276, 0.16375495946536583, 0.16294751646401903, 0.16214800489090408, 0.16135205159165725, 0.1605683130089251, 0.15978611699780126, 0.15901199307738592, 0.1582415776510337, 0.15747706122883237, 0.15671613957840816, 0.155961659716443, 0.15521453446583997, 0.15447179822847962, 0.15373278115475286, 0.1530012151102315, 0.15227476451891706, 0.15155360289709843, 0.15083740553285913, 0.15012534462285893, 0.1494201753899567, 0.1487199987068423, 0.14802225456970994, 0.14732786894850436, 0.14664059399851204, 0.14596030236210003, 0.1452828208440405, 0.14460828939265458, 0.1439416956182958, 0.14327650682433113, 0.14261533123534137, 0.1419631332059015, 0.14131413603942222, 0.1406675253957878, 0.1400260332181672, 0.13938863803238097, 0.13875503477343396, 0.13812651236636503, 0.13749979171379428, 0.1368801708927238, 0.13626295684126707, 0.13565145723190022, 0.1350447151422558, 0.13444114220624612, 0.13384068301464108, 0.1332466297244963, 0.1326560509067608, 0.13206735001131095, 0.13148886275777877, 0.13091358019705315, 0.13033957212688327, 0.12977027455708906, 0.12920584711200603, 0.12864453898070757, 0.12808680427284186, 0.1275342345715862, 0.12698409227446442, 0.12644126056467, 0.12590043559334957, 0.12536609626105877, 0.1248328176478592, 0.124303160726475, 0.12377885517907197, 0.12325605955455766, 0.12273537246582879, 0.12221953678420808, 0.12170939710525609, 0.12120158788413166, 0.12069579762931992, 0.12019639912492487, 0.11970054617546629, 0.11920881143657941, 0.1187202598225287, 0.11823272822308498, 0.11775073766279644, 0.11727125374285684, 0.11679320384223034, 0.11632235819241481, 0.11585293037671339, 0.11538481608453506, 0.11491852261056248, 0.11445646876687977, 0.11400077884616454, 0.11354696611765785, 0.11309468487523665, 0.11264476453593902, 0.1121976076709104, 0.11175463194223333, 0.11131473020183698, 0.11087978542586009, 0.11044682598666879, 0.11001599741686785, 0.1095880857490373, 0.1091639438727624, 0.10874064902999137, 0.10831809603295094, 0.10789976883782998, 0.10748468378591217, 0.10707179640363187, 0.10666054279942652, 0.10625011613001481, 0.10584350061393202, 0.10543842783275446, 0.10503687489235074, 0.10463593503113995, 0.10423940855062247, 0.10384358003548706, 0.10345003331801075, 0.1030583326443748, 0.10266888678944293, 0.10228294105545677, 0.10189799239036547, 0.10151471116503569, 0.10113305798912134, 0.10075336344191599, 0.10037473810573053, 0.09999884191678032, 0.09962546978644461, 0.09925263813645432, 0.09888165989828353, 0.09851211838066914, 0.0981449221760522, 0.09777939813661164, 0.09741689451164591, 0.0970552001374959, 0.09669553732098012, 0.09633687606446195, 0.09597953179137741, 0.09562611302761256, 0.09527377395584301, 0.09492286739699016, 0.09457346159497579, 0.09422525550991137, 0.09387764781480079, 0.09353051454636652, 0.09318384433545564, 0.09283780873130941, 0.09249435767928359, 0.0921514879354129, 0.09181153523321063, 0.09147238821470972, 0.09113463114392324, 0.09079872164964763, 0.09046506200115274, 0.09013198275728256, 0.08979996737367163, 0.08947078537748734, 0.08914223645340386, 0.08881446735530929, 0.08848921590441002, 0.08816520895985588, 0.08784304710279874, 0.08752133962946533, 0.08720076714577842, 0.08688147501331082, 0.08656277399898683, 0.08624587825300112, 0.08593073587595108, 0.08561762770522834, 0.08530623521723135, 0.08499614596358375, 0.08468715818378919, 0.08438130293372773, 0.08407689830814961, 0.08377318312076559, 0.08347048464710319, 0.0831695974568688, 0.08286919724330082, 0.0825721023195451, 0.0822771784031045, 0.08198422542734463, 0.08169261232779333, 0.08140199092512687, 0.08111405049023454, 0.08082708921864126, 0.0805413058634868, 0.08025747071125577, 0.07997418592057438, 0.07969363392369407, 0.07941650864608452, 0.07914073334317959, 0.07886574720277675, 0.07859267780857514, 0.07832086597906493, 0.07805001111008211, 0.07778087249656607, 0.07751366900925248, 0.07724927846801646, 0.07698565930484146, 0.07672325587912258, 0.07646273784476668, 0.07620416234012609, 0.07594641818694428, 0.07569078945444517, 0.075436857574096, 0.07518337727911342, 0.0749308024904572, 0.07467973170451592, 0.07442973497296035, 0.07418053491052487, 0.07393178367304869, 0.07368565424338251, 0.07344050028993214, 0.07319802173272866, 0.0729570399777338, 0.07271786201175089, 0.07247923090547029, 0.0722413822530213, 0.07200461051594859, 0.07177001359669327, 0.07153680547799755, 0.07130492423709653, 0.07107398438001401, 0.07084468736334652, 0.07061615321966452, 0.07038913174333111, 0.07016274375077718, 0.06993680109311991, 0.06971167054413654, 0.06948724364462458, 0.06926326151192018, 0.06904050458390121, 0.06881902622589092, 0.06859803527890337, 0.06837854930327211, 0.06815950670260061, 0.06794094320715548, 0.06772422256067374, 0.06750811603565217, 0.0672925233299875, 0.06707784882580678, 0.06686518271412492, 0.06665300051723198, 0.06644198719741162, 0.06623193750561165, 0.06602242845340163, 0.06581334150271324, 0.06560528563411232, 0.06539792363688142, 0.06519157305528635, 0.0649865055998145, 0.06478210317044616, 0.06457829834370545, 0.06437482468671883, 0.06417177044379371, 0.06396911923785022, 0.06376739970566656, 0.06356693158079303, 0.06336698767185926, 0.06316752616940287, 0.062970161626654, 0.06277360140148874, 0.06257776581834676, 0.06238259343199157, 0.06218963178020411, 0.06199725743611967, 0.061805484625614936, 0.06161475869629148, 0.0614248953282929, 0.06123537977961007, 0.061046819516961594, 0.060859230042728675, 0.06067214360603236, 0.060486805412810055, 0.06030177850960558, 0.06011717529124914, 0.059933459808040795, 0.05975069628843483, 0.05956836781046782, 0.05938693031651947, 0.05920609638668429, 0.05902565710769332, 0.058845610157205915, 0.058666856718807045, 0.05848886544059177, 0.05831170092834767, 0.058135452474000135, 0.057959772383030496, 0.05778451606253423, 0.05760991555626949, 0.057436065768297316, 0.05726261003437013, 0.057089934668999816, 0.056917579115173006, 0.05674558659267408, 0.05657407058602398, 0.05640299266317779, 0.056232180290865665, 0.05606188353476555, 0.0558922475193013, 0.05572289816699972, 0.05555377992934588, 0.05538525848729894, 0.055217084768475234, 0.05504932042206406, 0.05488183937172588, 0.054714600402260546, 0.05454760855738284, 0.054380965482050105, 0.054214779566782084, 0.054049028344071826, 0.05388375272777545, 0.05371874685138997, 0.053554277969603235, 0.05339012136569184, 0.05322620776885585, 0.053062634131170544, 0.05290007905213262, 0.052737850205827476, 0.052576219651393585, 0.05241483476689037, 0.052253784328469756, 0.05209339796762682, 0.05193338939866344, 0.05177403616683686, 0.051614913939011284, 0.05145609252014181, 0.0512976022422358, 0.051139468773582615, 0.05098219067950639, 0.05082633679138369, 0.050670830164591334, 0.050516088687977134, 0.050361709973514225, 0.05020769131242524, 0.05005434681304507, 0.04990145897954946, 0.04974967481340809, 0.04959822280785911, 0.049447067274274024, 0.04929655157777297, 0.04914656212658466, 0.04899706998743873, 0.04884823719403996, 0.04869966300240127, 0.04855138533868783, 0.0484036743913508, 0.048256468520010004, 0.04810950307895599, 0.047962800526692564, 0.047816290967053955, 0.04767001728149929, 0.04752427406756425, 0.04737919959983126, 0.04723486792244337, 0.047090847286836136, 0.04694715756315402, 0.04680399111093794, 0.04666101750537748, 0.04651824558286098, 0.046375952824974406, 0.046233954052155905, 0.04609221653149744, 0.04595077853350191, 0.04580952613274613, 0.04566875851948781, 0.04552849785016791, 0.045388663620019046, 0.04524904645700933, 0.04511007030878105, 0.04497160942529836, 0.04483333281857625, 0.0446956328714201, 0.04455824310410552, 0.04442120267206083, 0.04428479482997505, 0.04414865001044668, 0.044012846228941534, 0.04387719876740518, 0.04374172407195608, 0.04360645509394926, 0.04347153283826109, 0.04333737415150597, 0.04320364490872963, 0.04307058207227063, 0.04293788996245784, 0.04280548378857915, 0.04267342155787289, 0.04254156712622397, 0.04240996189911716, 0.04227861369281125, 0.04214754894375395, 0.04201677978406849, 0.041886272441161596, 0.041756381285895344, 0.04162677112569052, 0.04149736376857789, 0.041368138810701754, 0.041240534643254174, 0.04111316003948115, 0.040986256810258914, 0.04085952909120165, 0.040732957417106974, 0.040606706373244476, 0.040480748875933975, 0.04035593806198917, 0.04023139713894522, 0.04010714773723835, 0.0399835568140721, 0.03986011623895064, 0.039737076520784155, 0.0396146179712228, 0.03949319092354909, 0.039371934980701136, 0.03925127450044473, 0.03913093411314162, 0.03901083624895745, 0.03889095113900423, 0.03877187744931236, 0.0386535733448264, 0.038535536857077696, 0.038417774769175565, 0.03830100832670634, 0.03818469980856667, 0.03806869073519417, 0.03795289717283083, 0.03783757341280235, 0.03772296847791056, 0.03760874370262553, 0.03749467701083522, 0.03738144833057549, 0.03726841827082557, 0.037156218546259695, 0.03704431209593234, 0.03693258179251072, 0.03682102287831325, 0.03671016075271991, 0.03659997256744641, 0.03649008478179195, 0.03638078854278732, 0.03627211694586165, 0.036163845634055114, 0.03605648538268407, 0.035949419129722326, 0.03584252879534475, 0.03573581204179464, 0.03562950451332217, 0.03552376715810319, 0.035418397583232474, 0.03531347098886784, 0.035208871684424575, 0.035104647927101995, 0.035001737214844855, 0.03489902629873606, 0.03479652243351567, 0.034694611168072334, 0.034592976617596964, 0.03449196677723905, 0.03439112598410209, 0.03429070595003171, 0.03419095354635158, 0.034091426381534284, 0.03399226294428251, 0.03389370908040615, 0.0337958109515244, 0.03369827593103511, 0.03360116538678371, 0.03350430036480805, 0.03340805262029992, 0.03331256108647839, 0.03321742584740869, 0.03312260556443969, 0.03302808418908361, 0.03293373106083502, 0.0328397529433719, 0.03274633444147409, 0.032653414340100294, 0.03256093757711152, 0.03246936155418325, 0.032378296351972445, 0.03228741862361862, 0.03219732483491505, 0.03210781340357764, 0.032018634560863395, 0.03192993334925442, 0.03184149664646656, 0.03175340159392123, 0.03166594826918262, 0.03157876551838022, 0.031491874109691176, 0.031405271061271375, 0.0313189163429918, 0.031233010904689388, 0.03114727885968632, 0.03106237662796189, 0.03097781634564711, 0.03089350289110561, 0.03081003271425301, 0.030726923545652592, 0.03064420569693186, 0.030561928187187774, 0.030479863843775382, 0.030398280548496328, 0.03031693966047921, 0.030235812681570384, 0.030154878370259864, 0.030074192992406126, 0.02999409751227938, 0.0299143872618069, 0.0298349346480177, 0.029755745201338626, 0.029676746027769464, 0.0295979528970023, 0.029519419618814283, 0.029441250136672863, 0.029363694932026695, 0.029286488343735578, 0.029209460602947254, 0.029132732668263828, 0.029056284620126608, 0.02898007608123422, 0.02890426864942461, 0.028828676980515756, 0.028753387048513532, 0.028678344794186083, 0.028603602317605968, 0.028529061941268488, 0.028454719948869042, 0.028380756806099167, 0.02830728694003168, 0.028234105044092496, 0.028161733053117435, 0.028089721302162637, 0.028018161385976976, 0.02794684615164629, 0.027875930431922217, 0.027805296344715062, 0.027735743238444084, 0.02766649378115572, 0.027597606925233116, 0.02752894745940048, 0.02746061198980262, 0.027392496216006406, 0.027325292297629762, 0.027258321675351478, 0.027191794897529462, 0.02712600080246206, 0.027060579759759555, 0.026995438431108434, 0.02693062574983338, 0.026866162352095335, 0.026801984567048038, 0.026738108292672407, 0.026674682369283102, 0.02661195852567285, 0.026549429008599617, 0.026487274831459132, 0.026425433569560966, 0.026364000960983226, 0.026302801107983397, 0.026241813453601354, 0.026181045829594594, 0.0261207138305445, 0.026060563246440533, 0.026000633843732624, 0.025941355824003996, 0.025882678854612286, 0.02582417574685995, 0.025765994866862, 0.025708098334062037, 0.025650520506980436, 0.02559341593988983, 0.02553656066301814, 0.025479896788778947, 0.025423629120530616, 0.025367997756221273, 0.025312685169706854, 0.025257599033362384, 0.025202798221732138, 0.02514890658537187, 0.025095195222790332, 0.025041783956494933, 0.024988642456864146, 0.02493578707560684, 0.02488318433550652, 0.024830770817874954, 0.024778563050647455, 0.02472658500713542, 0.024674896362970423, 0.02462358163397047, 0.024572578605293775, 0.024521952650262673, 0.02447163897619142, 0.024421510397415087, 0.024371583399032972, 0.024321863730282212, 0.02427237243230746, 0.024223125814055155, 0.024174565914279397, 0.024126285972992035, 0.024078213336140998, 0.024030667840911953, 0.023983301910905613, 0.02393612117272812, 0.02388912738011492, 0.023842404321436743, 0.023796014032356632, 0.02374985995783228, 0.023704061187830024, 0.023658584371238123, 0.023613312409342703, 0.023568449035814575, 0.023523946124129228, 0.023479733923935032, 0.02343602300225889, 0.023392644987061624, 0.023349443648804966, 0.02330645171135885, 0.023263700708825955, 0.023221293056743465, 0.02317939751980833, 0.023137685675946106, 0.023096190815639978, 0.023054940963716276, 0.023013885205551324, 0.022973224918613783, 0.02293283393569244, 0.022892665367201363, 0.02285271320363214, 0.022813165064824045, 0.022773931726814817, 0.022734925101657835, 0.022696098569165088, 0.0226579689899529, 0.022620073576470518, 0.022582371553781833, 0.022544856848085437, 0.022507554758908192, 0.022470734333644042, 0.02243424445814939, 0.022397983740473006, 0.02236191829163789, 0.022326439924375295, 0.0222911598184496, 0.022256186867962394, 0.022221504151764247, 0.02218708450954505, 0.02215287332942952, 0.022118887423068997, 0.022085115975172483, 0.022051535795533202, 0.022018150741069945, 0.021984940995176422, 0.021951942312472994, 0.021919231791434422, 0.021886717521100153, 0.02185443776774312, 0.02182248237447716, 0.021790721136349733, 0.021759179818679128, 0.021728073744844888, 0.021697204237366298, 0.021666762212111508, 0.021636812018058196, 0.021607219323415597, 0.02157788533323474, 0.021548775343789787, 0.021519844623141472, 0.02149121243385982, 0.021462833611093003, 0.021434695955834217, 0.02140684185964772, 0.021379249374654304, 0.021351969106858087, 0.021324882815195106, 0.021298104227290858, 0.02127153812702344, 0.021245241220130575, 0.021219109469653646, 0.021193385020226857, 0.021167868486497658, 0.02114260630086889, 0.021117501611730205, 0.021092554759299185, 0.02106779776338722, 0.02104319629824971, 0.0210188062518281, 0.02099461832819672, 0.020970589409103853, 0.020946962624051834, 0.02092368422761369, 0.020900812198744054, 0.020878095935406765, 0.020855563991867748, 0.020833225003794566, 0.020811086226424896, 0.020789194909794854, 0.02076745952047647, 0.020745925011773247, 0.020724575691741645, 0.020703519980390987, 0.02068265584946848, 0.020662079980921046, 0.02064168091257411, 0.020621432817982614, 0.02060134533690983, 0.020581508481216194, 0.020561847816745183, 0.020542403049093636, 0.020523119303374936, 0.02050405912013648, 0.02048520057789426, 0.020466515132448043, 0.020447996018396992, 0.02042963405028657, 0.02041146878422714, 0.020393462538105075, 0.020375745472246413, 0.02035823004242417, 0.02034087721061031, 0.02032365974944804, 0.0203066259577223, 0.02028974824861017, 0.02027300777820363, 0.020256526505045357, 0.020240182258783795, 0.020224069072568376, 0.02020811143951119, 0.02019235770614269, 0.02017684107342857, 0.020161460967068164, 0.020146225551563944, 0.02013113667627326, 0.02011624428608045, 0.020101538713891438, 0.020087004762274558, 0.020072621705400112, 0.020058393039395116, 0.020044319061257133, 0.020030413489452756, 0.020016650947826203, 0.02000309807614031, 0.01998973509024795, 0.01997651845841676, 0.019963432342065185, 0.019950505029632498, 0.01993781426579244, 0.019925438516052024, 0.01991324409225177, 0.01990118749155607, 0.01988926370547478, 0.019877480109368826, 0.019865836783666716, 0.01985434125014518, 0.01984298377840147, 0.019831766144596724, 0.01982069527559752, 0.019809826761360328, 0.019799154590562043, 0.01978861536073727, 0.019778194121820757, 0.019767920656243908, 0.019757772446179284, 0.01974777370405578, 0.01973791553470128, 0.019728192868153478, 0.019718645539243292, 0.019709243594044638, 0.019699986365649083, 0.01969086878173591, 0.019681887588778285, 0.01967303184364537, 0.01966432654078141, 0.019655768431954147, 0.019647322289679962, 0.01963902250117301, 0.019630855211284822, 0.0196228029893862, 0.01961594913760406, 0.019608184995430464, 0.019600548975443475, 0.019593031032827807, 0.019585659031114772, 0.019578424479421663, 0.019571310794110116, 0.01956434809400337, 0.019557563453711596, 0.019550938086957678, 0.019544540006038207, 0.01953826241129198, 0.019532125551264105, 0.019526107003432294, 0.019520227125547646, 0.019514474751448692, 0.01950899667471752, 0.01950373930487519, 0.019498669046154743]",EBM_GAM,synthetic_ordering1000,4,5,42,150
"['offset', 'x1', 'x5', 'x3', 'x9', 'x8', 'x7', 'x4', 'x10', 'x2', 'x6']","[0.7023820540789875, 0.6321002262842683, 0.5616914724659875, 0.49136973490286434, 0.421078973094189, 0.3508210904770033, 0.2806476909107131, 0.21059130445680427, 0.14080136079254854, 0.07209137971799764, 0.021252973062964774]",EGB_XGB_GAM_CYCLIC_REVERSE_CYCLIC_REVERSE,synthetic_ordering10,0,5,42,150
"['offset', 'x9', 'x8', 'x1', 'x2', 'x4', 'x3', 'x10', 'x7', 'x5', 'x6']","[0.6993877926414315, 0.6296442048050656, 0.5597991512293019, 0.4899806667706083, 0.4202016092435895, 0.35046562664954867, 0.280831241122437, 0.21134076867255594, 0.1421575591566806, 0.07413834553317321, 0.022468064030335074]",EGB_XGB_GAM_CYCLIC_REVERSE_CYCLIC_REVERSE,synthetic_ordering10,1,5,42,150
"['offset', 'x8', 'x4', 'x10', 'x2', 'x9', 'x7', 'x3', 'x5', 'x6', 'x1']","[0.7132502859334683, 0.641857734937898, 0.5704391072585521, 0.4990410459020566, 0.4277027882743965, 0.3563829359660876, 0.2851313613926521, 0.2140593851516776, 0.14320290345963144, 0.07337903997070216, 0.021110119427599574]",EGB_XGB_GAM_CYCLIC_REVERSE_CYCLIC_REVERSE,synthetic_ordering10,2,5,42,150
"['offset', 'x4', 'x3', 'x8', 'x10', 'x2', 'x1', 'x7', 'x6', 'x9', 'x5']","[0.7174612742975268, 0.6459493050127914, 0.5744066170282323, 0.50287953403759, 0.4313876239345958, 0.36000839576279825, 0.2886228893773651, 0.21734317215386262, 0.14631420736914885, 0.07622179370125999, 0.020950840332796483]",EGB_XGB_GAM_CYCLIC_REVERSE_CYCLIC_REVERSE,synthetic_ordering10,3,5,42,150
"['offset', 'x1', 'x8', 'x2', 'x7', 'x3', 'x5', 'x4', 'x10', 'x9', 'x6']","[0.7001086674469982, 0.6301017314413678, 0.5599633246135454, 0.489909324566738, 0.4198918115223981, 0.34993350704415804, 0.2800295496237518, 0.21021802960945832, 0.14063095362435762, 0.07194921613617578, 0.019528496065512962]",EGB_XGB_GAM_CYCLIC_REVERSE_CYCLIC_REVERSE,synthetic_ordering10,4,5,42,150
"['offset', 'x21', 'x90', 'x80', 'x60', 'x10', 'x31', 'x39', 'x91', 'x41', 'x71', 'x22', 'x5', 'x61', 'x11', 'x88', 'x55', 'x81', 'x4', 'x40', 'x97', 'x13', 'x17', 'x3', 'x6', 'x30', 'x64', 'x32', 'x47', 'x53', 'x28', 'x48', 'x84', 'x51', 'x20', 'x94', 'x85', 'x76', 'x89', 'x9', 'x35', 'x23', 'x87', 'x73', 'x2', 'x45', 'x19', 'x86', 'x24', 'x26', 'x93', 'x78', 'x70', 'x69', 'x25', 'x59', 'x79', 'x15', 'x74', 'x83', 'x16', 'x68', 'x38', 'x82', 'x52', 'x27', 'x65', 'x36', 'x12', 'x98', 'x46', 'x49', 'x43', 'x62', 'x8', 'x57', 'x67', 'x29', 'x56', 'x95', 'x63', 'x96', 'x37', 'x44', 'x50', 'x7', 'x77', 'x66', 'x14', 'x18', 'x58', 'x54', 'x75', 'x72', 'x42', 'x33', 'x34', 'x92', 'x99', 'x1', 'x100']","[0.7023820540789875, 0.695630928078647, 0.6885200835245621, 0.6814325126073734, 0.6743489615032512, 0.667265696589276, 0.6601824937619977, 0.6531040371038548, 0.6460261138963788, 0.6389484426790715, 0.6318732895429747, 0.624799894013424, 0.6177281554104186, 0.6106600944294579, 0.6035942314572746, 0.5965314635810296, 0.5894692678390491, 0.582408357295705, 0.5753500880094702, 0.5682944648325595, 0.5612395693723407, 0.554185458784127, 0.5471335753080009, 0.5400824827579019, 0.5330335363863691, 0.5259848353295624, 0.5189373090483053, 0.511890226528097, 0.5048433667201526, 0.49779819406319226, 0.49075390556375315, 0.4837106918002885, 0.476667816447166, 0.46962655780830953, 0.4625865697882517, 0.45554702884338794, 0.44850802808992657, 0.4414696440730536, 0.43443159730353265, 0.427393820020502, 0.4203576205835506, 0.4133218566724512, 0.40628734511607484, 0.3992555812696726, 0.39222469445328223, 0.38519512530957756, 0.37816667021210754, 0.37113880156874807, 0.36411182218888055, 0.3570856685418458, 0.350060903264396, 0.3430369222325837, 0.3360135675309069, 0.3289909802339385, 0.3219692560530606, 0.31494832015314794, 0.30792813456276047, 0.30090925512462185, 0.2938927054290579, 0.28687807205763904, 0.27986510201705717, 0.27285462702921875, 0.26584539603392265, 0.25883947738915275, 0.2518360495679543, 0.24483420615618637, 0.23783388969437186, 0.2308358100486434, 0.22384057505946647, 0.21684753509011417, 0.20985701079014002, 0.2028690337871187, 0.19588380668644795, 0.1889018455015071, 0.18192333560142096, 0.17494886612129823, 0.16798058182300818, 0.16101754283590589, 0.15406017868245023, 0.1471090668206176, 0.14016610048005151, 0.13323087464080924, 0.12630634831890028, 0.11939336352098402, 0.11249312614851603, 0.10560825842289275, 0.0987423406592473, 0.09189982221192543, 0.08508905911580311, 0.07831703634454723, 0.07159340428400905, 0.06493019192265194, 0.05835004891845397, 0.0518822570574022, 0.04557452922978474, 0.03950634639268232, 0.033806585110512585, 0.02868923404823325, 0.024529477395025936, 0.0219018294470172, 0.02125297306296474]",EGB_XGB_GAM_CYCLIC_REVERSE_CYCLIC_REVERSE,synthetic_ordering100,0,5,42,150
"['offset', 'x31', 'x11', 'x50', 'x70', 'x49', 'x90', 'x48', 'x71', 'x22', 'x60', 'x69', 'x41', 'x30', 'x33', 'x65', 'x9', 'x28', 'x21', 'x81', 'x34', 'x42', 'x73', 'x61', 'x84', 'x14', 'x46', 'x91', 'x10', 'x32', 'x20', 'x55', 'x51', 'x80', 'x98', 'x17', 'x38', 'x29', 'x97', 'x72', 'x23', 'x7', 'x76', 'x59', 'x52', 'x95', 'x18', 'x99', 'x45', 'x58', 'x88', 'x44', 'x77', 'x35', 'x24', 'x47', 'x6', 'x74', 'x12', 'x27', 'x57', 'x3', 'x79', 'x2', 'x56', 'x26', 'x40', 'x93', 'x89', 'x54', 'x43', 'x16', 'x82', 'x53', 'x83', 'x87', 'x92', 'x66', 'x78', 'x68', 'x8', 'x4', 'x19', 'x75', 'x64', 'x85', 'x94', 'x15', 'x13', 'x62', 'x39', 'x67', 'x5', 'x37', 'x96', 'x36', 'x86', 'x63', 'x25', 'x1', 'x100']","[0.6993877926414315, 0.6927222056945348, 0.6856835632059792, 0.6786457078004136, 0.6716091598748601, 0.6645760481199291, 0.6575462867601342, 0.6505171883450207, 0.6434919936932992, 0.6364714148158288, 0.6294548390033556, 0.6224388110748537, 0.6154268690148267, 0.6084154633153923, 0.6014062864979045, 0.5943983330986721, 0.5873906281201259, 0.5803897540013314, 0.5733890858768159, 0.5663898421817503, 0.5593918894454707, 0.5523942732637646, 0.5453985175854085, 0.5384035780204159, 0.5314088712972201, 0.5244143417360287, 0.5174199714514754, 0.5104271767170628, 0.5034350209646773, 0.49644347621465945, 0.48945216818446574, 0.4824612981168914, 0.47547147258855915, 0.4684833855637539, 0.46149555593010017, 0.4545090441233478, 0.4475228345076537, 0.44053980585791613, 0.43355787789416383, 0.42657700382626035, 0.41959669380190245, 0.41261692074524225, 0.40563845996448844, 0.39866038776219814, 0.3916835968746116, 0.38470755486970115, 0.37773224198003563, 0.3707579115088889, 0.3637865151211425, 0.35681577044857055, 0.34984632128917575, 0.342877921702547, 0.3359105551228145, 0.32894358364197596, 0.32197846413605086, 0.3150142364182326, 0.3080511247899433, 0.30108898209823154, 0.2941279859079102, 0.28716818202387673, 0.28020963441221136, 0.27325243678624345, 0.2662967324300069, 0.2593442439143549, 0.2523934076632748, 0.2454442806211916, 0.23849749642600832, 0.23155276670525882, 0.22461024923753586, 0.21766993165719004, 0.21073219647803476, 0.20379989094454926, 0.19687099885741358, 0.18994604910877652, 0.1830251490766577, 0.17610859460516065, 0.16919797175606582, 0.16229368621951035, 0.1553950443457289, 0.14850303864427936, 0.14161866619190422, 0.13474354187439003, 0.12787812965956763, 0.12102464603520152, 0.1141879548101834, 0.10736935495730163, 0.10057149825123757, 0.09379811821917951, 0.08705620499050275, 0.08035263015724076, 0.07369794020661238, 0.06710568194946676, 0.06059548499581454, 0.054199553188865365, 0.04795826001500604, 0.041941242595147726, 0.03625855828126933, 0.031097633204973156, 0.026761881584883553, 0.023708994683710405, 0.02246806403033507]",EGB_XGB_GAM_CYCLIC_REVERSE_CYCLIC_REVERSE,synthetic_ordering100,1,5,42,150
"['offset', 'x10', 'x80', 'x99', 'x51', 'x94', 'x90', 'x86', 'x77', 'x72', 'x20', 'x41', 'x59', 'x11', 'x46', 'x53', 'x21', 'x73', 'x14', 'x50', 'x82', 'x75', 'x25', 'x74', 'x58', 'x81', 'x96', 'x91', 'x70', 'x89', 'x98', 'x22', 'x4', 'x60', 'x30', 'x42', 'x62', 'x88', 'x48', 'x8', 'x17', 'x18', 'x34', 'x27', 'x95', 'x93', 'x7', 'x24', 'x3', 'x5', 'x38', 'x13', 'x67', 'x40', 'x84', 'x57', 'x6', 'x39', 'x47', 'x61', 'x97', 'x19', 'x31', 'x15', 'x54', 'x2', 'x12', 'x45', 'x29', 'x68', 'x23', 'x92', 'x63', 'x71', 'x16', 'x85', 'x28', 'x55', 'x49', 'x9', 'x79', 'x43', 'x78', 'x52', 'x87', 'x33', 'x56', 'x69', 'x64', 'x76', 'x35', 'x36', 'x66', 'x83', 'x26', 'x32', 'x37', 'x44', 'x65', 'x100', 'x1']","[0.7132502859334683, 0.7063795137124006, 0.6991837929376853, 0.6919916690966337, 0.6848044197418484, 0.6776183492231226, 0.6704336242480773, 0.6632490164847175, 0.6560654276925263, 0.6488885227538391, 0.6417125555110551, 0.6345369850182903, 0.6273638889778025, 0.6201916951998458, 0.6130205409373629, 0.6058497374418464, 0.5986808848567368, 0.5915125113476193, 0.5843453692022028, 0.5771789913558811, 0.5700127956009958, 0.5628469988889595, 0.5556812601630344, 0.5485170781333557, 0.5413534140159451, 0.534190412080632, 0.5270275780563277, 0.5198664711689451, 0.5127092255403369, 0.5055523609296443, 0.4983971691776992, 0.49124323766488526, 0.4840899097273551, 0.4769385301611901, 0.46978919837569244, 0.46264030760191877, 0.45549202827098556, 0.44834462436297284, 0.44119764262609307, 0.43405262828052177, 0.42690792750302314, 0.4197636421904183, 0.41262146667861976, 0.4054798580989465, 0.39833876096223947, 0.3911996055352843, 0.3840608875868035, 0.3769241206113439, 0.3697893418774889, 0.36265562240194926, 0.3555230576701632, 0.34839087097165516, 0.3412596216550903, 0.3341290978964568, 0.32699927207682983, 0.3198701899284801, 0.31274284500937777, 0.3056189568044328, 0.29849695895017114, 0.2913767780229226, 0.2842580212382119, 0.277140280027586, 0.27002378591766985, 0.2629094633442106, 0.25579787072818594, 0.24868854773741403, 0.24158086132896586, 0.23447515116834697, 0.2273718267762386, 0.2202717717012117, 0.21317503125160775, 0.2060831208567789, 0.19899470813939824, 0.19190979429052335, 0.18482827947932592, 0.17775115028530017, 0.17067940912887195, 0.16361306943391532, 0.15655298674351809, 0.14949894334542305, 0.14245150924418967, 0.135413817269124, 0.12838831580384014, 0.12137344539749566, 0.11437195439161477, 0.10738570771126518, 0.1004195973308943, 0.09347780949202172, 0.08656666834869697, 0.07969113556430985, 0.07286223326680123, 0.0660917888655665, 0.059401680615412546, 0.052820054224496, 0.04639319524572992, 0.04019880465014262, 0.034359908456062606, 0.029087188230005796, 0.024737054658521343, 0.021880122942550456, 0.02111011942759959]",EGB_XGB_GAM_CYCLIC_REVERSE_CYCLIC_REVERSE,synthetic_ordering100,2,5,42,150
"['offset', 'x20', 'x90', 'x40', 'x21', 'x41', 'x47', 'x11', 'x31', 'x15', 'x44', 'x73', 'x91', 'x39', 'x81', 'x16', 'x65', 'x80', 'x92', 'x61', 'x50', 'x71', 'x30', 'x28', 'x32', 'x93', 'x23', 'x62', 'x29', 'x54', 'x60', 'x99', 'x97', 'x36', 'x64', 'x13', 'x74', 'x17', 'x88', 'x82', 'x38', 'x8', 'x26', 'x27', 'x6', 'x77', 'x3', 'x83', 'x25', 'x51', 'x10', 'x46', 'x84', 'x89', 'x68', 'x22', 'x98', 'x14', 'x78', 'x86', 'x2', 'x48', 'x87', 'x94', 'x42', 'x55', 'x53', 'x7', 'x59', 'x34', 'x12', 'x58', 'x76', 'x33', 'x85', 'x69', 'x24', 'x19', 'x56', 'x67', 'x18', 'x45', 'x70', 'x5', 'x4', 'x79', 'x96', 'x43', 'x75', 'x63', 'x72', 'x35', 'x37', 'x9', 'x95', 'x52', 'x66', 'x57', 'x49', 'x100', 'x1']","[0.7174612742975268, 0.7105877100163018, 0.7033499151214858, 0.6961302119290831, 0.6889344178738603, 0.6817390114871151, 0.6745450182852051, 0.6673513849170808, 0.6601603458657209, 0.6529698649843156, 0.6457809525462229, 0.6385949524248148, 0.6314103312410899, 0.62422932471628, 0.6170487186157521, 0.6098687423392827, 0.6026894867177078, 0.595510777618033, 0.5883326665284978, 0.5811558500333279, 0.5739793611957502, 0.5668034259728866, 0.5596280870674826, 0.5524534796018769, 0.5452800133878858, 0.5381068456295929, 0.5309344922202411, 0.5237624492436316, 0.5165906557124318, 0.5094215079596541, 0.5022530490825734, 0.4950864701346025, 0.48792130554508284, 0.480757168950865, 0.4735935130078563, 0.4664301879568526, 0.4592674184135606, 0.45210744222602334, 0.44494803496348007, 0.4377907006006133, 0.4306336830756894, 0.42347803363926706, 0.41632321253746285, 0.4091694701705168, 0.4020161275093442, 0.39486507632838747, 0.38771508520350495, 0.38056556045311657, 0.37341698012707847, 0.3662694386583768, 0.35912286308555075, 0.35197891576099394, 0.3448356590784076, 0.337693782834482, 0.3305531454903891, 0.32341390719018376, 0.31627543470150626, 0.3091378827456281, 0.3020015335734231, 0.29486638593576664, 0.2877322576829026, 0.28059936509525196, 0.2734675966811178, 0.26633963305469777, 0.25921282332452594, 0.2520876416559192, 0.24496404244374942, 0.23784253154736568, 0.23072293302402128, 0.2236050858610571, 0.21648975051267028, 0.2093775711070983, 0.2022695103318895, 0.1951641588830511, 0.18806194716244254, 0.18096500366619625, 0.17387235754946084, 0.16678468421839981, 0.15970169957419308, 0.1526250952444554, 0.145555025131254, 0.13849498764649035, 0.1314440388327684, 0.12440346638547235, 0.11737467278802159, 0.11036007935981502, 0.10336264838562195, 0.0963859349053138, 0.08943654016900758, 0.08251972607015831, 0.07564360607259979, 0.06882018525387357, 0.062065648804444276, 0.05540515286349266, 0.04887637276295714, 0.04254251402545589, 0.03650679524662114, 0.030941282701491966, 0.02613314513587315, 0.022575814813264386, 0.02095084033279651]",EGB_XGB_GAM_CYCLIC_REVERSE_CYCLIC_REVERSE,synthetic_ordering100,3,5,42,150
"['offset', 'x41', 'x61', 'x51', 'x90', 'x20', 'x5', 'x11', 'x40', 'x31', 'x81', 'x97', 'x18', 'x78', 'x50', 'x60', 'x33', 'x69', 'x6', 'x17', 'x70', 'x91', 'x26', 'x12', 'x54', 'x62', 'x92', 'x68', 'x71', 'x72', 'x58', 'x99', 'x19', 'x25', 'x96', 'x21', 'x38', 'x34', 'x87', 'x23', 'x82', 'x24', 'x47', 'x13', 'x86', 'x75', 'x10', 'x88', 'x65', 'x73', 'x59', 'x43', 'x67', 'x80', 'x64', 'x30', 'x16', 'x94', 'x79', 'x15', 'x4', 'x84', 'x42', 'x48', 'x9', 'x3', 'x44', 'x37', 'x98', 'x32', 'x2', 'x55', 'x85', 'x53', 'x74', 'x27', 'x93', 'x22', 'x49', 'x45', 'x95', 'x63', 'x52', 'x83', 'x89', 'x66', 'x36', 'x77', 'x8', 'x57', 'x28', 'x14', 'x29', 'x7', 'x39', 'x35', 'x46', 'x76', 'x56', 'x100', 'x1']","[0.7001086674469982, 0.693359953450648, 0.6862896215804524, 0.6792258833635492, 0.6721639247664138, 0.6651034986237068, 0.6580504707957011, 0.6510020184316196, 0.6439566951508843, 0.6369158588073696, 0.6298752118167036, 0.6228382853027407, 0.6158016949773665, 0.6087660655183491, 0.601732919269207, 0.5947007951628639, 0.5876689591582579, 0.5806395104315896, 0.573610442073933, 0.5665824519000638, 0.5595564281540757, 0.5525308704927232, 0.5455062293567932, 0.5384817222439758, 0.531458231531186, 0.5244359416223815, 0.5174173262465428, 0.5104003571752754, 0.5033840376873345, 0.4963679432440096, 0.4893528575642647, 0.4823383260782681, 0.4753242594227027, 0.46831054664689215, 0.46129848294329456, 0.45428747169879513, 0.44727684811783053, 0.4402665194454665, 0.433256608525581, 0.42624712552248895, 0.4192381432835385, 0.41223022467330944, 0.4052226770438894, 0.3982154371869417, 0.39120854162113616, 0.384203837021422, 0.3772020318227923, 0.370201856381986, 0.3632029059109941, 0.35620446611627066, 0.34920692608026693, 0.342210102276977, 0.33521414818555206, 0.32821914385931616, 0.3212247627159643, 0.31423417500349615, 0.3072443464814748, 0.3002551986544971, 0.29326708520312905, 0.2862797967768615, 0.27929338766050016, 0.2723079632458956, 0.26532522913187406, 0.2583443335399847, 0.2513654719047775, 0.24438831551985418, 0.2374125415876925, 0.23043929341138358, 0.22346821144721077, 0.21649916625544752, 0.20953230777631182, 0.20256766439948928, 0.19560563536361356, 0.1886468015850662, 0.18169207710492571, 0.17474084374012847, 0.16779321228477087, 0.16085005376461697, 0.15391394403519806, 0.14698314423683986, 0.1400586375412608, 0.13314137670475842, 0.12623303165651995, 0.1193344702941562, 0.11244777139104138, 0.10557509284100687, 0.09871878578415641, 0.0918827091973811, 0.08507056753338224, 0.07828941383761111, 0.07154802756906421, 0.06485901513788211, 0.05823683765689032, 0.05171113659606651, 0.0453246645647861, 0.039139506704111426, 0.03327455978542468, 0.027930277717009216, 0.023456306824808416, 0.020439515138523177, 0.01952849606551295]",EGB_XGB_GAM_CYCLIC_REVERSE_CYCLIC_REVERSE,synthetic_ordering100,4,5,42,150
"['offset', 'x2', 'x980', 'x5', 'x964', 'x14', 'x17', 'x21', 'x16', 'x991', 'x993', 'x20', 'x997', 'x985', 'x996', 'x988', 'x6', 'x22', 'x987', 'x984', 'x18', 'x983', 'x975', 'x973', 'x25', 'x19', 'x24', 'x990', 'x33', 'x999', 'x986', 'x11', 'x56', 'x940', 'x961', 'x963', 'x36', 'x7', 'x38', 'x945', 'x921', 'x995', 'x8', 'x943', 'x994', 'x947', 'x31', 'x3', 'x992', 'x30', 'x974', 'x4', 'x965', 'x960', 'x28', 'x10', 'x950', 'x930', 'x47', 'x978', 'x45', 'x39', 'x998', 'x68', 'x931', 'x977', 'x941', 'x32', 'x49', 'x57', 'x989', 'x117', 'x23', 'x60', 'x922', 'x53', 'x15', 'x41', 'x948', 'x925', 'x970', 'x46', 'x971', 'x80', 'x951', 'x13', 'x27', 'x967', 'x44', 'x916', 'x40', 'x82', 'x954', 'x976', 'x982', 'x955', 'x34', 'x972', 'x932', 'x926', 'x51', 'x949', 'x913', 'x63', 'x84', 'x935', 'x969', 'x9', 'x979', 'x26', 'x981', 'x29', 'x956', 'x944', 'x37', 'x12', 'x90', 'x67', 'x55', 'x920', 'x75', 'x93', 'x86', 'x35', 'x64', 'x953', 'x952', 'x934', 'x968', 'x76', 'x910', 'x71', 'x962', 'x942', 'x43', 'x904', 'x901', 'x890', 'x936', 'x69', 'x85', 'x939', 'x54', 'x98', 'x91', 'x888', 'x927', 'x111', 'x50', 'x81', 'x65', 'x103', 'x957', 'x937', 'x929', 'x894', 'x109', 'x73', 'x907', 'x909', 'x59', 'x110', 'x915', 'x923', 'x48', 'x880', 'x121', 'x912', 'x885', 'x928', 'x897', 'x900', 'x77', 'x104', 'x938', 'x924', 'x917', 'x881', 'x42', 'x70', 'x106', 'x946', 'x52', 'x887', 'x78', 'x97', 'x94', 'x108', 'x919', 'x959', 'x88', 'x906', 'x113', 'x853', 'x61', 'x908', 'x918', 'x148', 'x100', 'x119', 'x855', 'x83', 'x846', 'x102', 'x851', 'x903', 'x914', 'x905', 'x891', 'x89', 'x122', 'x130', 'x115', 'x79', 'x966', 'x66', 'x135', 'x133', 'x889', 'x123', 'x958', 'x74', 'x869', 'x860', 'x842', 'x892', 'x870', 'x126', 'x72', 'x862', 'x861', 'x101', 'x160', 'x141', 'x127', 'x151', 'x872', 'x911', 'x58', 'x843', 'x107', 'x883', 'x895', 'x848', 'x161', 'x809', 'x877', 'x858', 'x95', 'x859', 'x896', 'x879', 'x159', 'x92', 'x873', 'x139', 'x128', 'x124', 'x933', 'x87', 'x868', 'x147', 'x863', 'x155', 'x812', 'x884', 'x835', 'x137', 'x150', 'x120', 'x820', 'x138', 'x112', 'x856', 'x902', 'x898', 'x878', 'x189', 'x131', 'x874', 'x866', 'x143', 'x118', 'x841', 'x822', 'x180', 'x845', 'x847', 'x886', 'x179', 'x864', 'x840', 'x96', 'x857', 'x865', 'x162', 'x882', 'x876', 'x132', 'x169', 'x771', 'x836', 'x62', 'x805', 'x146', 'x156', 'x794', 'x114', 'x144', 'x134', 'x174', 'x188', 'x852', 'x140', 'x152', 'x810', 'x105', 'x116', 'x821', 'x838', 'x871', 'x867', 'x145', 'x790', 'x201', 'x893', 'x210', 'x854', 'x213', 'x827', 'x815', 'x166', 'x167', 'x811', 'x826', 'x184', 'x171', 'x899', 'x157', 'x802', 'x731', 'x187', 'x832', 'x839', 'x153', 'x177', 'x99', 'x804', 'x225', 'x837', 'x800', 'x875', 'x170', 'x787', 'x183', 'x801', 'x849', 'x781', 'x149', 'x193', 'x241', 'x195', 'x142', 'x125', 'x791', 'x830', 'x770', 'x833', 'x829', 'x767', 'x154', 'x228', 'x814', 'x221', 'x816', 'x823', 'x779', 'x178', 'x850', 'x828', 'x755', 'x172', 'x813', 'x239', 'x206', 'x211', 'x231', 'x760', 'x182', 'x825', 'x776', 'x168', 'x745', 'x807', 'x197', 'x191', 'x173', 'x238', 'x831', 'x202', 'x844', 'x803', 'x739', 'x205', 'x796', 'x129', 'x208', 'x200', 'x789', 'x252', 'x766', 'x207', 'x792', 'x136', 'x757', 'x799', 'x571', 'x288', 'x818', 'x761', 'x217', 'x762', 'x204', 'x785', 'x782', 'x165', 'x705', 'x186', 'x164', 'x268', 'x688', 'x806', 'x798', 'x764', 'x199', 'x728', 'x817', 'x723', 'x190', 'x824', 'x181', 'x235', 'x185', 'x203', 'x758', 'x797', 'x175', 'x780', 'x754', 'x261', 'x321', 'x176', 'x783', 'x163', 'x784', 'x224', 'x769', 'x740', 'x786', 'x742', 'x730', 'x219', 'x222', 'x747', 'x194', 'x775', 'x290', 'x319', 'x729', 'x778', 'x249', 'x196', 'x808', 'x265', 'x264', 'x246', 'x234', 'x253', 'x753', 'x278', 'x715', 'x242', 'x212', 'x226', 'x218', 'x793', 'x209', 'x229', 'x711', 'x765', 'x603', 'x257', 'x158', 'x300', 'x722', 'x678', 'x192', 'x274', 'x714', 'x260', 'x795', 'x198', 'x759', 'x772', 'x316', 'x432', 'x732', 'x251', 'x737', 'x710', 'x216', 'x267', 'x768', 'x232', 'x325', 'x700', 'x329', 'x277', 'x285', 'x259', 'x686', 'x709', 'x291', 'x287', 'x360', 'x281', 'x773', 'x310', 'x788', 'x666', 'x289', 'x834', 'x240', 'x630', 'x724', 'x660', 'x748', 'x697', 'x236', 'x359', 'x693', 'x676', 'x641', 'x721', 'x733', 'x227', 'x692', 'x302', 'x339', 'x215', 'x296', 'x610', 'x258', 'x712', 'x270', 'x262', 'x695', 'x440', 'x220', 'x636', 'x658', 'x237', 'x681', 'x777', 'x324', 'x326', 'x499', 'x671', 'x443', 'x247', 'x702', 'x819', 'x668', 'x606', 'x297', 'x774', 'x605', 'x272', 'x273', 'x431', 'x223', 'x665', 'x662', 'x691', 'x263', 'x717', 'x604', 'x727', 'x411', 'x718', 'x244', 'x703', 'x521', 'x322', 'x280', 'x591', 'x719', 'x314', 'x751', 'x613', 'x756', 'x726', 'x233', 'x439', 'x659', 'x741', 'x357', 'x271', 'x276', 'x255', 'x649', 'x674', 'x250', 'x248', 'x655', 'x736', 'x379', 'x381', 'x404', 'x679', 'x266', 'x317', 'x328', 'x619', 'x286', 'x720', 'x307', 'x648', 'x701', 'x744', 'x256', 'x704', 'x279', 'x689', 'x346', 'x750', 'x422', 'x298', 'x632', 'x673', 'x330', 'x694', 'x590', 'x644', 'x690', 'x652', 'x716', 'x413', 'x651', 'x635', 'x334', 'x293', 'x501', 'x364', 'x608', 'x305', 'x763', 'x337', 'x348', 'x561', 'x284', 'x687', 'x331', 'x675', 'x311', 'x653', 'x400', 'x461', 'x713', 'x664', 'x680', 'x752', 'x746', 'x420', 'x312', 'x476', 'x639', 'x214', 'x683', 'x332', 'x410', 'x254', 'x355', 'x623', 'x309', 'x349', 'x706', 'x401', 'x304', 'x352', 'x343', 'x625', 'x638', 'x574', 'x735', 'x698', 'x480', 'x541', 'x725', 'x320', 'x602', 'x562', 'x685', 'x640', 'x582', 'x537', 'x650', 'x406', 'x495', 'x391', 'x749', 'x707', 'x323', 'x627', 'x670', 'x358', 'x684', 'x398', 'x523', 'x738', 'x708', 'x734', 'x365', 'x354', 'x663', 'x390', 'x245', 'x269', 'x517', 'x283', 'x548', 'x611', 'x369', 'x624', 'x584', 'x313', 'x373', 'x490', 'x341', 'x393', 'x743', 'x589', 'x654', 'x503', 'x371', 'x282', 'x353', 'x275', 'x506', 'x656', 'x580', 'x409', 'x385', 'x564', 'x594', 'x372', 'x336', 'x347', 'x397', 'x489', 'x415', 'x421', 'x303', 'x375', 'x494', 'x577', 'x377', 'x558', 'x699', 'x429', 'x482', 'x615', 'x444', 'x576', 'x581', 'x382', 'x350', 'x669', 'x327', 'x667', 'x570', 'x696', 'x318', 'x335', 'x534', 'x626', 'x340', 'x463', 'x552', 'x361', 'x466', 'x598', 'x345', 'x342', 'x647', 'x396', 'x363', 'x473', 'x535', 'x612', 'x378', 'x583', 'x376', 'x428', 'x386', 'x366', 'x600', 'x483', 'x438', 'x657', 'x497', 'x569', 'x545', 'x622', 'x370', 'x395', 'x601', 'x530', 'x301', 'x518', 'x294', 'x486', 'x539', 'x450', 'x633', 'x592', 'x628', 'x445', 'x295', 'x408', 'x399', 'x384', 'x481', 'x315', 'x394', 'x451', 'x646', 'x299', 'x374', 'x588', 'x491', 'x555', 'x462', 'x496', 'x419', 'x547', 'x455', 'x433', 'x546', 'x631', 'x572', 'x643', 'x367', 'x560', 'x447', 'x403', 'x553', 'x468', 'x456', 'x424', 'x441', 'x527', 'x344', 'x243', 'x487', 'x549', 'x505', 'x621', 'x380', 'x493', 'x573', 'x520', 'x414', 'x453', 'x507', 'x634', 'x484', 'x292', 'x677', 'x587', 'x430', 'x629', 'x469', 'x502', 'x417', 'x533', 'x474', 'x436', 'x509', 'x383', 'x405', 'x368', 'x351', 'x528', 'x585', 'x566', 'x637', 'x531', 'x597', 'x512', 'x596', 'x551', 'x308', 'x579', 'x538', 'x498', 'x457', 'x442', 'x554', 'x423', 'x586', 'x578', 'x614', 'x333', 'x609', 'x543', 'x425', 'x516', 'x475', 'x435', 'x452', 'x526', 'x356', 'x542', 'x416', 'x540', 'x618', 'x471', 'x467', 'x427', 'x389', 'x620', 'x682', 'x426', 'x479', 'x434', 'x387', 'x522', 'x508', 'x672', 'x515', 'x478', 'x511', 'x563', 'x536', 'x412', 'x388', 'x448', 'x544', 'x504', 'x565', 'x556', 'x599', 'x519', 'x645', 'x559', 'x485', 'x459', 'x465', 'x616', 'x617', 'x492', 'x488', 'x477', 'x567', 'x595', 'x392', 'x464', 'x437', 'x524', 'x593', 'x470', 'x525', 'x449', 'x568', 'x458', 'x460', 'x418', 'x306', 'x446', 'x510', 'x407', 'x557', 'x550', 'x532', 'x529', 'x513', 'x472', 'x338', 'x500', 'x362', 'x661', 'x454', 'x514', 'x575', 'x1', 'x607', 'x1000', 'x402', 'x642', 'x230']","[0.7023820540789875, 0.7019415580487347, 0.7011791688584732, 0.7004187563944844, 0.6996584394343978, 0.6988998171135999, 0.6981414428110191, 0.6973833601547439, 0.696625469363222, 0.6958682311433323, 0.6951118016987445, 0.6943560754409224, 0.6936007189077018, 0.692845377008326, 0.692090064705834, 0.6913351644076007, 0.6905809993583873, 0.6898272587498477, 0.68907434767708, 0.688321853806017, 0.6875697832278991, 0.6868177917744497, 0.6860659486121246, 0.6853143558067778, 0.6845631394954526, 0.6838121186548934, 0.6830615626601646, 0.682311199658125, 0.6815608447491824, 0.6808105621569193, 0.6800604419824823, 0.6793107407345501, 0.678561212756237, 0.6778118299618883, 0.6770625941257883, 0.6763134600741632, 0.675564418094436, 0.6748156507302401, 0.6740669181592618, 0.6733184419761992, 0.672570293564259, 0.6718223182846531, 0.6710743842176796, 0.6703270718134144, 0.6695800262268946, 0.6688330295571199, 0.668086293604569, 0.6673395957004659, 0.6665934133931389, 0.6658472944318806, 0.6651014792289255, 0.6643557741688038, 0.6636100860387895, 0.6628649137635436, 0.6621198800363461, 0.6613751190039578, 0.6606304368382979, 0.6598857790744254, 0.6591414274346518, 0.6583971629251493, 0.6576532916531356, 0.6569095950247186, 0.6561660874739252, 0.6554226132090218, 0.6546791627835259, 0.6539358481772647, 0.6531926406713094, 0.6524494456406584, 0.6517062702596624, 0.6509632337617329, 0.6502203185176508, 0.6494774684166988, 0.648734658089271, 0.6479919333309845, 0.6472492654924811, 0.6465066716453097, 0.645764357607982, 0.6450220632042543, 0.6442798207784279, 0.6435376946786763, 0.6427957814289875, 0.6420539720375854, 0.6413122502949028, 0.6405705775373424, 0.6398290042878699, 0.6390874640662573, 0.6383459760994367, 0.6376045772699501, 0.6368633602381966, 0.6361222988619616, 0.6353813877237555, 0.6346405823750086, 0.6338997858329923, 0.6331590437513221, 0.6324184652424316, 0.6316781760421781, 0.6309379039920839, 0.6301976410712434, 0.6294574142248199, 0.6287172601749264, 0.6279772353118553, 0.6272374406933741, 0.6264978190236266, 0.6257582121553508, 0.6250186235079407, 0.6242790676734031, 0.6235395893147937, 0.6228003383692005, 0.622061160128034, 0.6213222256342823, 0.6205834056171541, 0.6198448447885474, 0.6191064146424691, 0.6183680575982398, 0.6176297229863397, 0.6168918622155452, 0.6161540842787316, 0.6154165084378102, 0.6146790902323475, 0.6139417357055478, 0.6132045705107131, 0.6124674766776668, 0.6117304056151834, 0.6109935529488757, 0.6102568766496573, 0.6095202580075901, 0.6087838872559296, 0.608047533767594, 0.6073112770635468, 0.6065751317572602, 0.6058390955551137, 0.6051031244593684, 0.6043672120477149, 0.6036317370082218, 0.6028965512994445, 0.6021615026028295, 0.6014264662171112, 0.6006914846075446, 0.5999566932288857, 0.5992221897572703, 0.5984877248779508, 0.5977533847102712, 0.5970190841950803, 0.5962849113624096, 0.5955507514590225, 0.5948166051602439, 0.594082490857371, 0.5933485070966831, 0.5926146310623817, 0.5918808485363256, 0.5911472041000194, 0.5904137584524364, 0.5896804409728477, 0.5889472616531999, 0.5882141176196607, 0.5874809995263126, 0.5867480349443234, 0.586015176003601, 0.5852823871342319, 0.5845498782321599, 0.5838174510942001, 0.5830851822189218, 0.5823532909692518, 0.5816214829221215, 0.5808901343656572, 0.5801588630618966, 0.5794276954555484, 0.5786966295314359, 0.5779655749893698, 0.5772345931273412, 0.5765039430999533, 0.575773300972668, 0.5750426831936188, 0.5743121046200342, 0.5735816028136242, 0.5728511766211842, 0.5721208530160381, 0.5713905406694065, 0.5706602694656915, 0.5699301536289093, 0.5692001396911193, 0.5684702425500472, 0.5677404073583375, 0.5670106061136337, 0.5662809011226171, 0.5655512566071175, 0.5648217767504997, 0.5640926715964841, 0.563363716752131, 0.5626349600529185, 0.5619063568623356, 0.5611780741563522, 0.5604497920773585, 0.5597217185590563, 0.5589938143801233, 0.55826597987358, 0.557538185595376, 0.5568104370656844, 0.5560832486660744, 0.5553561212832253, 0.5546290801725248, 0.5539021691342207, 0.5531754795480712, 0.5524488127829024, 0.5517221882335195, 0.5509956444060691, 0.5502691402834244, 0.549542695200545, 0.5488162544977526, 0.5480898356554601, 0.547363640198145, 0.546637495813588, 0.5459114639797396, 0.5451854936869447, 0.5444596867280123, 0.5437340985247004, 0.5430085502404214, 0.54228306761443, 0.5415576683948337, 0.5408325632959047, 0.540107517439523, 0.5393825539132472, 0.5386576188666035, 0.5379332971364914, 0.5372089770583421, 0.5364847264868206, 0.5357606298543136, 0.5350366058460543, 0.53431258855216, 0.533588889308882, 0.5328653381628274, 0.5321419358929852, 0.5314186203548087, 0.5306953714261515, 0.529972122860339, 0.529248994237984, 0.5285259016874313, 0.5278028261881634, 0.527079947073754, 0.5263572829965847, 0.5256346372799731, 0.5249120336087855, 0.5241894437222626, 0.5234672149930265, 0.5227450699687994, 0.5220231197558165, 0.5213011938907665, 0.5205794936384974, 0.5198578096687986, 0.5191361585657599, 0.5184146419862091, 0.5176931568818055, 0.516971705928795, 0.5162503194989863, 0.515528997329985, 0.514807740911199, 0.5140867268004637, 0.5133657468111799, 0.5126447892546877, 0.5119238390672086, 0.5112029272977363, 0.5104821450904194, 0.5097615705799938, 0.5090411536577157, 0.508320809618618, 0.5076005338080777, 0.5068804863349226, 0.5061607234583456, 0.505440972587231, 0.5047213445740171, 0.5040017722548402, 0.5032823364060615, 0.5025630004717515, 0.5018438433131939, 0.5011254337452764, 0.5004070840824544, 0.4996888090739906, 0.49897057451250715, 0.4982526405423544, 0.49753492646332115, 0.4968172953410665, 0.49609983651118755, 0.49538248550004566, 0.49466514760499075, 0.49394782898465306, 0.49323060954631787, 0.4925134546548434, 0.49179630551047504, 0.49107919613252093, 0.49036218225822437, 0.48964533740350924, 0.4889285298186146, 0.48821175025561697, 0.48749500432488757, 0.4867783963428877, 0.48606186969461984, 0.4853454298655854, 0.4846290583796561, 0.4839128562401601, 0.4831966679554062, 0.48248056095972247, 0.4817645283948449, 0.4810485085315454, 0.48033261519633735, 0.47961678938450214, 0.47890099086001037, 0.47818533458844786, 0.4774699064104481, 0.4767545288854354, 0.4760391641328467, 0.47532390195837837, 0.4746087079251184, 0.47389353788963845, 0.47317850633837427, 0.4724635579906079, 0.4717486284445925, 0.4710337638308574, 0.47031893264580127, 0.4696041690681304, 0.4688895467366049, 0.46817511923571675, 0.4674610268820904, 0.46674697110555224, 0.46603300805722936, 0.4653190989349006, 0.46460552061978416, 0.46389206011099265, 0.4631787168538205, 0.4624655056593397, 0.4617524084763233, 0.46103936566972975, 0.46032647647373887, 0.45961359243376976, 0.45890079310753357, 0.4581882086978684, 0.45747570086381384, 0.45676339723222, 0.4560511465796893, 0.4553389262928446, 0.45462675407901393, 0.45391465145807625, 0.45320257689688476, 0.4524905782094413, 0.45177863557642767, 0.4510668517971758, 0.4503552086821634, 0.4496437513955032, 0.4489323701918406, 0.4482211059754153, 0.4475100475210006, 0.4467993316597713, 0.4460886697658816, 0.44537809948237367, 0.44466776066120445, 0.4439574334377565, 0.4432471296120674, 0.4425368941425868, 0.44182671251883504, 0.441116542350822, 0.44040638222745904, 0.4396963634793732, 0.4389864292802965, 0.43827653362286684, 0.43756671272963166, 0.43685693444271906, 0.43614718554644266, 0.4354375279082317, 0.4347280028181638, 0.43401862862687135, 0.4333093922705922, 0.4326002646923011, 0.43189139537497623, 0.43118253583758764, 0.4304736886652787, 0.42976486385899554, 0.4290560981876702, 0.42834740293330836, 0.42763877393345695, 0.42693025037393717, 0.4262217454236868, 0.4255133876212245, 0.4248050596786234, 0.42409691509818925, 0.4233888701671648, 0.4226808363524267, 0.42197300493590545, 0.4212653778608848, 0.4205579403140485, 0.4198505264981464, 0.41914320891592854, 0.41843594072267726, 0.4177287358109755, 0.41702153833402833, 0.41631444126014006, 0.41560744901464514, 0.4149004732175026, 0.41419372131653737, 0.41348703559985955, 0.41278071552802303, 0.41207441153350494, 0.41136817607212806, 0.4106619503390639, 0.40995574275044433, 0.4092496270882746, 0.4085435335419106, 0.4078376645009639, 0.40713184696786814, 0.40642608554435694, 0.405720552247965, 0.4050150962961956, 0.40430964460767393, 0.40360428796112224, 0.4028991108727204, 0.40219394572864764, 0.4014889208384841, 0.4007840544173291, 0.4000792028006738, 0.3993743491577379, 0.39866951532751477, 0.3979647869288117, 0.3972601820508303, 0.3965556286299241, 0.3958511267514864, 0.395146669120256, 0.39444222044683347, 0.39373778084613476, 0.39303345499981485, 0.3923291986002909, 0.3916251325890695, 0.39092107956147226, 0.3902174404132765, 0.389513811161807, 0.38881024504618517, 0.38810668748663285, 0.38740317501190574, 0.38669977853246007, 0.3859965103336617, 0.3852932950384159, 0.3845900982001743, 0.3838869082609753, 0.38318379188079693, 0.3824807376598136, 0.38177790038998266, 0.3810751075128244, 0.38037245495534006, 0.3796699075771758, 0.3789674373301302, 0.3782650552580847, 0.3775626795917502, 0.3768604549057355, 0.3761583946082265, 0.3754563758700565, 0.37475441113898483, 0.37405254512271646, 0.37335077524489413, 0.3726493055100565, 0.3719478480663652, 0.3712464193113729, 0.37054500268527596, 0.3698436333461984, 0.36914228126384174, 0.3684412292274528, 0.36774019771485544, 0.3670394497453457, 0.36633876733973914, 0.36563849900935436, 0.3649382878263875, 0.36423812118625015, 0.363537978599807, 0.362838126477458, 0.362138402612827, 0.3614387399137684, 0.3607391439596056, 0.360039597879367, 0.3593401669966649, 0.3586410155411063, 0.3579420263469559, 0.35724308689952994, 0.35654423734458723, 0.3558455394929551, 0.3551469712311002, 0.35444844798222475, 0.35374999484180897, 0.35305155909596864, 0.3523533356995389, 0.35165514734208797, 0.3509569720431413, 0.35025881978585255, 0.34956069438758314, 0.34886259805322284, 0.3481645270712829, 0.34746650023871817, 0.34676852977223366, 0.3460705870818135, 0.3453726890899189, 0.3446748411442691, 0.34397704357811415, 0.34327931427043523, 0.3425815833927786, 0.341883886149741, 0.34118624049160734, 0.34048858789912095, 0.33979112285616253, 0.33909367865615264, 0.3383963523360202, 0.3376991534660178, 0.33700210212443993, 0.33630506968476415, 0.33560818888048805, 0.3349114254519878, 0.3342147432013049, 0.33351810131151166, 0.33282150899521185, 0.3321250227217967, 0.33142872723343936, 0.3307325786918093, 0.3300365169070113, 0.3293404776112325, 0.3286444517578666, 0.32794879076909905, 0.32725337050590797, 0.32655798323102947, 0.32586268255433787, 0.32516745608336967, 0.32447224389652557, 0.3237771568368532, 0.32308209695050005, 0.3223870728115323, 0.32169207878739536, 0.3209971345268052, 0.32030219747177935, 0.3196072734180182, 0.31891237055370736, 0.3182174897400566, 0.31752261800023696, 0.31682782677431026, 0.3161330698553823, 0.3154383138354341, 0.3147435706770295, 0.3140488751236294, 0.31335429100614964, 0.31265972934233505, 0.3119654313541419, 0.3112711717052234, 0.31057702083249117, 0.30988362357404803, 0.3091902901498458, 0.3084970597794553, 0.30780388430237315, 0.30711079961825755, 0.30641777147892013, 0.3057247962662825, 0.3050318571290148, 0.3043389284415366, 0.3036461218252898, 0.3029536628379364, 0.30226124472609744, 0.3015689641872863, 0.30087670751877676, 0.3001844715253273, 0.29949226128034495, 0.2988000706134367, 0.2981079562549437, 0.29741597404680264, 0.2967240378833368, 0.2960322681430273, 0.29534051248522214, 0.2946487630725444, 0.2939570334512795, 0.2932655520954335, 0.29257409248549876, 0.29188267988669253, 0.29119133095082456, 0.2904999972322818, 0.28980866670892913, 0.2891173881217589, 0.2884262093126909, 0.2877351327506419, 0.28704407518999575, 0.2863530373528564, 0.2856621328549881, 0.2849712649423977, 0.2842804707481669, 0.28358975036104606, 0.28289904549433026, 0.2822084951706948, 0.2815179696645713, 0.28082750494545405, 0.2801370626227584, 0.27944665321070467, 0.27875624753007433, 0.2780658781266943, 0.2773755297119144, 0.2766854792967904, 0.2759954721836764, 0.2753055008853436, 0.27461556161299133, 0.2739256598156234, 0.2732357880312927, 0.27254596219679417, 0.2718561873657898, 0.27116646476654255, 0.27047676140113086, 0.2697871081658337, 0.26909751329131726, 0.2684079268185764, 0.2677183561832344, 0.2670288036749366, 0.266339304652719, 0.26564988751805263, 0.2649606321993512, 0.26427150832063456, 0.2635824010034368, 0.2628933579928344, 0.2622043476485128, 0.2615154361431407, 0.26082668511116536, 0.26013806595797023, 0.25944959503415854, 0.25876112987647376, 0.258072807014524, 0.2573845711132558, 0.25669643391204705, 0.2560083191140669, 0.25532023249301256, 0.25463221635861827, 0.2539442027079823, 0.2532562876961587, 0.2525684375331708, 0.25188059101863824, 0.25119282338171395, 0.2505050892284863, 0.24981739768397304, 0.2491298055355531, 0.2484422373586843, 0.2477548056058787, 0.24706739137492786, 0.24638000652651643, 0.24569266150525154, 0.2450053580091706, 0.2443182262644427, 0.24363114478671274, 0.2429440964050969, 0.24225720103914494, 0.24157036002840954, 0.24088356011557932, 0.24019681916200367, 0.23951011584322446, 0.23882345183905587, 0.23813688546334577, 0.2374503485232558, 0.23676389626293584, 0.23607747323593092, 0.2353911625742009, 0.23470489615186366, 0.23401865887838832, 0.2333324410528225, 0.2326463035486484, 0.2319602032309547, 0.23127412578700415, 0.23058816745600696, 0.22990223747926497, 0.22921640592303866, 0.22853059275392737, 0.22784480446491684, 0.22715906782881665, 0.2264733935358851, 0.22578775192446224, 0.22510220942294756, 0.22441669104549772, 0.2237312494658692, 0.22304595595118126, 0.22236070160629354, 0.22167555995116991, 0.22099043160061616, 0.2203053268467408, 0.21962031973037893, 0.21893534825148664, 0.21825045303794738, 0.21756561877212496, 0.21688082693460348, 0.2161960532869616, 0.21551140324778392, 0.2148267960451889, 0.21414230527776953, 0.21345788869852003, 0.21277353181696287, 0.21208920827165575, 0.2114049453965277, 0.21072074243380073, 0.21003659276608855, 0.2093525094195642, 0.20866847307739014, 0.20798449894570012, 0.20730053220815822, 0.20661663813490141, 0.20593278345558533, 0.20524898296099162, 0.2045652342601738, 0.20388156462583626, 0.203197934673763, 0.2025143229667621, 0.2018307678004049, 0.2011472561980719, 0.20046382026256818, 0.19978044948114432, 0.19909718246499739, 0.19841401095325656, 0.1977308816809222, 0.19704782081656547, 0.19636480768723447, 0.19568185474131497, 0.19499894288570607, 0.1943160788364292, 0.19363343755229037, 0.1929508630297615, 0.19226833172762095, 0.1915859314371167, 0.19090359402723422, 0.19022124764017934, 0.18953899055615214, 0.18885680440132152, 0.18817468378408583, 0.18749265877140722, 0.18681076747306527, 0.18612891167091125, 0.1854471279857655, 0.1847653783416187, 0.18408369662107096, 0.18340213773710823, 0.18272064480292635, 0.18203940543957772, 0.18135820376885034, 0.18067711701694875, 0.1799960791583795, 0.17931507807777367, 0.1786341314169955, 0.17795326109905393, 0.17727245880660922, 0.17659181287241324, 0.175911221736158, 0.17523070142418196, 0.17455022460331077, 0.17386987564102904, 0.17318970790448524, 0.17250965974716576, 0.17182963581590455, 0.1711496569969389, 0.17046983923254966, 0.16979012568232388, 0.16911055328854388, 0.16843107322374512, 0.16775182031533298, 0.16707264913008088, 0.1663935329731026, 0.16571449455076925, 0.16503554467084594, 0.1643566672336555, 0.16367785321952963, 0.1629991074376115, 0.16232045687590124, 0.16164190928009423, 0.1609634131636319, 0.1602849782587435, 0.15960662994821448, 0.15892840735383978, 0.15825024532794024, 0.15757224427776217, 0.15689430477973124, 0.156216389909675, 0.15553863344123725, 0.15486104558575542, 0.15418356750210155, 0.15350614957902156, 0.15282894246627424, 0.15215182377872363, 0.15147478022470234, 0.15079788221958454, 0.15012107011363712, 0.1494443778376581, 0.14876777853278145, 0.14809124806294136, 0.14741483469669026, 0.1467386225230425, 0.14606243389949586, 0.14538634302252834, 0.1447104901474973, 0.14403470441903962, 0.14335905429658652, 0.14268352889909536, 0.14200807813805238, 0.14133277027415547, 0.14065755343161457, 0.1399825296239763, 0.13930758713084238, 0.13863272245656919, 0.1379580179838552, 0.13728343040036348, 0.13660893717958505, 0.1359344973546654, 0.13526017585071892, 0.1345859717677037, 0.13391198260439552, 0.13323811416224646, 0.13256437767416018, 0.1318907597244082, 0.13121731379355694, 0.1305439859832779, 0.12987078515318934, 0.12919767097225987, 0.1285247072085184, 0.12785197076068597, 0.1271793647272087, 0.12650683701530074, 0.12583442445622045, 0.1251623336371986, 0.12449035342840628, 0.12381849692189699, 0.1231467982350351, 0.12247526549740759, 0.12180406687467281, 0.12113299323494829, 0.12046216919550254, 0.11979145172341124, 0.11912086532504236, 0.1184505435084246, 0.11778036933695678, 0.11711042898684954, 0.11644064183842105, 0.11577103103446017, 0.11510155948634386, 0.11443222886336027, 0.11376307294217108, 0.1130940489967227, 0.11242523977538388, 0.11175659594773607, 0.11108811478604826, 0.11041977465702182, 0.1097516072514337, 0.1090836370408205, 0.10841589870798327, 0.10774826982152191, 0.10708085260858723, 0.10641360414305434, 0.10574660387075818, 0.105079849855029, 0.1044133239514446, 0.10374702275154626, 0.10308090562184204, 0.10241497064926344, 0.10174928625913893, 0.10108377848992127, 0.10041850560572667, 0.09975344333328298, 0.09908863255781707, 0.09842406902800556, 0.09775973603469804, 0.09709557875177084, 0.09643170326127365, 0.09576807980680756, 0.09510479547916036, 0.09444176722570544, 0.0937790205751855, 0.0931165225722129, 0.09245431015859738, 0.09179259139651778, 0.09113107635204348, 0.09046995842547124, 0.08980920533640234, 0.08914874400316641, 0.08848865119047591, 0.08782894558320599, 0.0871696537756417, 0.08651068463221998, 0.08585213047405935, 0.08519388562051665, 0.08453612759444963, 0.08387877008683002, 0.08322186334196831, 0.08256539861119142, 0.08190929181934459, 0.0812535161138736, 0.08059811600832578, 0.07994315205799872, 0.07928859545676463, 0.0786345130274669, 0.07798083815157551, 0.07732759512576834, 0.07667489027862799, 0.07602263928174277, 0.07537090855870959, 0.07471971041158562, 0.0740691003383464, 0.07341901357122829, 0.07276949849802428, 0.07212052094300372, 0.07147216121414272, 0.07082438366794683, 0.07017728997476863, 0.06953078805003618, 0.06888488870267624, 0.06823965732362136, 0.06759506291671695, 0.06695116988267105, 0.06630795402241701, 0.0656654418387071, 0.06502364994874274, 0.06438271612903686, 0.06374263151158638, 0.06310342782431298, 0.062465096214033726, 0.06182765362925192, 0.06119121115921695, 0.06055571171115115, 0.059921133755266115, 0.05928760809437758, 0.058654966889940034, 0.05802340040688498, 0.05739282183152442, 0.05676327609265977, 0.05613488296826719, 0.05550770009997157, 0.05488175637160327, 0.054257226205162434, 0.05363402501479958, 0.05301206841227585, 0.05239147510456855, 0.051772433866196996, 0.05115491583570264, 0.05053899049197561, 0.049924649952560206, 0.04931186936198832, 0.048700889932555586, 0.048091638940162745, 0.04748421244316522, 0.046878672460608284, 0.04627508452812707, 0.04567353781476037, 0.045074001320866024, 0.044476740207828214, 0.04388176367069427, 0.04328927562463536, 0.04269942777906951, 0.04211233242326332, 0.04152790920171614, 0.04094626691951493, 0.04036812551037018, 0.03979326884530131, 0.03922156042400819, 0.03865338047295838, 0.03808884790523241, 0.03752784982544792, 0.03697108778495645, 0.03641865308185818, 0.035870628048366576, 0.03532715883679796, 0.03478847715236393, 0.03425461764375709, 0.03372566620394546, 0.03320197917219454, 0.03268441848998645, 0.03217252193081415, 0.03166693152736249, 0.031167711906015777, 0.03067522937769916, 0.030189685081307302, 0.02971153133296621, 0.029241006786577935, 0.028778535874149233, 0.02832447267518171, 0.02787940303192336, 0.027443660032654128, 0.02701777642180547, 0.026601760945837064, 0.026196965189152408, 0.025803362269497924, 0.025421644894227286, 0.02505236099472285, 0.024696440259005397, 0.024353821652623144, 0.024025710286386604, 0.023712270956320614, 0.02341375208995052, 0.023130480435452124, 0.022865347758437175, 0.02261711253462238, 0.022386598569210193, 0.022174497385912793, 0.0219811817566279, 0.02180756912966016, 0.021654008169401592, 0.021520439643258903, 0.021407885052286836, 0.02131614656552831, 0.021245143920518694, 0.02119542691022395, 0.02115806773707471, 0.02114530057784825, 0.021156952443085485, 0.02118631190041302, 0.021252973062964697]",EGB_XGB_GAM_CYCLIC_REVERSE_CYCLIC_REVERSE,synthetic_ordering1000,0,5,42,150
"['offset', 'x971', 'x11', 'x12', 'x980', 'x51', 'x9', 'x22', 'x981', 'x984', 'x997', 'x19', 'x8', 'x999', 'x995', 'x977', 'x986', 'x998', 'x3', 'x31', 'x29', 'x990', 'x4', 'x972', 'x20', 'x10', 'x52', 'x928', 'x991', 'x994', 'x26', 'x50', 'x5', 'x6', 'x28', 'x16', 'x17', 'x23', 'x987', 'x34', 'x27', 'x36', 'x48', 'x942', 'x979', 'x965', 'x7', 'x983', 'x24', 'x2', 'x954', 'x960', 'x56', 'x956', 'x949', 'x945', 'x975', 'x982', 'x959', 'x21', 'x58', 'x961', 'x71', 'x54', 'x962', 'x973', 'x32', 'x921', 'x967', 'x989', 'x40', 'x993', 'x70', 'x47', 'x18', 'x985', 'x968', 'x45', 'x30', 'x73', 'x44', 'x952', 'x996', 'x33', 'x13', 'x35', 'x988', 'x49', 'x68', 'x970', 'x60', 'x969', 'x926', 'x992', 'x41', 'x86', 'x951', 'x14', 'x957', 'x82', 'x955', 'x963', 'x978', 'x958', 'x42', 'x939', 'x966', 'x80', 'x100', 'x931', 'x63', 'x964', 'x90', 'x923', 'x38', 'x108', 'x915', 'x948', 'x15', 'x65', 'x934', 'x950', 'x870', 'x933', 'x76', 'x974', 'x936', 'x892', 'x922', 'x37', 'x74', 'x77', 'x64', 'x953', 'x905', 'x910', 'x912', 'x924', 'x919', 'x61', 'x59', 'x25', 'x111', 'x935', 'x66', 'x920', 'x75', 'x57', 'x55', 'x941', 'x940', 'x39', 'x897', 'x932', 'x122', 'x944', 'x848', 'x943', 'x43', 'x149', 'x930', 'x87', 'x890', 'x128', 'x947', 'x67', 'x79', 'x78', 'x146', 'x946', 'x938', 'x899', 'x141', 'x115', 'x102', 'x937', 'x874', 'x95', 'x103', 'x869', 'x107', 'x130', 'x81', 'x85', 'x895', 'x53', 'x99', 'x842', 'x884', 'x901', 'x877', 'x887', 'x911', 'x83', 'x889', 'x976', 'x72', 'x131', 'x46', 'x888', 'x906', 'x121', 'x119', 'x916', 'x62', 'x104', 'x824', 'x927', 'x96', 'x873', 'x882', 'x872', 'x881', 'x129', 'x92', 'x903', 'x105', 'x907', 'x116', 'x908', 'x875', 'x94', 'x148', 'x868', 'x89', 'x114', 'x885', 'x135', 'x93', 'x880', 'x69', 'x822', 'x847', 'x123', 'x891', 'x167', 'x898', 'x110', 'x101', 'x199', 'x855', 'x91', 'x900', 'x84', 'x925', 'x876', 'x109', 'x878', 'x818', 'x918', 'x139', 'x813', 'x157', 'x917', 'x883', 'x904', 'x134', 'x929', 'x133', 'x126', 'x773', 'x120', 'x140', 'x188', 'x844', 'x821', 'x840', 'x914', 'x150', 'x127', 'x158', 'x153', 'x801', 'x147', 'x165', 'x137', 'x893', 'x155', 'x163', 'x902', 'x201', 'x117', 'x169', 'x171', 'x160', 'x125', 'x132', 'x145', 'x190', 'x856', 'x88', 'x797', 'x913', 'x865', 'x852', 'x809', 'x166', 'x138', 'x785', 'x849', 'x106', 'x850', 'x124', 'x164', 'x894', 'x181', 'x113', 'x136', 'x161', 'x230', 'x829', 'x830', 'x231', 'x270', 'x828', 'x871', 'x185', 'x170', 'x770', 'x191', 'x834', 'x860', 'x168', 'x790', 'x118', 'x144', 'x97', 'x250', 'x820', 'x98', 'x142', 'x182', 'x172', 'x156', 'x859', 'x909', 'x838', 'x896', 'x863', 'x857', 'x807', 'x226', 'x798', 'x251', 'x846', 'x843', 'x791', 'x864', 'x776', 'x866', 'x229', 'x187', 'x836', 'x799', 'x854', 'x853', 'x862', 'x851', 'x206', 'x195', 'x879', 'x179', 'x151', 'x812', 'x173', 'x861', 'x779', 'x175', 'x246', 'x159', 'x210', 'x804', 'x832', 'x802', 'x826', 'x248', 'x209', 'x819', 'x886', 'x211', 'x845', 'x227', 'x835', 'x189', 'x780', 'x841', 'x858', 'x817', 'x260', 'x735', 'x825', 'x222', 'x212', 'x748', 'x174', 'x143', 'x178', 'x177', 'x162', 'x867', 'x765', 'x198', 'x240', 'x183', 'x691', 'x833', 'x814', 'x710', 'x806', 'x738', 'x827', 'x800', 'x805', 'x771', 'x331', 'x152', 'x197', 'x180', 'x301', 'x766', 'x792', 'x803', 'x234', 'x769', 'x217', 'x216', 'x200', 'x228', 'x322', 'x839', 'x184', 'x218', 'x186', 'x316', 'x815', 'x224', 'x761', 'x762', 'x203', 'x661', 'x112', 'x808', 'x788', 'x214', 'x176', 'x237', 'x794', 'x646', 'x194', 'x268', 'x245', 'x778', 'x731', 'x837', 'x741', 'x787', 'x772', 'x232', 'x204', 'x314', 'x754', 'x282', 'x249', 'x777', 'x274', 'x816', 'x350', 'x760', 'x311', 'x714', 'x254', 'x681', 'x223', 'x747', 'x774', 'x723', 'x221', 'x767', 'x241', 'x742', 'x784', 'x225', 'x638', 'x269', 'x281', 'x750', 'x154', 'x193', 'x729', 'x759', 'x823', 'x783', 'x233', 'x641', 'x746', 'x811', 'x280', 'x192', 'x202', 'x810', 'x544', 'x720', 'x795', 'x711', 'x332', 'x622', 'x730', 'x207', 'x213', 'x298', 'x257', 'x252', 'x449', 'x247', 'x793', 'x277', 'x718', 'x755', 'x365', 'x739', 'x196', 'x665', 'x782', 'x256', 'x733', 'x684', 'x259', 'x271', 'x609', 'x775', 'x706', 'x255', 'x796', 'x724', 'x283', 'x569', 'x721', 'x758', 'x335', 'x243', 'x660', 'x289', 'x398', 'x728', 'x749', 'x239', 'x215', 'x276', 'x513', 'x831', 'x261', 'x789', 'x745', 'x432', 'x238', 'x302', 'x743', 'x306', 'x679', 'x763', 'x455', 'x737', 'x278', 'x294', 'x286', 'x588', 'x285', 'x533', 'x781', 'x752', 'x744', 'x312', 'x593', 'x220', 'x266', 'x242', 'x701', 'x549', 'x764', 'x643', 'x303', 'x320', 'x734', 'x633', 'x740', 'x757', 'x272', 'x652', 'x702', 'x674', 'x235', 'x236', 'x310', 'x208', 'x284', 'x263', 'x671', 'x786', 'x317', 'x717', 'x244', 'x293', 'x753', 'x411', 'x275', 'x326', 'x686', 'x288', 'x677', 'x402', 'x309', 'x253', 'x340', 'x205', 'x371', 'x756', 'x443', 'x481', 'x768', 'x725', 'x678', 'x318', 'x695', 'x621', 'x489', 'x644', 'x703', 'x407', 'x307', 'x342', 'x369', 'x662', 'x698', 'x296', 'x716', 'x258', 'x279', 'x414', 'x617', 'x358', 'x370', 'x372', 'x732', 'x704', 'x601', 'x327', 'x345', 'x590', 'x384', 'x264', 'x693', 'x611', 'x273', 'x362', 'x300', 'x354', 'x583', 'x343', 'x630', 'x459', 'x553', 'x579', 'x366', 'x708', 'x295', 'x727', 'x431', 'x651', 'x334', 'x657', 'x653', 'x393', 'x676', 'x265', 'x338', 'x501', 'x688', 'x357', 'x642', 'x349', 'x690', 'x680', 'x509', 'x712', 'x687', 'x324', 'x319', 'x654', 'x667', 'x525', 'x441', 'x614', 'x648', 'x596', 'x325', 'x507', 'x546', 'x508', 'x550', 'x736', 'x531', 'x437', 'x315', 'x484', 'x389', 'x689', 'x476', 'x528', 'x705', 'x685', 'x650', 'x313', 'x464', 'x287', 'x359', 'x390', 'x330', 'x709', 'x527', 'x305', 'x329', 'x219', 'x433', 'x417', 'x512', 'x600', 'x576', 'x637', 'x592', 'x333', 'x396', 'x504', 'x700', 'x597', 'x697', 'x715', 'x351', 'x751', 'x367', 'x483', 'x348', 'x517', 'x297', 'x497', 'x520', 'x696', 'x355', 'x480', 'x418', 'x361', 'x308', 'x668', 'x623', 'x435', 'x323', 'x460', 'x490', 'x682', 'x555', 'x290', 'x659', 'x469', 'x262', 'x541', 'x453', 'x675', 'x658', 'x376', 'x511', 'x572', 'x494', 'x403', 'x356', 'x430', 'x669', 'x458', 'x545', 'x321', 'x450', 'x699', 'x578', 'x670', 'x566', 'x515', 'x558', 'x353', 'x620', 'x373', 'x341', 'x591', 'x632', 'x392', 'x404', 'x692', 'x713', 'x378', 'x575', 'x673', 'x429', 'x292', 'x594', 'x656', 'x619', 'x548', 'x438', 'x457', 'x328', 'x634', 'x607', 'x524', 'x618', 'x560', 'x364', 'x500', 'x534', 'x360', 'x539', 'x352', 'x577', 'x599', 'x267', 'x397', 'x405', 'x606', 'x571', 'x631', 'x488', 'x547', 'x559', 'x647', 'x574', 'x719', 'x726', 'x552', 'x612', 'x391', 'x363', 'x551', 'x707', 'x299', 'x452', 'x473', 'x410', 'x627', 'x514', 'x495', 'x434', 'x368', 'x672', 'x598', 'x639', 'x409', 'x664', 'x629', 'x375', 'x394', 'x401', 'x616', 'x595', 'x573', 'x291', 'x655', 'x423', 'x565', 'x427', 'x456', 'x523', 'x406', 'x347', 'x461', 'x382', 'x447', 'x419', 'x626', 'x543', 'x439', 'x561', 'x521', 'x444', 'x584', 'x491', 'x337', 'x610', 'x602', 'x663', 'x487', 'x564', 'x420', 'x463', 'x493', 'x492', 'x503', 'x448', 'x445', 'x440', 'x421', 'x535', 'x451', 'x613', 'x604', 'x625', 'x336', 'x636', 'x683', 'x587', 'x640', 'x532', 'x615', 'x645', 'x479', 'x399', 'x466', 'x482', 'x442', 'x395', 'x536', 'x567', 'x538', 'x416', 'x346', 'x472', 'x470', 'x377', 'x518', 'x608', 'x628', 'x462', 'x304', 'x605', 'x413', 'x519', 'x510', 'x624', 'x436', 'x649', 'x380', 'x542', 'x496', 'x694', 'x422', 'x557', 'x526', 'x400', 'x386', 'x387', 'x339', 'x722', 'x562', 'x474', 'x529', 'x446', 'x471', 'x374', 'x498', 'x556', 'x522', 'x381', 'x581', 'x516', 'x666', 'x580', 'x385', 'x344', 'x506', 'x603', 'x499', 'x383', 'x388', 'x454', 'x425', 'x468', 'x428', 'x379', 'x586', 'x635', 'x465', 'x485', 'x589', 'x408', 'x467', 'x475', 'x505', 'x412', 'x554', 'x486', 'x478', 'x585', 'x477', 'x582', 'x502', 'x424', 'x568', 'x570', 'x563', 'x540', 'x537', 'x415', 'x426', 'x530', 'x1000', 'x1']","[0.6993877926414315, 0.6989614876801465, 0.698206663736187, 0.6974536880082925, 0.6967011398793475, 0.6959490211178047, 0.6951991591446022, 0.6944500354988975, 0.6937009521505484, 0.692952405503093, 0.6922044720690046, 0.6914568314833325, 0.6907093256778214, 0.6899622455821357, 0.6892152189536093, 0.6884685467168956, 0.6877219750605181, 0.6869759684796464, 0.6862304217448383, 0.6854849447440219, 0.6847395401755454, 0.6839942749366902, 0.6832493709543646, 0.6825044883477009, 0.6817599968534013, 0.6810156940709174, 0.6802716990378711, 0.6795278214945814, 0.6787840850005145, 0.6780409083004314, 0.6772977374679795, 0.6765546685368393, 0.6758119307821722, 0.6750693259260451, 0.6743269304356722, 0.6735845557958536, 0.67284232931588, 0.6721003784839701, 0.671358478134337, 0.670616600768452, 0.6698747744121374, 0.6691329917114611, 0.668391316016885, 0.6676499779485315, 0.6669086692354816, 0.6661674395677645, 0.6654263974282072, 0.664685639041214, 0.6639450836531839, 0.6632045994677433, 0.6624642715401927, 0.6617239898384654, 0.6609837715692198, 0.6602440089583532, 0.6595045861977966, 0.6587653556432204, 0.6580264436839933, 0.6572875585458784, 0.6565487498987504, 0.6558101772636761, 0.655071853202043, 0.6543337590692243, 0.6535958297166371, 0.6528579603639831, 0.652120295147425, 0.651382745821061, 0.6506454151672986, 0.6499080851226192, 0.6491708919181968, 0.648433723424366, 0.6476966464599072, 0.6469595814421911, 0.6462225440607373, 0.6454857260026745, 0.6447492456773931, 0.6440128196276763, 0.6432766138389054, 0.642540770572918, 0.6418051244854128, 0.6410694809786206, 0.6403339397251612, 0.6395984854327279, 0.6388631225323183, 0.6381278331504534, 0.6373928241464392, 0.6366579400423391, 0.6359230847422426, 0.6351882770910919, 0.6344535200947542, 0.6337188295549673, 0.6329842408881744, 0.6322498378847017, 0.6315155849541207, 0.6307814316873227, 0.630047380883965, 0.6293134864451784, 0.6285796141254453, 0.6278457836039653, 0.6271119822861763, 0.6263786072135774, 0.6256454874066205, 0.6249125089219678, 0.6241796768240279, 0.6234468553865379, 0.6227141364626076, 0.6219814671199143, 0.6212488710376964, 0.6205163642194518, 0.6197839191014902, 0.6190515060360519, 0.6183191711633225, 0.6175870660486584, 0.616855000430351, 0.6161229420247355, 0.6153910626043992, 0.6146592626790554, 0.6139276497175724, 0.6131962133111705, 0.6124648727205333, 0.6117336976045747, 0.6110026304216283, 0.6102716693000466, 0.6095408911102551, 0.6088105561889012, 0.6080802542279766, 0.6073502740947265, 0.6066205117771984, 0.6058907770158053, 0.6051613181311527, 0.6044318793447575, 0.6037024879640973, 0.602973164410558, 0.6022439000267409, 0.6015148713891924, 0.6007860351479346, 0.6000572393252253, 0.5993287771511102, 0.5986003790994715, 0.597872119054401, 0.5971439185065334, 0.5964158909870857, 0.5956879395985422, 0.5949600768836839, 0.594232287380113, 0.5935049539223858, 0.592777703267368, 0.5920506330879025, 0.5913240636125899, 0.590597508990058, 0.5898712873525842, 0.589145156034345, 0.5884192532031137, 0.5876935113239137, 0.5869680251620988, 0.5862426676305414, 0.5855173639047246, 0.5847921210696789, 0.5840669435898926, 0.5833418149950926, 0.582616798277014, 0.5818918423145423, 0.5811669439982649, 0.5804422397077544, 0.5797175675459499, 0.5789930315118489, 0.5782688122005866, 0.5775446625752254, 0.5768205653232544, 0.5760964843317351, 0.5753725179631094, 0.5746486523415517, 0.5739251771066147, 0.5732017225977108, 0.5724783242091852, 0.5717549795017509, 0.5710316667237625, 0.5703084167945854, 0.5695851687869102, 0.56886197406633, 0.5681387951879472, 0.5674156335118905, 0.566692490037198, 0.565969370332505, 0.5652467029161934, 0.56452425502672, 0.5638018627950867, 0.5630796406082426, 0.5623577066846749, 0.5616359230824024, 0.5609141888585784, 0.5601926131534568, 0.5594711442982935, 0.5587497203430664, 0.5580283983677969, 0.5573072538104121, 0.5565861586883695, 0.5558651016044046, 0.55514408933908, 0.554423301160475, 0.5537027110336094, 0.5529821261309692, 0.552261647912173, 0.5515411931815283, 0.5508207542972647, 0.5501005183329055, 0.5493803797299087, 0.5486602536935768, 0.5479404023832631, 0.5472206124336451, 0.5465008350500821, 0.5457814580597663, 0.5450620898771552, 0.5443427619756989, 0.5436234526648769, 0.5429045673908517, 0.5421857154869902, 0.5414669501139678, 0.5407486657638277, 0.5400304486654914, 0.5393122447843095, 0.5385941599084587, 0.5378762684599635, 0.537158495810106, 0.5364408053667596, 0.5357231477967895, 0.5350055372288666, 0.5342879750495105, 0.5335705554418868, 0.532853280893805, 0.5321360670602191, 0.5314189696605035, 0.5307019082822325, 0.5299849628867925, 0.5292681000096009, 0.5285513555129321, 0.5278346619884884, 0.5271179826656371, 0.5264013663136374, 0.525685070655572, 0.524968988710327, 0.5242529084215982, 0.5235368903107112, 0.5228210294463665, 0.5221052617380858, 0.5213896189380812, 0.5206740211969847, 0.5199586552215565, 0.5192434934805661, 0.5185286394286458, 0.5178138528641172, 0.517099083591647, 0.5163843443680365, 0.5156696500679095, 0.5149550098043107, 0.5142404667089404, 0.5135261189722905, 0.5128117926079376, 0.5120974804686453, 0.5113834420778923, 0.5106694178557748, 0.5099554074111775, 0.509241450095477, 0.5085276178055912, 0.5078139526952898, 0.5071003930833136, 0.5063871052995477, 0.5056738795094075, 0.5049607805244054, 0.5042477830196174, 0.5035348061913186, 0.5028219378513229, 0.5021091160375522, 0.501396366676115, 0.5006836192903542, 0.4999709504879806, 0.49925839661281457, 0.4985458687634564, 0.49783346456014177, 0.497121126057696, 0.49640884581783995, 0.4956968923671697, 0.4949849700351988, 0.4942730719271327, 0.4935614630928644, 0.49284997592858015, 0.49213865247601435, 0.49142737589079316, 0.4907162060687385, 0.4900050582116007, 0.48929393282821637, 0.4885829172916356, 0.48787206940960387, 0.48716130982288824, 0.48645066691099864, 0.48574007638406796, 0.48502956662008634, 0.4843191298708909, 0.4836087339892844, 0.482898478406747, 0.4821882972519723, 0.4814781235723912, 0.48076798196269294, 0.4800579601933464, 0.47934803416703875, 0.4786381318771243, 0.47792829932881753, 0.47721869122029936, 0.4765091043173237, 0.4757996358874961, 0.47509028117177293, 0.4743810918189725, 0.47367199043785435, 0.47296292791696387, 0.472254202243492, 0.47154553560443563, 0.4708369128423383, 0.4701283165713798, 0.46941973710953183, 0.46871123984395424, 0.46800283471634874, 0.4672945437158912, 0.46658628482304754, 0.46587811435644216, 0.46516994877116125, 0.46446185519766203, 0.46375405543550796, 0.46304625832896484, 0.4623386641038944, 0.4616311436808367, 0.4609236739223163, 0.46021622085479635, 0.4595088356930643, 0.458801455745529, 0.45809417924868684, 0.4573869718141997, 0.45667987355486955, 0.4559728197434554, 0.4552658274449697, 0.454558930214286, 0.4538521514767339, 0.4531456732671996, 0.4524392542230592, 0.451732837726308, 0.4510265282756543, 0.45032024712236923, 0.4496141025350332, 0.44890820041690893, 0.4482022964549769, 0.447496468077369, 0.4467907488137993, 0.4460850433602137, 0.44537934507776183, 0.44467371346515244, 0.4439682399181328, 0.4432628511528839, 0.44255750097137464, 0.4418522058219048, 0.4411470099276882, 0.44044214437372875, 0.43973737238089744, 0.43903264946870846, 0.43832798460474065, 0.4376233440894549, 0.43691879099614317, 0.4362144492129865, 0.4355102869478506, 0.4348063372015557, 0.4341024697191181, 0.43339878028452916, 0.43269513590308095, 0.43199152000561425, 0.4312880796143533, 0.4305846906245836, 0.42988149204248083, 0.42917829990793127, 0.4284751855723172, 0.4277720901633823, 0.42706905239260656, 0.42636601110283345, 0.425663198193635, 0.42496060916848866, 0.42425806483569317, 0.4235556463706315, 0.42285331849232377, 0.4221510970307992, 0.4214488879682017, 0.4207468621882331, 0.4200449015332564, 0.41934307237811513, 0.4186413674029198, 0.417939748873518, 0.41723826597176106, 0.41653679700739876, 0.41583536711461055, 0.4151340205711849, 0.414432843851622, 0.413731725891381, 0.41303073865831474, 0.4123298148998539, 0.41162890972592153, 0.41092806857021424, 0.4102272634604065, 0.4095265189038194, 0.4088258576202849, 0.4081253853462096, 0.40742497066215394, 0.4067248786929617, 0.40602504877597967, 0.4053252216294651, 0.40462543369701537, 0.40392570039050035, 0.4032260538998131, 0.4025264396180153, 0.4018270143189064, 0.40112771082746757, 0.40042846497101514, 0.3997292329025942, 0.39903007157025544, 0.39833094951946846, 0.3976319374831662, 0.39693303118257817, 0.396234150153273, 0.39553532346494513, 0.39483651763654415, 0.39413774983663363, 0.39343900001987125, 0.39274027824759805, 0.3920416192741937, 0.3913430267608567, 0.39064445357363076, 0.3899458967920112, 0.38924743641327414, 0.38854913566316507, 0.387850868317041, 0.38715263473135, 0.38645440998316527, 0.3857561907633125, 0.3850581270388658, 0.38436017173476483, 0.38366229470001, 0.38296446417149876, 0.38226676369808904, 0.3815690629908043, 0.3808715098721176, 0.3801741955825655, 0.37947693847408903, 0.3787800381233295, 0.37808329346138847, 0.377386605241779, 0.37668998630072387, 0.3759934212653174, 0.3752968699281292, 0.3746005722356967, 0.373904380606621, 0.3732082893437561, 0.37251232573441556, 0.3718164620676467, 0.37112086681158, 0.37042530853952876, 0.36973015331462594, 0.36903502587793147, 0.3683399923997766, 0.3676450255080904, 0.36695009973447107, 0.3662552194708433, 0.3655603370482005, 0.36486558559460847, 0.36417092038561716, 0.3634763343429592, 0.3627817533555542, 0.36208720476523815, 0.36139266990086033, 0.3606981386068719, 0.3600037032155074, 0.3593093524993892, 0.3586151518871984, 0.3579209952533292, 0.3572269390615958, 0.35653291382016117, 0.3558389710319985, 0.35514509899050156, 0.3544513305421699, 0.35375759432134707, 0.353063864735007, 0.352370189694526, 0.35167653974850915, 0.3509829789585965, 0.35028947003867306, 0.34959599545382947, 0.348902541370248, 0.34820922508720326, 0.3475159357341334, 0.3468226563654001, 0.3461294303739529, 0.34543633249524575, 0.344743310813762, 0.3440503233492552, 0.3433574139181854, 0.3426646626972723, 0.34197191583652226, 0.3412791959731897, 0.34058651432431775, 0.3398939015111882, 0.33920138408256817, 0.33850889501953363, 0.33781650138132563, 0.3371241776731924, 0.33643194955538613, 0.3357397640331753, 0.3350476496729112, 0.3343555868234526, 0.3336635362445258, 0.3329715670066724, 0.3322796446703056, 0.33158784056933727, 0.3308961230396737, 0.3302044201521129, 0.3295127457450408, 0.32882109771147067, 0.3281294863049262, 0.327437944967009, 0.3267464897325581, 0.32605512829394123, 0.3253639843717139, 0.32467285668778983, 0.32398214933876196, 0.3232915007339941, 0.322600858968229, 0.32191049137192634, 0.3212201549234292, 0.3205299553743724, 0.31983982610584005, 0.3191497045642154, 0.31845979999735924, 0.3177700460237368, 0.317080347401934, 0.3163906938978421, 0.31570119553814596, 0.31501171329396116, 0.314322255913414, 0.31363286226889636, 0.3129435626045168, 0.3122544036368751, 0.3115653551152411, 0.3108764209663808, 0.31018759981650923, 0.30949880071875796, 0.30881008983914415, 0.3081214019762932, 0.30743275795212605, 0.30674413488465974, 0.3060555323648824, 0.30536703715452507, 0.3046789061930028, 0.30399093948420675, 0.30330310244625097, 0.3026152832594257, 0.301927517328576, 0.30123977594064655, 0.3005520621783156, 0.29986433468807966, 0.2991766495621714, 0.2984890623751757, 0.29780161322599846, 0.2971142167516591, 0.29642691860552284, 0.29573965020599513, 0.2950524647648951, 0.2943652903974816, 0.29367815104495176, 0.2929910258259642, 0.2923039407722407, 0.29161686700241596, 0.2909298244668544, 0.29024281232850874, 0.2895558390810395, 0.28886889334600674, 0.2881819655187645, 0.28749505781043794, 0.2868081818218895, 0.28612140240959427, 0.2854346424635317, 0.2847479043968422, 0.2840612371423193, 0.2833746093098791, 0.2826880518410977, 0.28200156497305107, 0.2813154805610907, 0.2806295289044464, 0.2799436960560332, 0.2792580485534348, 0.2785724135138757, 0.2778868555994706, 0.2772013153637514, 0.27651583964855075, 0.27583038069649707, 0.27514493224684705, 0.2744596261226562, 0.27377436340645095, 0.27308913304571136, 0.2724040241219767, 0.2717190258700656, 0.27103411556469204, 0.270349272119969, 0.2696644681244772, 0.2689796958677698, 0.2682952060499507, 0.2676108621031547, 0.26692657529073643, 0.2662423214417344, 0.2655581364442411, 0.26487403109712426, 0.2641900370744334, 0.2635060694710355, 0.26282216902642036, 0.26213827618877367, 0.2614544149030624, 0.2607705786372931, 0.2600867786639749, 0.25940308563959524, 0.25871944876228553, 0.25803583229220123, 0.2573522522488007, 0.2566687205255418, 0.25598533632871434, 0.255302018078116, 0.2546188522684822, 0.2539357060712785, 0.25325261065325716, 0.2525695454659218, 0.2518865059237448, 0.2512035214984411, 0.25052058581536274, 0.24983775573340206, 0.2491549677749923, 0.24847235806084436, 0.24778994252468564, 0.24710756611288642, 0.24642521295248915, 0.24574293349201848, 0.2450607526037756, 0.24437864535262993, 0.24369671560976328, 0.24301484972159962, 0.242333052253299, 0.24165132056188285, 0.24096962445086825, 0.24028795287496013, 0.2396062975107595, 0.23892472154291008, 0.23824317630437875, 0.2375616533143627, 0.2368801836751847, 0.23619875879571361, 0.23551733122571544, 0.23483600117608364, 0.23415475230716445, 0.23347352998742055, 0.2327924001311947, 0.23211131524379386, 0.2314305036997682, 0.23074976693192417, 0.23006924049046606, 0.2293887805193135, 0.2287083805877093, 0.22802806359174974, 0.22734792984082322, 0.22666783199191415, 0.22598787312400956, 0.22530799899856557, 0.22462819989459562, 0.2239485204653585, 0.22326893758137137, 0.22258938174590942, 0.22190985621519638, 0.22123040001315936, 0.22055097169495919, 0.21987158066301277, 0.21919223745610217, 0.21851292915325696, 0.2178336605655548, 0.21715452484283654, 0.21647549669093166, 0.21579650807456305, 0.21511759871344058, 0.21443874616933234, 0.21375998779565794, 0.2130813183569062, 0.21240284760317288, 0.21172441467324377, 0.2110460433753223, 0.2103677398421006, 0.20968947401414073, 0.20901123917119438, 0.20833306023109363, 0.20765491811095094, 0.20697698008886567, 0.2062991227625044, 0.20562134092648376, 0.2049437098485859, 0.2042661634700914, 0.20358863687332668, 0.20291124332703184, 0.2022339163958301, 0.20155663557923303, 0.20087939476594735, 0.20020217870091056, 0.1995251006422483, 0.1988480730414116, 0.19817108389090896, 0.19749418995562532, 0.19681733060936696, 0.1961405494609531, 0.19546381773785854, 0.19478713079908053, 0.19411050354800333, 0.19343401887359593, 0.19275757846287545, 0.1920812096763537, 0.19140490095149232, 0.1907286926856481, 0.19005252230178768, 0.18937648955136016, 0.18870047254015637, 0.18802452057310995, 0.1873486082042713, 0.18667276921098597, 0.18599702544632946, 0.18532135609165942, 0.18464579996478367, 0.18397028741818325, 0.1832948843732817, 0.18261951639805385, 0.1819442512110261, 0.18126904063483187, 0.18059400328474132, 0.17991912586186365, 0.1792442886546697, 0.1785695288388468, 0.17789479174274286, 0.17722011350417227, 0.17654548718808669, 0.17587093775474832, 0.17519645003621231, 0.1745220133109796, 0.17384766387336423, 0.17317351850529128, 0.1724994808390543, 0.1718255154533617, 0.17115158692934948, 0.1704777933073752, 0.16980404600601676, 0.1691303936101448, 0.16845679446848513, 0.16778324594664185, 0.1671098010307815, 0.16643644280966474, 0.1657631613009048, 0.16508993090895258, 0.16441688551671751, 0.16374396488889773, 0.1630711100037789, 0.16239834025359948, 0.161725658517768, 0.16105303670035132, 0.16038054031138055, 0.15970808806221207, 0.15903579305956378, 0.15836357979671065, 0.15769146586939797, 0.15701952846846554, 0.1563476980139375, 0.15567595608301263, 0.1550043142296079, 0.15433276419114356, 0.15366130501428782, 0.1529899170417641, 0.1523185889897773, 0.15164740241441008, 0.15097627968833008, 0.15030527296379198, 0.14963442328482274, 0.1489637118540481, 0.14829311593097988, 0.1476225817792769, 0.14695234942302618, 0.14628222240085506, 0.14561217763493714, 0.144942263627515, 0.14427251299240293, 0.14360283691958053, 0.14293325153659803, 0.1422637441455617, 0.14159438453340356, 0.14092517256713652, 0.14025610331918953, 0.13958731362114307, 0.13891861817756354, 0.13825011125407144, 0.13758171429298818, 0.13691340593765502, 0.13624517530589894, 0.13557708788621045, 0.1349090946845233, 0.13424132167684114, 0.13357367185335234, 0.13290611931571936, 0.13223880208978617, 0.13157156327404626, 0.1309044863636001, 0.13023750893282998, 0.12957068409206052, 0.1289041094531162, 0.12823767942181066, 0.1275713594063434, 0.1269051932704265, 0.12623917412155214, 0.12557328228889525, 0.12490749957240913, 0.12424197255470742, 0.12357658675463831, 0.12291135172302052, 0.12224629948688252, 0.1215814046744647, 0.12091666018313788, 0.12025218796358854, 0.11958784778031643, 0.11892363560276575, 0.11825960281120879, 0.11759576645754166, 0.11693204688584802, 0.11626850334698642, 0.11560512102421237, 0.1149418958331914, 0.1142788367657413, 0.11361601921486525, 0.11295346812021922, 0.11229113129895067, 0.11162897294066891, 0.11096702467747649, 0.11030530510135263, 0.10964377480001451, 0.1089824298402171, 0.10832129808165007, 0.10766036965969461, 0.10699964849274346, 0.10633911431088189, 0.10567885488253642, 0.10501876901359211, 0.10435887201750531, 0.10369922732212898, 0.10303982477669617, 0.10238084102786282, 0.10172212726539052, 0.10106365914862786, 0.10040541473241754, 0.09974749718113414, 0.09908985351603412, 0.09843247904235418, 0.09777537337798287, 0.09711851694271265, 0.09646191463114148, 0.09580551778824221, 0.09514949637536349, 0.09449376713408608, 0.09383833362765057, 0.09318319693250676, 0.09252835804153121, 0.09187384850587052, 0.09121968578254587, 0.09056585183005504, 0.089912336710338, 0.08925926512563677, 0.08860649458792465, 0.08795407954057442, 0.08730198946647022, 0.08665029977824797, 0.08599907411473313, 0.08534825724403179, 0.08469783349047139, 0.08404780165691854, 0.08339827160395037, 0.08274913969165236, 0.08210041727854304, 0.0814521998980671, 0.08080439904134741, 0.08015714624015885, 0.0795104005332944, 0.0788641467040655, 0.07821836118295551, 0.07757311140229821, 0.07692847482816986, 0.07628441790035127, 0.07564088909291952, 0.07499795062248367, 0.07435556492470727, 0.07371376743780539, 0.07307257667047358, 0.072432030424887, 0.07179213368972308, 0.07115284706802169, 0.07051424970795757, 0.0698763368457145, 0.06923910544661997, 0.06860263992265217, 0.06796700505680602, 0.06733212729616296, 0.06669792701331864, 0.0660646046524988, 0.0654321630554409, 0.06480055561588292, 0.06416984603463396, 0.06354010449030885, 0.06291128294739182, 0.06228350667837301, 0.06165667285566745, 0.06103089292965419, 0.06040616132501747, 0.05978250392585956, 0.05915990168159106, 0.058538434274538566, 0.05791809438011467, 0.057299014867786734, 0.05668119983864714, 0.0560646113918295, 0.055449438026901846, 0.05483558654475909, 0.05422317726923501, 0.05361235771536399, 0.053002965085971715, 0.052395218135569, 0.0517890221401272, 0.05118461906189248, 0.05058195047924865, 0.04998115540521031, 0.04938228676540655, 0.0487854161692075, 0.04819047054804854, 0.047597677636596565, 0.047006986603384045, 0.046418538164952776, 0.04583240458673403, 0.04524872443383534, 0.044667543308189776, 0.04408887713398912, 0.04351284823819074, 0.04293957542696034, 0.04236920980197598, 0.0418019947561372, 0.04123797372860957, 0.0406771546551162, 0.040119646035763366, 0.03956555408983986, 0.03901522244435574, 0.03846927362744447, 0.037927381947324076, 0.03738958371714702, 0.036856224693762416, 0.03632727045250124, 0.035803105971086, 0.03528369514270264, 0.03476959123981704, 0.03426080817071653, 0.03375766618448463, 0.03326050256603358, 0.03276945516077962, 0.03228481290546676, 0.03180695005059729, 0.0313362026131141, 0.030872937800871494, 0.03041747413647777, 0.029970085629625564, 0.029531323869511635, 0.029101261325541833, 0.028680267302414627, 0.028268668258531214, 0.027867130259355614, 0.02747581419338043, 0.027095042301124236, 0.02672567226672199, 0.02636817743281424, 0.02602345165215458, 0.025691582502751498, 0.025372979536159003, 0.025068065394742756, 0.024777497940438382, 0.024502047260171533, 0.024241845168969937, 0.02399712107664052, 0.02376820949522555, 0.02355625644850957, 0.023361664523281016, 0.023185063290109765, 0.023026628604356905, 0.02288685434948595, 0.0227659081272834, 0.022664782590320225, 0.022584190674104422, 0.022524315953234456, 0.022485608356151703, 0.02246806403033509]",EGB_XGB_GAM_CYCLIC_REVERSE_CYCLIC_REVERSE,synthetic_ordering1000,1,5,42,150
"['offset', 'x7', 'x998', 'x8', 'x975', 'x6', 'x17', 'x973', 'x991', 'x60', 'x994', 'x21', 'x15', 'x993', 'x972', 'x990', 'x985', 'x11', 'x18', 'x61', 'x10', 'x970', 'x959', 'x5', 'x986', 'x995', 'x43', 'x953', 'x2', 'x51', 'x977', 'x997', 'x38', 'x952', 'x946', 'x39', 'x979', 'x80', 'x982', 'x3', 'x981', 'x992', 'x45', 'x978', 'x24', 'x9', 'x989', 'x987', 'x34', 'x948', 'x934', 'x41', 'x13', 'x56', 'x44', 'x894', 'x62', 'x37', 'x951', 'x924', 'x55', 'x19', 'x29', 'x954', 'x967', 'x996', 'x94', 'x999', 'x880', 'x980', 'x940', 'x27', 'x932', 'x14', 'x964', 'x926', 'x897', 'x12', 'x58', 'x111', 'x53', 'x945', 'x950', 'x971', 'x935', 'x923', 'x186', 'x82', 'x976', 'x36', 'x40', 'x942', 'x988', 'x871', 'x4', 'x943', 'x30', 'x26', 'x74', 'x47', 'x938', 'x930', 'x181', 'x86', 'x962', 'x20', 'x77', 'x974', 'x960', 'x872', 'x961', 'x927', 'x93', 'x966', 'x955', 'x65', 'x949', 'x114', 'x931', 'x906', 'x33', 'x31', 'x92', 'x70', 'x958', 'x969', 'x42', 'x912', 'x49', 'x125', 'x963', 'x28', 'x59', 'x881', 'x900', 'x100', 'x913', 'x64', 'x904', 'x937', 'x88', 'x914', 'x25', 'x99', 'x947', 'x35', 'x16', 'x110', 'x96', 'x858', 'x898', 'x63', 'x910', 'x46', 'x939', 'x936', 'x73', 'x984', 'x884', 'x22', 'x911', 'x878', 'x103', 'x983', 'x920', 'x54', 'x84', 'x118', 'x66', 'x108', 'x48', 'x916', 'x922', 'x122', 'x78', 'x32', 'x921', 'x146', 'x104', 'x968', 'x915', 'x956', 'x905', 'x79', 'x882', 'x121', 'x101', 'x874', 'x918', 'x83', 'x875', 'x50', 'x52', 'x89', 'x72', 'x76', 'x168', 'x890', 'x90', 'x130', 'x196', 'x957', 'x148', 'x23', 'x75', 'x91', 'x123', 'x941', 'x193', 'x57', 'x117', 'x105', 'x889', 'x925', 'x888', 'x895', 'x113', 'x150', 'x883', 'x167', 'x106', 'x109', 'x944', 'x69', 'x885', 'x129', 'x839', 'x161', 'x899', 'x95', 'x85', 'x87', 'x886', 'x919', 'x917', 'x868', 'x851', 'x879', 'x928', 'x71', 'x840', 'x116', 'x830', 'x903', 'x68', 'x153', 'x790', 'x893', 'x170', 'x172', 'x127', 'x907', 'x195', 'x756', 'x965', 'x841', 'x850', 'x892', 'x102', 'x848', 'x147', 'x160', 'x157', 'x902', 'x908', 'x891', 'x859', 'x877', 'x857', 'x151', 'x933', 'x896', 'x819', 'x876', 'x189', 'x869', 'x852', 'x887', 'x134', 'x141', 'x128', 'x81', 'x842', 'x847', 'x191', 'x805', 'x120', 'x142', 'x175', 'x169', 'x107', 'x838', 'x180', 'x179', 'x901', 'x873', 'x149', 'x853', 'x929', 'x140', 'x909', 'x67', 'x798', 'x112', 'x177', 'x849', 'x817', 'x741', 'x217', 'x185', 'x833', 'x809', 'x115', 'x836', 'x290', 'x733', 'x136', 'x674', 'x864', 'x824', 'x199', 'x131', 'x867', 'x780', 'x814', 'x156', 'x863', 'x126', 'x188', 'x166', 'x844', 'x860', 'x164', 'x811', 'x829', 'x856', 'x767', 'x97', 'x119', 'x832', 'x143', 'x810', 'x827', 'x132', 'x816', 'x804', 'x820', 'x133', 'x230', 'x98', 'x163', 'x225', 'x137', 'x773', 'x135', 'x802', 'x200', 'x812', 'x845', 'x183', 'x831', 'x763', 'x870', 'x342', 'x154', 'x834', 'x846', 'x835', 'x803', 'x201', 'x138', 'x234', 'x255', 'x248', 'x822', 'x855', 'x216', 'x813', 'x854', 'x782', 'x204', 'x866', 'x159', 'x178', 'x777', 'x173', 'x865', 'x194', 'x799', 'x762', 'x807', 'x766', 'x207', 'x145', 'x238', 'x776', 'x208', 'x144', 'x184', 'x243', 'x797', 'x801', 'x399', 'x806', 'x298', 'x748', 'x124', 'x277', 'x745', 'x246', 'x224', 'x778', 'x297', 'x275', 'x218', 'x219', 'x139', 'x182', 'x758', 'x202', 'x843', 'x723', 'x158', 'x862', 'x721', 'x310', 'x711', 'x731', 'x212', 'x792', 'x712', 'x155', 'x800', 'x292', 'x261', 'x221', 'x250', 'x251', 'x710', 'x753', 'x769', 'x724', 'x815', 'x231', 'x162', 'x759', 'x796', 'x754', 'x765', 'x746', 'x361', 'x718', 'x751', 'x171', 'x229', 'x372', 'x825', 'x452', 'x789', 'x703', 'x771', 'x775', 'x211', 'x214', 'x784', 'x257', 'x190', 'x320', 'x459', 'x286', 'x742', 'x281', 'x627', 'x673', 'x270', 'x788', 'x739', 'x289', 'x747', 'x786', 'x235', 'x276', 'x740', 'x247', 'x651', 'x206', 'x826', 'x287', 'x774', 'x691', 'x222', 'x226', 'x821', 'x770', 'x362', 'x704', 'x818', 'x682', 'x274', 'x174', 'x240', 'x321', 'x258', 'x198', 'x239', 'x828', 'x861', 'x620', 'x728', 'x233', 'x295', 'x666', 'x165', 'x263', 'x625', 'x750', 'x689', 'x785', 'x713', 'x210', 'x344', 'x280', 'x679', 'x719', 'x575', 'x781', 'x259', 'x772', 'x791', 'x795', 'x227', 'x730', 'x319', 'x622', 'x300', 'x736', 'x608', 'x808', 'x700', 'x316', 'x755', 'x420', 'x285', 'x282', 'x328', 'x752', 'x657', 'x220', 'x727', 'x223', 'x283', 'x794', 'x215', 'x267', 'x322', 'x334', 'x254', 'x787', 'x641', 'x757', 'x688', 'x329', 'x696', 'x339', 'x743', 'x152', 'x244', 'x760', 'x205', 'x837', 'x406', 'x197', 'x764', 'x213', 'x497', 'x783', 'x684', 'x291', 'x237', 'x499', 'x252', 'x672', 'x735', 'x574', 'x242', 'x668', 'x271', 'x701', 'x823', 'x341', 'x299', 'x541', 'x269', 'x249', 'x203', 'x494', 'x272', 'x708', 'x462', 'x707', 'x768', 'x209', 'x387', 'x659', 'x793', 'x232', 'x687', 'x551', 'x390', 'x491', 'x716', 'x313', 'x176', 'x720', 'x536', 'x369', 'x355', 'x702', 'x738', 'x288', 'x228', 'x332', 'x610', 'x511', 'x377', 'x236', 'x568', 'x562', 'x304', 'x584', 'x301', 'x414', 'x358', 'x315', 'x647', 'x685', 'x645', 'x715', 'x253', 'x260', 'x465', 'x504', 'x326', 'x187', 'x709', 'x422', 'x592', 'x669', 'x357', 'x305', 'x309', 'x699', 'x296', 'x605', 'x646', 'x425', 'x725', 'x307', 'x586', 'x649', 'x650', 'x690', 'x303', 'x655', 'x488', 'x640', 'x353', 'x593', 'x693', 'x583', 'x779', 'x410', 'x518', 'x576', 'x525', 'x714', 'x573', 'x262', 'x460', 'x346', 'x337', 'x653', 'x256', 'x470', 'x284', 'x594', 'x449', 'x264', 'x323', 'x595', 'x538', 'x393', 'x265', 'x564', 'x621', 'x268', 'x520', 'x631', 'x580', 'x273', 'x335', 'x677', 'x314', 'x528', 'x550', 'x381', 'x382', 'x279', 'x350', 'x370', 'x308', 'x643', 'x401', 'x395', 'x325', 'x681', 'x522', 'x692', 'x241', 'x278', 'x405', 'x402', 'x384', 'x628', 'x566', 'x761', 'x419', 'x192', 'x615', 'x383', 'x396', 'x347', 'x354', 'x734', 'x553', 'x266', 'x360', 'x424', 'x618', 'x367', 'x678', 'x394', 'x302', 'x658', 'x698', 'x486', 'x532', 'x654', 'x644', 'x717', 'x245', 'x349', 'x695', 'x598', 'x312', 'x330', 'x565', 'x639', 'x749', 'x294', 'x567', 'x514', 'x306', 'x661', 'x476', 'x638', 'x671', 'x537', 'x629', 'x726', 'x617', 'x471', 'x374', 'x415', 'x490', 'x686', 'x563', 'x670', 'x500', 'x463', 'x435', 'x417', 'x732', 'x523', 'x614', 'x454', 'x737', 'x365', 'x680', 'x613', 'x705', 'x601', 'x507', 'x529', 'x311', 'x333', 'x642', 'x429', 'x623', 'x616', 'x458', 'x473', 'x496', 'x648', 'x343', 'x660', 'x697', 'x694', 'x609', 'x438', 'x603', 'x612', 'x388', 'x531', 'x446', 'x327', 'x480', 'x744', 'x571', 'x498', 'x561', 'x331', 'x477', 'x600', 'x633', 'x560', 'x706', 'x411', 'x664', 'x582', 'x524', 'x534', 'x579', 'x348', 'x607', 'x526', 'x336', 'x389', 'x391', 'x503', 'x559', 'x373', 'x457', 'x729', 'x667', 'x624', 'x450', 'x345', 'x430', 'x475', 'x508', 'x527', 'x587', 'x557', 'x467', 'x409', 'x533', 'x501', 'x363', 'x602', 'x652', 'x428', 'x521', 'x545', 'x468', 'x558', 'x340', 'x464', 'x722', 'x359', 'x437', 'x400', 'x676', 'x634', 'x489', 'x577', 'x656', 'x554', 'x413', 'x512', 'x368', 'x519', 'x513', 'x546', 'x356', 'x630', 'x293', 'x599', 'x403', 'x588', 'x426', 'x481', 'x570', 'x515', 'x542', 'x453', 'x407', 'x596', 'x517', 'x317', 'x318', 'x547', 'x351', 'x392', 'x416', 'x404', 'x606', 'x662', 'x479', 'x441', 'x509', 'x398', 'x385', 'x539', 'x665', 'x591', 'x421', 'x663', 'x352', 'x431', 'x380', 'x442', 'x675', 'x423', 'x635', 'x434', 'x572', 'x552', 'x502', 'x436', 'x375', 'x440', 'x589', 'x578', 'x448', 'x472', 'x530', 'x506', 'x324', 'x418', 'x447', 'x484', 'x456', 'x338', 'x540', 'x397', 'x427', 'x432', 'x581', 'x637', 'x451', 'x604', 'x510', 'x378', 'x619', 'x445', 'x433', 'x408', 'x548', 'x597', 'x364', 'x626', 'x487', 'x493', 'x495', 'x636', 'x474', 'x485', 'x379', 'x466', 'x366', 'x439', 'x632', 'x556', 'x444', 'x469', 'x611', 'x683', 'x455', 'x544', 'x492', 'x412', 'x569', 'x376', 'x443', 'x516', 'x461', 'x386', 'x483', 'x590', 'x555', 'x482', 'x543', 'x478', 'x371', 'x585', 'x505', 'x1000', 'x1', 'x549', 'x535']","[0.7132502859334683, 0.7127945550825363, 0.7120172825646945, 0.7112441279013308, 0.7104717062427243, 0.7096994440869713, 0.7089287604224433, 0.7081582563635168, 0.7073889535456278, 0.7066199778343084, 0.7058526222175798, 0.7050853792222441, 0.7043191939535932, 0.7035530971392818, 0.7027874098649318, 0.7020217996452356, 0.7012563050993579, 0.7004912192170479, 0.6997272899753091, 0.698963683059731, 0.6982000900631414, 0.6974365472263226, 0.6966735660159685, 0.6959107611747014, 0.6951488016973563, 0.6943870711224377, 0.6936254859801474, 0.6928639653560814, 0.6921027466072415, 0.6913416081865931, 0.6905811785504274, 0.6898208320077426, 0.6890605195254271, 0.6883004694850741, 0.6875406038958629, 0.6867808245728619, 0.6860210471009124, 0.6852613400961823, 0.6845017476260954, 0.6837422616185929, 0.6829827807844356, 0.6822236445086581, 0.6814645673679957, 0.680705733776747, 0.6799470341316509, 0.6791885130798146, 0.678430062093068, 0.6776720061586524, 0.6769140637019033, 0.6761563812709809, 0.6753987039210665, 0.6746418184587394, 0.6738851834289393, 0.6731286289652259, 0.6723721244255383, 0.6716156613930574, 0.6708593207790329, 0.6701032441461084, 0.6693474849297614, 0.6685919124766131, 0.6678364070004397, 0.6670810482035363, 0.6663257014811426, 0.6655704179256307, 0.6648153035007905, 0.6640602740841615, 0.6633053026743297, 0.662550706640895, 0.6617961187449466, 0.6610419202099731, 0.660287754007438, 0.6595336820620276, 0.658779630407718, 0.6580256101787327, 0.6572716852880532, 0.6565178463939054, 0.6557641687018592, 0.6550105810817203, 0.6542571159442541, 0.6535036827832419, 0.6527503831287627, 0.6519973687801296, 0.651244480528198, 0.6504916390261591, 0.6497388600119908, 0.6489861629427875, 0.6482335133365688, 0.6474810578457479, 0.6467287182738101, 0.6459765172295675, 0.6452244382834423, 0.6444724153009828, 0.6437210698916964, 0.6429698097050203, 0.6422186738581648, 0.6414675686753931, 0.6407167350631136, 0.6399660850431795, 0.6392159713887497, 0.6384659937804205, 0.6377162977893859, 0.6369666767817818, 0.6362171446312563, 0.6354676860724412, 0.6347182838209382, 0.6339688955808912, 0.6332196170543711, 0.6324704342319187, 0.631721330148473, 0.6309722618700844, 0.6302234386922244, 0.6294746354578608, 0.6287260383439943, 0.627977459575418, 0.6272289354539333, 0.6264805882520428, 0.6257328179848356, 0.6249853214804633, 0.6242381294014628, 0.6234909983417255, 0.6227442482437032, 0.6219975560407919, 0.6212508706952165, 0.620504257702687, 0.6197576517002634, 0.6190110899526119, 0.6182645342695036, 0.6175179814484413, 0.6167715519188164, 0.6160251408475017, 0.6152787463645312, 0.6145323547422368, 0.6137860253734061, 0.613039861006668, 0.6122937696949114, 0.6115480339338069, 0.6108023618374945, 0.6100568386144343, 0.6093113125766544, 0.6085659506606235, 0.6078206674470858, 0.6070754220255644, 0.6063302425602133, 0.6055852832020225, 0.6048403593357562, 0.6040954803972699, 0.6033506075104013, 0.6026057549293177, 0.6018610041932168, 0.6011162789040045, 0.600371601523053, 0.5996269661142853, 0.5988823710957816, 0.5981379803897722, 0.5973936509724265, 0.5966497717713433, 0.5959061701091265, 0.5951625869650197, 0.5944193025465243, 0.5936760958029906, 0.5929329187815235, 0.5921899193460937, 0.5914469974234062, 0.5907041115431131, 0.5899613531236393, 0.5892186551580709, 0.5884761782479954, 0.5877339677787671, 0.5869918789867118, 0.5862498283904108, 0.5855079062827646, 0.5847660328794603, 0.5840241660010186, 0.5832827385938579, 0.5825413313913361, 0.5818000361750604, 0.581059048051695, 0.5803181806308824, 0.5795773602982407, 0.5788365589769526, 0.5780958319041435, 0.5773554357838656, 0.5766152005957647, 0.5758751407571039, 0.5751351829791111, 0.5743952714999102, 0.5736554588343857, 0.5729158168250559, 0.5721762068936739, 0.5714371364699836, 0.5706982881137964, 0.5699594462924997, 0.569220630470309, 0.5684819869989814, 0.5677433686718122, 0.5670051056314492, 0.5662669298932484, 0.5655288798656722, 0.5647909330352237, 0.5640534488033321, 0.5633161949305441, 0.562578951341852, 0.5618418009981373, 0.5611047427341507, 0.5603680823118985, 0.5596314879734013, 0.5588949266893645, 0.5581583975535598, 0.5574218906134129, 0.5566855385679157, 0.5559492576444085, 0.555213081546193, 0.554477003937931, 0.5537409303084335, 0.5530049558309216, 0.5522692766992541, 0.5515338465161683, 0.5507985303472014, 0.550063445029133, 0.5493284549176196, 0.5485934720421716, 0.5478587270432793, 0.5471241173776642, 0.5463897246065077, 0.5456554687471433, 0.5449212751212309, 0.5441871258698949, 0.5434530452270488, 0.5427190167048177, 0.5419851831631256, 0.5412514270868265, 0.5405177234834929, 0.5397840261812681, 0.5390503729016902, 0.5383169846502972, 0.5375839144452619, 0.5368508549211802, 0.5361178177773499, 0.5353847904344854, 0.5346518209250033, 0.5339190593793721, 0.5331864000897624, 0.532453825365239, 0.5317212613603692, 0.5309888039460884, 0.5302566179770581, 0.5295244725355618, 0.5287924619651664, 0.5280606728792889, 0.52732896148187, 0.5265973213915635, 0.5258660774941333, 0.5251348476182838, 0.5244036478447605, 0.5236725251761143, 0.5229414564240702, 0.5222104510067788, 0.5214795174929079, 0.520748697061255, 0.5200179162592687, 0.5192871671234727, 0.5185568001568911, 0.5178265346718947, 0.5170964576706087, 0.516366445992007, 0.515636486742825, 0.5149066704809894, 0.5141768990269148, 0.5134471572306267, 0.5127177542626071, 0.5119884138090824, 0.5112591633488484, 0.5105300254655445, 0.5098010926781843, 0.5090722576322582, 0.5083436359904604, 0.5076155705927529, 0.506887511686215, 0.5061594614503245, 0.5054315292802196, 0.5047036041653358, 0.5039756917408306, 0.5032482476554678, 0.5025208812020121, 0.5017935872379089, 0.501066391672733, 0.5003393004808241, 0.49961233994845605, 0.4988854176244736, 0.49815850135603473, 0.4974317562719968, 0.49670511845414744, 0.49597858143011986, 0.49525206996507837, 0.4945255629635938, 0.4937991384262215, 0.49307288468673033, 0.4923467093660212, 0.4916206896604559, 0.4908946627104618, 0.4901687338572767, 0.4894428836449523, 0.48871705798503545, 0.48799158587825847, 0.48726615069559265, 0.48654078601784845, 0.4858154651782178, 0.4850902252936585, 0.48436507273321894, 0.48364011575933663, 0.4829152344885137, 0.48219036252889746, 0.4814655251639857, 0.4807407435164403, 0.48001610522032734, 0.4792918374524091, 0.4785675818768027, 0.4778433341036885, 0.4771192315791246, 0.47639540671668734, 0.47567159876620907, 0.4749478492267681, 0.47422417824203855, 0.4735006017365117, 0.47277703968208457, 0.4720535656737702, 0.47133038198055877, 0.47060745633439166, 0.4698847888381027, 0.4691621503291206, 0.46843953772042163, 0.46771699012298606, 0.46699450158598377, 0.4662720759573198, 0.4655497060721986, 0.46482748241548544, 0.464105336177193, 0.4633833303899126, 0.46266134495096867, 0.4619394656272284, 0.4612176962538202, 0.46049599340341996, 0.4597745843488125, 0.4590531833946517, 0.45833179650322614, 0.4576104678781853, 0.45688925548545956, 0.45616812836597875, 0.45544702883176397, 0.45472596280546723, 0.45400495548298503, 0.45328397651033825, 0.45256300379986125, 0.4518421492404929, 0.4511213124612881, 0.4504005221738939, 0.44967977961233807, 0.44895907412189007, 0.44823838015749234, 0.44751781089285436, 0.44679731578053355, 0.44607687227939635, 0.44535654143594006, 0.44463624644610705, 0.4439160580836343, 0.44319590568585504, 0.4424761188219732, 0.4417563364722371, 0.4410367660923815, 0.44031729010888654, 0.43959791497119205, 0.4388786993060426, 0.43815958669407556, 0.4374408135132792, 0.436722245137021, 0.4360037426284857, 0.4352854121445646, 0.43456717152182683, 0.4338489622614466, 0.43313081363977635, 0.43241280657825903, 0.431694989906341, 0.43097734979730506, 0.430259746146555, 0.4295421555943506, 0.42882468647891275, 0.4281073051723273, 0.4273900185133912, 0.42667276142251526, 0.4259555174141858, 0.4252382957298747, 0.4245210879294597, 0.42380404927809023, 0.4230870186596765, 0.4223701771627395, 0.4216535013360978, 0.4209368398872127, 0.42022019592326565, 0.4195036168926715, 0.4187870623606447, 0.41807072324046424, 0.4173543935549315, 0.4166380759553715, 0.415921797393709, 0.41520552859578475, 0.41448927223109755, 0.41377309966666376, 0.41305696209116327, 0.4123409015633415, 0.4116248461230191, 0.4109088207385618, 0.4101928462457544, 0.4094768940964081, 0.4087609500479305, 0.4080450158273037, 0.40732910143786644, 0.40661332747497103, 0.4058979343038774, 0.40518255791572255, 0.4044671995538626, 0.4037520659252791, 0.4030369415475007, 0.40232194898340756, 0.4016069710043461, 0.4008921496022085, 0.4001774209396538, 0.3994627425704595, 0.3987480807587845, 0.3980334585853496, 0.39731888563344014, 0.3966043672065067, 0.395889912470066, 0.3951754581242361, 0.39446117519035057, 0.3937469782001266, 0.3930330233318727, 0.3923192095512619, 0.39160542908563845, 0.39089172692546226, 0.3901780554974091, 0.38946445680756847, 0.38875093563149987, 0.3880374985751639, 0.38732410000205647, 0.38661070770350137, 0.3858973734751854, 0.3851842949407055, 0.38447132507585624, 0.383758384227476, 0.383045469893407, 0.38233271877623765, 0.381620124755506, 0.38090765110260333, 0.38019523906511965, 0.3794828516662278, 0.3787707203314955, 0.3780586211366712, 0.3773465260311316, 0.37663445558251063, 0.37592241879940014, 0.3752103927721201, 0.37449838287204895, 0.37378644399964883, 0.37307454008480095, 0.3723627186859357, 0.37165104482581135, 0.37093943878550345, 0.3702283446154847, 0.3695173850664031, 0.36880681612335786, 0.36809627374204074, 0.36738621586587583, 0.36667616559540817, 0.3659661333994403, 0.3652561632557679, 0.36454628243468284, 0.3638364773603578, 0.36312684619152846, 0.36241730913619236, 0.36170779918387364, 0.36099839231230846, 0.3602889996438585, 0.3595797202252588, 0.35887052643274536, 0.35816133979401366, 0.35745224433371314, 0.3567431645600092, 0.35603418520026814, 0.35532524992789977, 0.35461634813979326, 0.3539074793299553, 0.35319865104867504, 0.3524898420345271, 0.3517810907699401, 0.3510723691057588, 0.3503636671498856, 0.3496549894707105, 0.34894647525594863, 0.3482379813157842, 0.3475297525349833, 0.34682154545339977, 0.3461134390548655, 0.34540536091228685, 0.3446973912503587, 0.34398944123467967, 0.34328152388253985, 0.34257365520832145, 0.3418658517518684, 0.34115810354896203, 0.34045054123619395, 0.3397430547999938, 0.3390356137351884, 0.33832818764725486, 0.3376208943963848, 0.33691378339802547, 0.33620675371117825, 0.3354997375532181, 0.3347927592184665, 0.3340859441997339, 0.33337924730866225, 0.3326725882203694, 0.3319659949252866, 0.3312594277187967, 0.33055287991771665, 0.32984635540506674, 0.32913994192591, 0.32843364003887493, 0.3277273449234648, 0.3270210736078531, 0.3263148164114511, 0.3256085898542318, 0.3249024076738789, 0.3241962342497451, 0.3234900827179615, 0.3227839868983372, 0.3220780966925312, 0.32137232174947045, 0.3206665798446453, 0.3199608631937212, 0.31925516358868444, 0.3185494885613547, 0.3178438379956618, 0.31713831135353565, 0.31643282372566756, 0.31572736040540117, 0.3150219071774653, 0.3143165450008023, 0.3136113140993195, 0.31290610412630326, 0.31220096935672637, 0.31149585582630374, 0.3107909286186083, 0.31008610024435146, 0.3093813288548711, 0.30867670290083166, 0.30797212865052814, 0.30726764281757163, 0.3065631783313888, 0.3058587247935916, 0.3051542905473881, 0.3044499345056358, 0.30374575558427047, 0.3030416717796043, 0.30233767188630684, 0.3016338578168073, 0.300930147773698, 0.3002267004756016, 0.29952339978662523, 0.29882021082323834, 0.29811712588090905, 0.29741407292861116, 0.29671110625628844, 0.29600819627254626, 0.2953053213462465, 0.2946024586475561, 0.29389971302327506, 0.29319702183416513, 0.292494418618852, 0.2917918660969261, 0.29108933675091814, 0.2903868188530414, 0.2896845512899644, 0.2889823778403295, 0.2882802573818007, 0.28757825513944213, 0.2868764406832852, 0.28617479419170194, 0.2854732271919915, 0.28477169250794665, 0.28407016720988715, 0.28336882358130544, 0.2826675012524651, 0.2819662373951516, 0.28126501338057724, 0.28056380829744093, 0.2798626500723774, 0.2791615209345699, 0.2784603976090684, 0.27775934584770423, 0.277058356261325, 0.27635741482880055, 0.27565655615193346, 0.2749557008212109, 0.2742548701476354, 0.27355412260171635, 0.2728533799105058, 0.27215270655049295, 0.27145213330819046, 0.2707515754478182, 0.2700511311619571, 0.26935087392360135, 0.2686506138075026, 0.2679505338998664, 0.2672506769372784, 0.26655087429899, 0.265851086927627, 0.2651513219369083, 0.2644515792491392, 0.2637520300429859, 0.2630525877836955, 0.26235322606140654, 0.2616539105463275, 0.260954662497401, 0.2602554539639628, 0.2595562790125305, 0.2588572129111301, 0.25815822292277846, 0.25745931116124854, 0.25676041457265747, 0.25606154868773756, 0.2553627269338478, 0.2546639309345902, 0.25396516086382825, 0.25326641163915503, 0.2525678722618088, 0.2518693622607976, 0.2511708716905415, 0.25047247840894804, 0.2497741077114049, 0.24907590312625452, 0.2483777177872462, 0.24767958086206895, 0.24698152109975383, 0.2462837679592449, 0.24558603321926434, 0.2448883753511361, 0.24419077518848328, 0.2434932203023671, 0.2427957201613777, 0.24209824648407852, 0.24140081953690573, 0.24070339536036697, 0.24000608077596874, 0.2393087868707526, 0.2386115575178236, 0.23791435714986928, 0.23721717810918402, 0.23652016729212125, 0.23582321476556076, 0.23512632286558946, 0.23442949058265025, 0.23373270696132878, 0.233035947043864, 0.2323392762346979, 0.23164270113482627, 0.23094615690913978, 0.23024978671683174, 0.2295534465877831, 0.22885714322901324, 0.228160841160334, 0.22746462655557115, 0.22676842949832873, 0.22607233454110853, 0.22537627781507333, 0.22468026691422235, 0.22398431564846372, 0.22328840415174733, 0.22259254676856352, 0.2218967555534311, 0.22120107600214295, 0.22050558012032856, 0.2198101412372041, 0.21911474229185893, 0.21841946224312955, 0.21772421768307343, 0.21702906753762846, 0.21633396212766465, 0.21563889931141547, 0.21494387537518508, 0.21424892175387159, 0.21355406457794426, 0.2128592985296624, 0.21216456123759314, 0.21146984288703174, 0.2107751613971139, 0.2100805132027764, 0.20938590764001874, 0.2086914381153508, 0.2079969702343726, 0.2073025432526211, 0.20660816326989592, 0.20591380892549643, 0.20521953583064803, 0.2045252888425425, 0.20383110946083796, 0.20313708233912753, 0.20244308165212316, 0.20174913502103942, 0.20105521210479974, 0.20036133601624917, 0.19966749444406506, 0.1989737857077862, 0.19828018063277894, 0.1975867448983342, 0.1968933879395546, 0.196200202836267, 0.19550706874860166, 0.19481400554646253, 0.19412091858510314, 0.19342796705479412, 0.19273505371463096, 0.19204217932567577, 0.191349389982688, 0.19065670881205227, 0.1899641934417038, 0.18927174341832972, 0.18857933870790386, 0.1878869664726204, 0.1871947869809356, 0.18650267976133356, 0.18581074628025834, 0.18511880623846402, 0.18442693331995866, 0.18373512390278182, 0.1830433526176168, 0.18235163412118707, 0.18166004944572264, 0.18096860928235853, 0.1802772413597437, 0.1795859360700775, 0.17889469357860388, 0.1782034943863305, 0.17751238227212235, 0.1768214664490382, 0.17613069254475275, 0.17543998842186068, 0.17474938001177578, 0.17405880742851312, 0.1733683005227921, 0.17267799024356073, 0.1719877859957677, 0.17129770833913335, 0.1706076816071863, 0.1699177323477126, 0.16922783902368002, 0.16853800314663087, 0.16784823671168703, 0.16715857613988566, 0.16646899209893867, 0.16577947168823923, 0.1650900257840293, 0.16440065744121596, 0.16371133953111205, 0.16302210457968333, 0.16233299436263945, 0.1616440100710644, 0.16095509179952436, 0.16026624632892816, 0.1595775831946924, 0.1588889779578583, 0.15820048344838591, 0.15751216869521328, 0.1568239212914715, 0.15613573028947259, 0.1554476588225288, 0.15475968332184295, 0.15407181027165012, 0.1533840242208858, 0.1526963074940879, 0.1520087807290565, 0.15132134920076215, 0.1506341033948473, 0.14994695663042582, 0.14925987178268893, 0.1485729530109466, 0.1478861185845423, 0.14719948416909373, 0.1465132141248316, 0.14582712255522381, 0.14514107508256985, 0.14445518040499714, 0.14376934790042536, 0.14308368364608234, 0.14239813620523364, 0.14171273072477367, 0.14102740626661744, 0.14034232408457006, 0.13965732739414155, 0.1389724326947657, 0.13828766505948603, 0.1376029785022377, 0.1369183922579503, 0.1362338852614391, 0.13554948734517158, 0.13486522361494613, 0.1341812147824832, 0.13349731983110744, 0.13281351990675921, 0.1321298982135677, 0.131446393064795, 0.1307629955495094, 0.13007971328762116, 0.12939663363877543, 0.12871372623999772, 0.12803096362793773, 0.12734831322611403, 0.12666581498423463, 0.12598359362437575, 0.12530147240495024, 0.12461952936484373, 0.12393771847580082, 0.12325608588283574, 0.1225745705802746, 0.12189326535873604, 0.12121212044597204, 0.12053108865216919, 0.11985023868934007, 0.11916954551222514, 0.11848896785307822, 0.11780854556486138, 0.11712837502263342, 0.11644832805620146, 0.11576848383357727, 0.11508880464286471, 0.11440922685105374, 0.11372982384028914, 0.11305063527553236, 0.11237157111644962, 0.1116927527389003, 0.11101408645473793, 0.11033559857791563, 0.10965732339615226, 0.10897922647219016, 0.1083014079441105, 0.10762375308989004, 0.10694627843020961, 0.10626907219249435, 0.105592125171665, 0.1049153780504952, 0.1042387894515859, 0.10356260569131441, 0.10288662223403466, 0.10221086005879325, 0.10153537521140281, 0.10086023975277943, 0.10018537770074812, 0.0995107643847506, 0.09883640081978613, 0.0981623669123277, 0.09748860233517957, 0.0968152093577734, 0.09614205722786094, 0.09546917010811082, 0.09479653421712084, 0.09412418783601317, 0.09345209156877061, 0.0927803235318476, 0.09210886011641395, 0.09143769369552199, 0.09076690971617536, 0.09009640704185, 0.0894263591486709, 0.08875670672756722, 0.08808743489455027, 0.08741849284776836, 0.08674992121398488, 0.08608181805472552, 0.0854142119460828, 0.08474696856618685, 0.0840801551649416, 0.08341374543215117, 0.08274777935587055, 0.08208220951203861, 0.08141704022507691, 0.08075223137622847, 0.08008786252895034, 0.07942386388941243, 0.07876037965857695, 0.07809736724452869, 0.07743495752029779, 0.07677300596767425, 0.07611161279772337, 0.07545075204595225, 0.07479062639538256, 0.0741311741710026, 0.07347222236309434, 0.07281388095218651, 0.07215612319125418, 0.07149901962905379, 0.07084270813737663, 0.07018705060369931, 0.06953212413944657, 0.0688781787633236, 0.06822488697324126, 0.06757247248820497, 0.0669206919401462, 0.06626965415663819, 0.06561943607060962, 0.06497000801759555, 0.06432138879221956, 0.0636737613691927, 0.06302704361598019, 0.062381119027924294, 0.061736082529919654, 0.061092002441011935, 0.060448882638013374, 0.0598067630371577, 0.05916563943991582, 0.05852570679794746, 0.05788701669905155, 0.05724940705047396, 0.05661290304684208, 0.05597768207043109, 0.055343769070417916, 0.05471122886083396, 0.05408007289215817, 0.05345036819582386, 0.05282232717918531, 0.05219589607145919, 0.051570960546986004, 0.05094761218278422, 0.05032590736819439, 0.049705964640385666, 0.04908781971162187, 0.04847164496671056, 0.047857153562836235, 0.04724457854621183, 0.0466341035833888, 0.04602577139521989, 0.04541943132765957, 0.044815481607050164, 0.04421383031844109, 0.04361458710167724, 0.04301793335843809, 0.04242378323656344, 0.04183250174822085, 0.04124420695883503, 0.04065894363101275, 0.04007683532452224, 0.03949792179754601, 0.03892269807943365, 0.03835117094230207, 0.03778347745101581, 0.037219716741495976, 0.03665993863159813, 0.03610452124081765, 0.03555398483811822, 0.035008066720700864, 0.03446708799161457, 0.033931520565103464, 0.033401410523809794, 0.03287679387564109, 0.03235812174138495, 0.031845782626576793, 0.03134003529258008, 0.030840936760496086, 0.03034855789245957, 0.029863689126556268, 0.029386588421450508, 0.0289174714357607, 0.028456772730296478, 0.028004921733460454, 0.027562322197118874, 0.02712939169371678, 0.026706630491956443, 0.02629452314059062, 0.025893603588199896, 0.02550453148143084, 0.025127798493003194, 0.024764183620824307, 0.02441414893077834, 0.02407810125063802, 0.02375667545798171, 0.02345056909471217, 0.02316041749851754, 0.02288659251135452, 0.02263001234133383, 0.022390800357416807, 0.02216987958895044, 0.02196801200536585, 0.021785599466120114, 0.021622881913571562, 0.0214803369971249, 0.02135878369609976, 0.021258396814556074, 0.021179483237062258, 0.02112297732969028, 0.02108915547820599, 0.021080425534778322, 0.02108035270511788, 0.021110119427599532]",EGB_XGB_GAM_CYCLIC_REVERSE_CYCLIC_REVERSE,synthetic_ordering1000,2,5,42,150
"['offset', 'x990', 'x15', 'x20', 'x981', 'x992', 'x8', 'x16', 'x29', 'x4', 'x27', 'x999', 'x961', 'x28', 'x2', 'x5', 'x19', 'x11', 'x989', 'x18', 'x25', 'x997', 'x972', 'x982', 'x14', 'x993', 'x71', 'x947', 'x26', 'x9', 'x37', 'x967', 'x39', 'x971', 'x944', 'x998', 'x941', 'x30', 'x948', 'x996', 'x976', 'x978', 'x10', 'x7', 'x13', 'x968', 'x987', 'x45', 'x963', 'x70', 'x969', 'x24', 'x933', 'x62', 'x65', 'x960', 'x991', 'x965', 'x21', 'x44', 'x46', 'x74', 'x979', 'x953', 'x974', 'x994', 'x973', 'x54', 'x930', 'x956', 'x939', 'x929', 'x985', 'x91', 'x36', 'x970', 'x41', 'x66', 'x983', 'x50', 'x950', 'x6', 'x962', 'x954', 'x921', 'x88', 'x55', 'x934', 'x32', 'x964', 'x925', 'x980', 'x3', 'x51', 'x38', 'x12', 'x920', 'x940', 'x34', 'x931', 'x17', 'x22', 'x31', 'x60', 'x951', 'x946', 'x984', 'x73', 'x43', 'x975', 'x958', 'x977', 'x986', 'x923', 'x911', 'x33', 'x35', 'x988', 'x58', 'x23', 'x61', 'x68', 'x47', 'x928', 'x57', 'x100', 'x64', 'x906', 'x49', 'x924', 'x101', 'x932', 'x120', 'x876', 'x955', 'x42', 'x938', 'x957', 'x56', 'x81', 'x935', 'x78', 'x52', 'x912', 'x943', 'x926', 'x77', 'x84', 'x53', 'x959', 'x966', 'x945', 'x79', 'x48', 'x85', 'x874', 'x995', 'x86', 'x915', 'x76', 'x942', 'x910', 'x110', 'x904', 'x59', 'x875', 'x113', 'x111', 'x918', 'x952', 'x135', 'x936', 'x139', 'x106', 'x105', 'x865', 'x916', 'x894', 'x893', 'x99', 'x908', 'x63', 'x883', 'x913', 'x890', 'x67', 'x902', 'x115', 'x891', 'x75', 'x40', 'x899', 'x937', 'x124', 'x127', 'x132', 'x80', 'x840', 'x92', 'x94', 'x882', 'x864', 'x886', 'x98', 'x922', 'x90', 'x927', 'x181', 'x118', 'x97', 'x914', 'x72', 'x898', 'x900', 'x895', 'x146', 'x862', 'x873', 'x841', 'x112', 'x95', 'x83', 'x122', 'x96', 'x128', 'x880', 'x69', 'x901', 'x815', 'x878', 'x871', 'x119', 'x949', 'x103', 'x82', 'x125', 'x869', 'x844', 'x161', 'x150', 'x107', 'x123', 'x109', 'x141', 'x133', 'x889', 'x151', 'x221', 'x834', 'x861', 'x860', 'x888', 'x917', 'x131', 'x884', 'x858', 'x104', 'x877', 'x138', 'x87', 'x780', 'x173', 'x190', 'x159', 'x903', 'x114', 'x870', 'x832', 'x897', 'x89', 'x93', 'x919', 'x822', 'x867', 'x781', 'x845', 'x116', 'x140', 'x892', 'x130', 'x185', 'x887', 'x188', 'x907', 'x866', 'x836', 'x848', 'x829', 'x837', 'x868', 'x108', 'x797', 'x121', 'x214', 'x184', 'x820', 'x885', 'x909', 'x148', 'x198', 'x808', 'x117', 'x197', 'x144', 'x142', 'x179', 'x896', 'x182', 'x851', 'x811', 'x821', 'x905', 'x872', 'x153', 'x129', 'x830', 'x174', 'x147', 'x839', 'x813', 'x807', 'x846', 'x154', 'x102', 'x825', 'x187', 'x773', 'x171', 'x126', 'x826', 'x859', 'x180', 'x247', 'x855', 'x810', 'x793', 'x792', 'x801', 'x791', 'x853', 'x850', 'x165', 'x244', 'x835', 'x852', 'x216', 'x879', 'x847', 'x152', 'x158', 'x805', 'x881', 'x790', 'x857', 'x827', 'x814', 'x786', 'x170', 'x164', 'x206', 'x136', 'x134', 'x803', 'x854', 'x782', 'x819', 'x183', 'x816', 'x831', 'x143', 'x765', 'x137', 'x160', 'x741', 'x217', 'x720', 'x196', 'x175', 'x162', 'x169', 'x145', 'x800', 'x756', 'x213', 'x783', 'x176', 'x240', 'x818', 'x856', 'x768', 'x799', 'x771', 'x177', 'x842', 'x806', 'x239', 'x203', 'x166', 'x192', 'x760', 'x772', 'x273', 'x823', 'x767', 'x210', 'x156', 'x787', 'x802', 'x761', 'x838', 'x694', 'x149', 'x789', 'x303', 'x733', 'x167', 'x191', 'x209', 'x226', 'x747', 'x230', 'x824', 'x738', 'x779', 'x263', 'x155', 'x223', 'x759', 'x211', 'x254', 'x193', 'x777', 'x200', 'x295', 'x286', 'x208', 'x220', 'x231', 'x201', 'x788', 'x798', 'x849', 'x280', 'x250', 'x763', 'x163', 'x241', 'x828', 'x731', 'x288', 'x764', 'x264', 'x770', 'x794', 'x172', 'x157', 'x212', 'x863', 'x762', 'x268', 'x336', 'x817', 'x251', 'x796', 'x194', 'x287', 'x332', 'x843', 'x291', 'x224', 'x260', 'x809', 'x219', 'x202', 'x692', 'x715', 'x769', 'x702', 'x207', 'x178', 'x316', 'x293', 'x455', 'x242', 'x237', 'x766', 'x322', 'x189', 'x228', 'x199', 'x740', 'x753', 'x186', 'x283', 'x331', 'x784', 'x227', 'x726', 'x490', 'x665', 'x812', 'x300', 'x774', 'x776', 'x697', 'x689', 'x274', 'x620', 'x693', 'x238', 'x252', 'x758', 'x328', 'x215', 'x517', 'x168', 'x330', 'x248', 'x311', 'x272', 'x723', 'x742', 'x654', 'x204', 'x270', 'x314', 'x243', 'x218', 'x259', 'x284', 'x677', 'x297', 'x304', 'x795', 'x775', 'x232', 'x235', 'x647', 'x833', 'x299', 'x310', 'x338', 'x269', 'x707', 'x623', 'x752', 'x377', 'x588', 'x785', 'x337', 'x236', 'x278', 'x750', 'x195', 'x744', 'x736', 'x249', 'x321', 'x719', 'x253', 'x536', 'x340', 'x281', 'x716', 'x700', 'x308', 'x711', 'x302', 'x722', 'x349', 'x339', 'x225', 'x362', 'x229', 'x325', 'x313', 'x754', 'x690', 'x234', 'x751', 'x732', 'x292', 'x778', 'x222', 'x258', 'x631', 'x718', 'x709', 'x233', 'x354', 'x345', 'x734', 'x668', 'x804', 'x640', 'x326', 'x261', 'x319', 'x255', 'x323', 'x327', 'x699', 'x334', 'x626', 'x257', 'x205', 'x296', 'x320', 'x728', 'x673', 'x617', 'x317', 'x705', 'x655', 'x621', 'x359', 'x660', 'x435', 'x357', 'x730', 'x358', 'x603', 'x630', 'x746', 'x307', 'x714', 'x743', 'x245', 'x678', 'x329', 'x265', 'x271', 'x757', 'x701', 'x442', 'x438', 'x749', 'x277', 'x671', 'x523', 'x659', 'x282', 'x290', 'x351', 'x680', 'x578', 'x312', 'x390', 'x662', 'x344', 'x691', 'x440', 'x710', 'x356', 'x279', 'x428', 'x420', 'x417', 'x725', 'x713', 'x262', 'x674', 'x748', 'x717', 'x685', 'x301', 'x755', 'x696', 'x684', 'x480', 'x625', 'x318', 'x612', 'x604', 'x361', 'x267', 'x721', 'x706', 'x729', 'x498', 'x589', 'x585', 'x712', 'x541', 'x628', 'x421', 'x406', 'x550', 'x602', 'x745', 'x431', 'x641', 'x246', 'x422', 'x342', 'x592', 'x682', 'x429', 'x676', 'x453', 'x633', 'x450', 'x381', 'x632', 'x695', 'x492', 'x543', 'x385', 'x547', 'x599', 'x601', 'x727', 'x663', 'x629', 'x447', 'x400', 'x650', 'x360', 'x439', 'x593', 'x348', 'x275', 'x546', 'x365', 'x424', 'x703', 'x600', 'x437', 'x670', 'x506', 'x443', 'x449', 'x380', 'x432', 'x609', 'x687', 'x569', 'x386', 'x298', 'x675', 'x681', 'x352', 'x393', 'x644', 'x266', 'x366', 'x642', 'x389', 'x419', 'x411', 'x639', 'x534', 'x564', 'x648', 'x446', 'x698', 'x256', 'x384', 'x412', 'x615', 'x456', 'x607', 'x408', 'x627', 'x683', 'x724', 'x636', 'x383', 'x369', 'x562', 'x577', 'x545', 'x350', 'x487', 'x483', 'x415', 'x527', 'x289', 'x403', 'x343', 'x516', 'x556', 'x367', 'x479', 'x353', 'x708', 'x522', 'x737', 'x548', 'x489', 'x364', 'x464', 'x416', 'x608', 'x382', 'x538', 'x520', 'x739', 'x305', 'x355', 'x540', 'x475', 'x646', 'x500', 'x704', 'x652', 'x473', 'x315', 'x379', 'x515', 'x461', 'x486', 'x285', 'x294', 'x595', 'x643', 'x513', 'x401', 'x391', 'x553', 'x505', 'x373', 'x394', 'x664', 'x491', 'x347', 'x531', 'x605', 'x634', 'x306', 'x376', 'x378', 'x469', 'x561', 'x433', 'x524', 'x399', 'x418', 'x482', 'x407', 'x672', 'x368', 'x688', 'x735', 'x567', 'x584', 'x371', 'x590', 'x591', 'x679', 'x667', 'x395', 'x346', 'x341', 'x333', 'x596', 'x542', 'x451', 'x611', 'x658', 'x576', 'x649', 'x511', 'x375', 'x563', 'x324', 'x613', 'x374', 'x571', 'x518', 'x651', 'x616', 'x686', 'x476', 'x444', 'x598', 'x653', 'x656', 'x494', 'x463', 'x436', 'x387', 'x462', 'x586', 'x661', 'x508', 'x413', 'x535', 'x372', 'x459', 'x521', 'x594', 'x544', 'x427', 'x581', 'x587', 'x467', 'x397', 'x507', 'x568', 'x614', 'x496', 'x529', 'x335', 'x454', 'x471', 'x519', 'x445', 'x669', 'x396', 'x430', 'x309', 'x460', 'x398', 'x551', 'x597', 'x582', 'x499', 'x610', 'x560', 'x478', 'x276', 'x493', 'x484', 'x645', 'x583', 'x404', 'x402', 'x555', 'x565', 'x509', 'x405', 'x465', 'x554', 'x532', 'x558', 'x457', 'x510', 'x388', 'x468', 'x533', 'x410', 'x448', 'x472', 'x441', 'x425', 'x559', 'x557', 'x497', 'x526', 'x530', 'x528', 'x552', 'x426', 'x575', 'x466', 'x363', 'x485', 'x392', 'x481', 'x570', 'x539', 'x537', 'x512', 'x452', 'x502', 'x414', 'x572', 'x370', 'x423', 'x637', 'x458', 'x474', 'x488', 'x525', 'x579', 'x638', 'x635', 'x470', 'x501', 'x666', 'x549', 'x409', 'x618', 'x495', 'x619', 'x514', 'x574', 'x657', 'x477', 'x566', 'x606', 'x622', 'x624', 'x573', 'x434', 'x504', 'x580', 'x503', 'x1000', 'x1']","[0.7174612742975268, 0.717012413996317, 0.7162347401437407, 0.715463049548921, 0.7146938262773873, 0.7139252540748232, 0.713156837267868, 0.7123889784631254, 0.7116211833294086, 0.7108536013620049, 0.7100865780675439, 0.7093205338681325, 0.7085545283275548, 0.7077889495351173, 0.7070236316503521, 0.7062588379038457, 0.7054941362009882, 0.7047299613777269, 0.7039660262330795, 0.7032027503026939, 0.7024395230526292, 0.7016770354974223, 0.7009146456811836, 0.7001529511368578, 0.6993914360504064, 0.698630058684181, 0.6978689510419366, 0.6971082786986688, 0.6963476206471048, 0.6955870014845512, 0.6948265466465255, 0.694066221082267, 0.6933060399970845, 0.6925459231584532, 0.691786033526937, 0.6910261501125357, 0.6902664782484044, 0.6895071372093379, 0.6887480161155196, 0.6879889644147344, 0.6872305721382886, 0.6864722149605781, 0.6857138793903154, 0.6849558985801959, 0.6841980542347983, 0.6834402431693672, 0.6826825583829856, 0.6819249390060127, 0.6811675296332518, 0.6804101876633992, 0.6796529225254534, 0.6788958951448717, 0.6781390721549584, 0.677382774662814, 0.6766265107278446, 0.6758702707633197, 0.6751140845989851, 0.6743579195973615, 0.673601839560437, 0.6728458498483718, 0.6720899732860237, 0.6713341541148368, 0.6705786380471063, 0.669823160192375, 0.6690677485101207, 0.6683123738147582, 0.6675572537979187, 0.6668023168697672, 0.6660474203586653, 0.6652925538355956, 0.6645377811420944, 0.6637831858940376, 0.6630286013643317, 0.6622740795304564, 0.6615196745666546, 0.6607654558144109, 0.660011279778343, 0.6592576541374359, 0.6585040862419657, 0.6577505594593164, 0.6569974043653293, 0.6562443862723841, 0.6554913794458271, 0.6547383942395315, 0.6539854804342886, 0.6532326212040944, 0.6524797981350831, 0.6517270922236466, 0.6509744252282084, 0.6502220331659787, 0.6494702011301436, 0.6487184292377792, 0.6479668144486835, 0.6472153885991677, 0.6464639735840519, 0.645712772932453, 0.6449616659360435, 0.6442105711235417, 0.6434594800587023, 0.6427086470213058, 0.6419578810243953, 0.6412075291417436, 0.6404571944615086, 0.6397069899294208, 0.6389568651727842, 0.6382067820872592, 0.6374567992315437, 0.636706857402065, 0.6359569194188627, 0.6352070771555065, 0.6344572877608489, 0.6337075368882796, 0.6329580419098471, 0.6322086384866785, 0.6314594671268687, 0.630710308656991, 0.629961818740416, 0.6292134593471965, 0.6284651202795747, 0.6277169012671848, 0.6269688449263807, 0.6262208012332044, 0.6254729577915041, 0.6247255043912108, 0.6239781112476956, 0.6232307815806215, 0.6224838384955517, 0.6217370971158904, 0.6209903949082134, 0.6202437027163027, 0.6194970421781033, 0.6187506255091093, 0.618004282418279, 0.6172579900898838, 0.616511738059906, 0.6157658563177774, 0.6150202276651793, 0.6142746853166405, 0.6135294540421753, 0.612784422230998, 0.6120394757580011, 0.6112948973218795, 0.6105506420186916, 0.6098067685280367, 0.6090629474074398, 0.6083191869852975, 0.607575800429876, 0.6068325354568663, 0.6060892859193618, 0.6053462617169711, 0.6046032697584313, 0.6038602994951874, 0.6031178773738577, 0.6023755936807873, 0.6016335568645901, 0.6008916897684434, 0.6001499582683111, 0.5994083185282265, 0.5986667349914673, 0.5979253099450926, 0.5971839666813676, 0.5964426542458378, 0.595701449173769, 0.5949603830873094, 0.5942193408239332, 0.5934783177606665, 0.5927374103702998, 0.5919966985388907, 0.5912561706905715, 0.5905160350860194, 0.589775967289688, 0.5890359254137079, 0.5882959412067367, 0.5875559648416843, 0.5868162035472791, 0.5860765125497125, 0.5853368453463471, 0.5845973200299223, 0.583857822649087, 0.5831183392020721, 0.582378871823501, 0.5816395058368236, 0.5809001764213226, 0.5801609269225142, 0.5794216941264, 0.5786824805408627, 0.5779434953226659, 0.5772045320821062, 0.5764656032330115, 0.5757268656871154, 0.5749882466343865, 0.5742497174526777, 0.573511240125216, 0.5727727738231743, 0.5720347876225238, 0.5712969286743207, 0.5705590821121476, 0.5698212399815797, 0.5690834483050459, 0.5683458163490764, 0.5676083112980037, 0.5668708050285095, 0.566133337467439, 0.5653959287895423, 0.5646586897813588, 0.563921534017593, 0.5631848518959869, 0.5624482501652972, 0.56171164956618, 0.560975089175814, 0.5602386897371747, 0.5595023369509273, 0.5587660600483395, 0.5580298742486842, 0.5572938800251067, 0.5565580924815786, 0.5558224475302671, 0.5550870115672832, 0.5543516764311033, 0.553616610638394, 0.5528818354337244, 0.5521470758515947, 0.5514123651218767, 0.5506778853917393, 0.5499435782824976, 0.5492095281069445, 0.5484755171322426, 0.5477415948345576, 0.5470078086989792, 0.5462740807145952, 0.5455404443845702, 0.5448068583253872, 0.5440734799450175, 0.543340235127819, 0.5426070223438348, 0.5418741572778007, 0.541141308087243, 0.5404084689674608, 0.539675637603749, 0.5389430426923598, 0.5382105448344703, 0.5374781261043979, 0.5367457273004934, 0.5360133524303831, 0.53528107180609, 0.5345488904301752, 0.5338168273865913, 0.5330848027752686, 0.5323529737339348, 0.5316211847022522, 0.5308894741519241, 0.5301578111867832, 0.5294262001321297, 0.5286946414297959, 0.5279633407151646, 0.5272320702743142, 0.5265008066728152, 0.5257697967629573, 0.5250390282964668, 0.5243082672508305, 0.5235777392809382, 0.5228472467457569, 0.5221168202599545, 0.5213865698288903, 0.5206563548619199, 0.5199261780506055, 0.5191961777211275, 0.5184663251893935, 0.5177365728743782, 0.5170069954892884, 0.5162774584345603, 0.5155480479185957, 0.5148186468926066, 0.5140893200297991, 0.5133600103376342, 0.5126308893464911, 0.5119018038388782, 0.5111727688420531, 0.510443776304234, 0.5097148188556516, 0.5089861952909587, 0.5082576181935233, 0.5075290765667542, 0.5068007478160215, 0.5060725555504072, 0.5053444108566927, 0.5046163533181282, 0.5038883849804574, 0.5031605204071218, 0.5024328757884328, 0.5017055796733357, 0.5009784313115095, 0.5002512885226158, 0.49952419579229806, 0.49879719127215094, 0.49807023429398223, 0.4973433859183349, 0.4966165481341336, 0.4958897328446318, 0.49516294824377893, 0.49443638779666377, 0.49370984778856264, 0.492983369242697, 0.49225736442519136, 0.49153156863504105, 0.4908057805484794, 0.490080074402109, 0.48935438836283823, 0.48862883191003953, 0.487903298613135, 0.48717781662032805, 0.4864524009683374, 0.48572737329466587, 0.4850024575888517, 0.48427769391674086, 0.4835530169915986, 0.48282839425652596, 0.48210381572560695, 0.4813792604000706, 0.4806549168907044, 0.4799308092731932, 0.4792067701357422, 0.4784828945126701, 0.4777590836587382, 0.4770353258913055, 0.4763116117212591, 0.4755880781579092, 0.4748646143743248, 0.4741412028687424, 0.47341787073688535, 0.47269463981546805, 0.4719714555409551, 0.471248319567826, 0.47052531532704783, 0.4698023385120739, 0.4690794035127725, 0.46835651601023265, 0.4676337004662639, 0.4669109303741935, 0.46618819507670567, 0.4654654763225081, 0.46474288914341766, 0.4640205100147744, 0.4632981630106174, 0.462576025609977, 0.46185403267481984, 0.4611320902061702, 0.46041027807520996, 0.4596885937998394, 0.4589669142623474, 0.4582452644568426, 0.45752364497830567, 0.45680206559182546, 0.45608054730010716, 0.4553591732612537, 0.45463784688782105, 0.4539165290124008, 0.453195242788545, 0.45247398923003507, 0.45175273705219643, 0.4510317555747115, 0.4503107990039586, 0.4495901913925618, 0.448869675760988, 0.4481491883708938, 0.44742875863182074, 0.4467084705977125, 0.44598826052936963, 0.44526809970298725, 0.44454801538008004, 0.4438279348827534, 0.44310818056288637, 0.44238848709506745, 0.44166886373531766, 0.4409493296732234, 0.44023009577930355, 0.4395110223093558, 0.438791977143444, 0.43807297207852414, 0.43735409777976575, 0.4366352360253816, 0.4359166403425883, 0.4351980515531323, 0.4344795181551994, 0.43376103576748404, 0.433042589673443, 0.4323243485619075, 0.43160612100744966, 0.43088802316481944, 0.4301701192159152, 0.4294522477024108, 0.42873445182805736, 0.4280167033073604, 0.42729898879269695, 0.4265813250360613, 0.4258637390938493, 0.4251462265438962, 0.42442874047564955, 0.4237112760004756, 0.42299385837670606, 0.42227660397448535, 0.42155953731589235, 0.4208425652650642, 0.4201256713901989, 0.4194088585106597, 0.4186923097070032, 0.41797578529685453, 0.41725939981349036, 0.4165433594891988, 0.4158273461519301, 0.4151114267855911, 0.41439554322413086, 0.41367975171575644, 0.4129640184856937, 0.412248383083478, 0.4115327700845909, 0.4108171958259277, 0.41010170727421696, 0.4093863906570557, 0.40867111999698186, 0.4079559623511033, 0.4072408979466048, 0.4065259521987042, 0.4058110939449004, 0.4050963343675741, 0.40438158240113076, 0.4036668456218591, 0.4029521189341486, 0.40223748778149837, 0.4015228674274207, 0.40080826860892255, 0.4000937802194993, 0.39937933544706733, 0.3986649395882298, 0.39795063849713425, 0.39723634154081405, 0.3965220788585836, 0.39580789828225565, 0.3950937291013254, 0.39437956903285915, 0.393665445510396, 0.3929513347490174, 0.3922372305297272, 0.39152314819507805, 0.3908091286640414, 0.3900953437899922, 0.3893815777799601, 0.38866798234207744, 0.38795444383048816, 0.3872410134046116, 0.38652770901508204, 0.3858144907692953, 0.38510130498452316, 0.3843881603385147, 0.3836751151088021, 0.3829621644009546, 0.3822492376294231, 0.381536326159818, 0.3808234361815422, 0.38011060172797745, 0.3793978112488012, 0.3786850413529932, 0.3779722829778758, 0.3772596095020439, 0.3765472312397106, 0.3758348956526394, 0.3751227054549948, 0.3744106490982868, 0.37369870092197344, 0.3729868151334175, 0.37227507874685983, 0.37156349533962374, 0.3708519462260392, 0.37014057965466973, 0.36942924854537196, 0.3687179349527812, 0.36800668479039944, 0.36729547999944173, 0.3665843929814229, 0.3658733115713795, 0.36516223788798763, 0.36445117793444504, 0.36374014056467024, 0.36302914901869116, 0.3623181985320137, 0.36160742647988225, 0.36089667358176186, 0.3601860314842296, 0.359475499564545, 0.35876497852211947, 0.3580545243667399, 0.3573440879334502, 0.3566337479278225, 0.3559234545702619, 0.35521320778059035, 0.35450312050788735, 0.35379304413960166, 0.3530830977505032, 0.3523732244078794, 0.3516637719373716, 0.3509543976103998, 0.3502450327286882, 0.3495357340845453, 0.3488265547143788, 0.348117393370528, 0.3474082490043775, 0.34669916129087547, 0.34599011296267135, 0.3452810915310183, 0.34457213093903416, 0.3438631859910331, 0.34315437318125, 0.34244558378415674, 0.3417369180977765, 0.34102834875387916, 0.34031980539241913, 0.33961134686044603, 0.3389029281009443, 0.33819459612719843, 0.3374862793670396, 0.33677801310451305, 0.3360698679573967, 0.33536177970738074, 0.3346539439891466, 0.333946118273917, 0.33323831383827707, 0.3325305180974339, 0.331822818879194, 0.3311152341905598, 0.3304076936325146, 0.32970016729863333, 0.3289926901456404, 0.3282852693372556, 0.32757794791885797, 0.32687065829272294, 0.32616338920760446, 0.32545620626938426, 0.3247490513242126, 0.32404193137684423, 0.3233349718680405, 0.3226281914718612, 0.32192145877656, 0.32121476383740705, 0.32050813434307796, 0.31980167129386966, 0.31909529236709994, 0.3183889418616886, 0.3176826437617163, 0.3169764470654722, 0.31627031089808516, 0.315564174165713, 0.3148583167098297, 0.31415251548086964, 0.3134468145751573, 0.31274123172272666, 0.31203566245548386, 0.3113301142200311, 0.3106246236355296, 0.30991914707938695, 0.30921368968537694, 0.3085082559842221, 0.3078028437474109, 0.3070974918240902, 0.306392175452984, 0.30568697621713226, 0.30498178843008383, 0.3042766399261092, 0.3035715427194336, 0.3028664658932722, 0.30216141805678093, 0.3014563909449246, 0.3007514437491777, 0.30004653050398605, 0.2993416401645926, 0.298636845060364, 0.297932154361558, 0.2972274937270719, 0.29652285701049286, 0.29581827825080925, 0.2951137833964084, 0.2944093720983407, 0.29370508791516886, 0.29300081949733625, 0.2922966775410275, 0.2915925938213338, 0.29088852437652735, 0.2901844640271218, 0.28948043046204447, 0.28877641108216173, 0.2880724138266324, 0.2873686146079244, 0.28666481460325016, 0.2859611317721697, 0.28525751279697553, 0.28455401944176395, 0.2838506026203044, 0.2831472352106263, 0.2824439098572773, 0.28174062202190536, 0.28103735731891616, 0.2803341633589768, 0.27963107233898327, 0.2789280267977727, 0.27822504059196124, 0.27752211923331827, 0.27681921261750286, 0.27611632769180056, 0.2754134573879259, 0.27471060354090704, 0.27400779654946633, 0.27330507854526687, 0.27260239445268686, 0.27189973550813357, 0.27119713684582775, 0.27049478203858857, 0.26979244332095015, 0.2690902539857297, 0.2683881707237193, 0.2676861149481804, 0.26698409274847157, 0.2662821174315782, 0.2655802939595971, 0.2648785015059442, 0.26417672103826423, 0.2634749767032627, 0.26277345037799976, 0.26207202638557947, 0.26137068650598816, 0.26066937694543707, 0.2599680851008723, 0.2592668554204872, 0.25856564801176757, 0.25786448059889583, 0.2571633511378243, 0.2564623068712215, 0.25576130095878935, 0.2550603329264728, 0.25435944797186866, 0.2536586570139905, 0.2529578934502082, 0.25225718728191654, 0.251556508711686, 0.2508558909948827, 0.25015537968189516, 0.24945492989369739, 0.24875458461752764, 0.24805426636390282, 0.24735398942748305, 0.24665371502109804, 0.2459535016014944, 0.24525333849107842, 0.24455321026916949, 0.24385310521854328, 0.2431531095611312, 0.24245317148202747, 0.2417535760354106, 0.2410540232886353, 0.24035456327483573, 0.2396552127709823, 0.23895594323732328, 0.23825681162283643, 0.23755776958040997, 0.23685873509653813, 0.23615980369183143, 0.23546090253276128, 0.23476206437798097, 0.2340633176194024, 0.2333645885316341, 0.2326659498996763, 0.2319673496985566, 0.23126882015523406, 0.2305703839456413, 0.22987198135286374, 0.22917372224952362, 0.22847549594911942, 0.22777733612626394, 0.22707924931693585, 0.22638133292253573, 0.2256834409191201, 0.22498557279225945, 0.22428778273423505, 0.22359001470510467, 0.2228924408150281, 0.22219502875863645, 0.22149765725134468, 0.22080039771491897, 0.220103166090854, 0.2194059747934573, 0.21870882721509424, 0.21801171295525532, 0.2173146403922869, 0.21661757582768348, 0.2159205769774542, 0.21522365402693583, 0.21452677009663088, 0.21382999919473422, 0.21313327722975264, 0.21243672369998617, 0.21174020031762647, 0.21104369753521118, 0.2103472577611873, 0.20965087553262537, 0.20895456599290968, 0.2082583516052024, 0.20756224741532894, 0.20686620618023935, 0.20617023461513764, 0.20547428723645816, 0.20477840704662317, 0.20408257631142876, 0.2033867847104741, 0.20269107256393798, 0.201995527352922, 0.20130010789344477, 0.200604732371088, 0.1999093824070407, 0.19921407056663887, 0.1985188682602099, 0.19782374454408277, 0.1971287331320128, 0.1964337660161046, 0.19573885793159146, 0.19504402047920186, 0.19434928263228893, 0.1936545910486227, 0.19295995391403295, 0.19226538639964025, 0.19157093597396524, 0.19087650392489464, 0.19018213728512975, 0.18948780586598252, 0.1887935380708426, 0.18809940251378898, 0.18740531079536088, 0.18671127214153968, 0.18601726449228004, 0.1853234083349939, 0.18462962029617425, 0.18393590601819895, 0.18324232417269112, 0.1825488061091833, 0.18185534838055256, 0.18116197103232035, 0.18046865837820672, 0.17977537323498624, 0.17908221649118536, 0.17838908649218976, 0.17769607705363613, 0.17700314855716678, 0.17631047178806725, 0.17561796537626503, 0.17492557759033642, 0.17423324670447612, 0.1735410029752573, 0.17284882255421852, 0.17215670482383152, 0.17146464061058764, 0.1707726280785563, 0.1700806892814681, 0.16938882471141076, 0.16869704687488382, 0.16800533102974916, 0.16731372237355135, 0.16662217883910782, 0.16593069605736116, 0.16523928469339622, 0.1645479776202032, 0.16385676897818516, 0.16316564145113063, 0.16247462517498357, 0.1617836800210514, 0.16109279757179323, 0.1604019720792272, 0.15971120408777162, 0.1590205021095273, 0.15832988427476105, 0.1576393509937815, 0.15694889015026833, 0.15625856423717233, 0.15556830043503445, 0.15487813649553095, 0.15418808171683293, 0.15349814037437098, 0.15280830270331627, 0.15211856012913433, 0.1514289208560712, 0.15073943246374297, 0.15005007889376504, 0.1493608113247724, 0.14867163489501364, 0.1479825618878951, 0.14729359709486395, 0.14660474623825032, 0.14591596948152172, 0.1452273853096117, 0.1445388936484489, 0.14385052945516183, 0.14316233801650663, 0.14247429516971513, 0.14178633624428127, 0.14109845900240736, 0.14041069155118693, 0.13972306133847417, 0.13903556314031043, 0.13834817067539584, 0.1376608629846301, 0.13697368614073624, 0.13628656011819126, 0.13559957913350276, 0.1349127527578452, 0.13422598221533216, 0.133539374608325, 0.13285292712099328, 0.13216662110917188, 0.13148043603256682, 0.1307943491483102, 0.13010847527810535, 0.12942275267562933, 0.12873718947663879, 0.12805174405713562, 0.12736644108119297, 0.12668127134089155, 0.12599623170009722, 0.12531138769556796, 0.12462667350788352, 0.12394211043089301, 0.12325770663080855, 0.12257342729183955, 0.12188930482578042, 0.12120539407167301, 0.12052159700024832, 0.11983795313770518, 0.11915446038978253, 0.11847115727839096, 0.11778797297140738, 0.1171049223935404, 0.1164220146376851, 0.11573927685573103, 0.11505680635914825, 0.11437450853671582, 0.11369238962626073, 0.11301046865221087, 0.11232879799919303, 0.11164737203124638, 0.11096612047386224, 0.11028502493299898, 0.10960406659284286, 0.10892328724724754, 0.10824267995918027, 0.10756227166168378, 0.10688215133327782, 0.10620220998330472, 0.10552245765352114, 0.10484286715202418, 0.10416351969389206, 0.10348445162530996, 0.10280557777793368, 0.10212690351355228, 0.10144842863852677, 0.10077015358140892, 0.10009205706680982, 0.09941426565370613, 0.09873675191837032, 0.09805949753038792, 0.09738243658925096, 0.09670559723114013, 0.09602898374873324, 0.09535265270468461, 0.09467658218448062, 0.09400092609035372, 0.09332559547792085, 0.09265066404393069, 0.09197608527476464, 0.09130174187225047, 0.09062779704654446, 0.08995425146807218, 0.08928102642382033, 0.0886081276553726, 0.08793567234937662, 0.08726355219180279, 0.0865917454012285, 0.08592030326237762, 0.08524922562677106, 0.0845785238864787, 0.08390817899393746, 0.08323821691430462, 0.08256864425143465, 0.08189947417464724, 0.08123069428663486, 0.08056234331741677, 0.07989437809843028, 0.07922690016524926, 0.07855996566725418, 0.07789346624472822, 0.07722739927311313, 0.07656181756033231, 0.07589668662565925, 0.07523207081148307, 0.07456798401105783, 0.07390440286137696, 0.0732414104735552, 0.07257897492379371, 0.07191716145197465, 0.07125594056000094, 0.07059530536781984, 0.06993535670761557, 0.06927601688729856, 0.06861733057148586, 0.06795928958409815, 0.06730193382135255, 0.06664528340613826, 0.06598935620561744, 0.06533428531081222, 0.06467998834445489, 0.06402657250962852, 0.0633739607760254, 0.06272222419444083, 0.062071326091198226, 0.061421370634215884, 0.06077227418213539, 0.06012418531156399, 0.0594770442263623, 0.05883113845233856, 0.058186185669023865, 0.05754235938512858, 0.05689976099316356, 0.05625829919960689, 0.05561803763547229, 0.05497901765192067, 0.05434127649757681, 0.05370482386834023, 0.053069638718125735, 0.05243587352823763, 0.05180367748838218, 0.05117312668921115, 0.050544125489176375, 0.04991677025021453, 0.04929117712415753, 0.04866739192323613, 0.04804547787782064, 0.04742552143817652, 0.046807527506170864, 0.04619170087588696, 0.04557787400655235, 0.04496623502841364, 0.04435694939716672, 0.043749991083757926, 0.04314551674670393, 0.042543741222657104, 0.04194463817358603, 0.04134838588962568, 0.04075503241459746, 0.04016481255392371, 0.03957772372017698, 0.038993982954076044, 0.038413887715284374, 0.037837454812898796, 0.03726478457203463, 0.03669599633180068, 0.03613147013839275, 0.03557124675396016, 0.03501549230726407, 0.03446475141983806, 0.03391893327869077, 0.03337851609572565, 0.032843729333664015, 0.032314861136252086, 0.031792292839832696, 0.03127611659393974, 0.030766652549238178, 0.030264320519803507, 0.029769548849982876, 0.029282778575881165, 0.02880410814978163, 0.028333942164318632, 0.027872864040447535, 0.02742145525324975, 0.026980386552116153, 0.026549789072718342, 0.026130159918132237, 0.025722012690486608, 0.025325696758265674, 0.024942201040186556, 0.024572027682337065, 0.024215520421222075, 0.023873515464393872, 0.023546429104269868, 0.023235197951559216, 0.02294055827513962, 0.022663706940991356, 0.02240462669992264, 0.022164412496127304, 0.021943548213126766, 0.02174235730814057, 0.02156152669112164, 0.021401234794223283, 0.021261826284586186, 0.02114495954324233, 0.021051263442340533, 0.02098195835855237, 0.020950840332796487]",EGB_XGB_GAM_CYCLIC_REVERSE_CYCLIC_REVERSE,synthetic_ordering1000,3,5,42,150
"['offset', 'x9', 'x26', 'x4', 'x996', 'x11', 'x986', 'x51', 'x972', 'x999', 'x982', 'x23', 'x18', 'x6', 'x962', 'x17', 'x50', 'x978', 'x994', 'x975', 'x991', 'x951', 'x7', 'x987', 'x938', 'x69', 'x15', 'x20', 'x5', 'x990', 'x13', 'x965', 'x2', 'x992', 'x21', 'x961', 'x941', 'x19', 'x997', 'x954', 'x37', 'x12', 'x984', 'x988', 'x973', 'x968', 'x40', 'x964', 'x969', 'x16', 'x980', 'x963', 'x31', 'x32', 'x998', 'x974', 'x970', 'x971', 'x35', 'x989', 'x25', 'x960', 'x61', 'x950', 'x29', 'x33', 'x36', 'x981', 'x10', 'x983', 'x34', 'x3', 'x979', 'x8', 'x967', 'x14', 'x28', 'x993', 'x55', 'x59', 'x985', 'x79', 'x47', 'x97', 'x90', 'x952', 'x58', 'x68', 'x27', 'x937', 'x41', 'x60', 'x944', 'x49', 'x966', 'x931', 'x45', 'x22', 'x53', 'x957', 'x959', 'x87', 'x995', 'x932', 'x38', 'x901', 'x905', 'x899', 'x83', 'x48', 'x52', 'x891', 'x946', 'x940', 'x54', 'x947', 'x80', 'x942', 'x906', 'x948', 'x39', 'x30', 'x73', 'x977', 'x945', 'x108', 'x935', 'x24', 'x46', 'x71', 'x88', 'x930', 'x74', 'x85', 'x923', 'x958', 'x91', 'x125', 'x939', 'x72', 'x911', 'x928', 'x943', 'x77', 'x100', 'x44', 'x89', 'x42', 'x78', 'x113', 'x949', 'x953', 'x909', 'x976', 'x106', 'x924', 'x82', 'x120', 'x883', 'x927', 'x892', 'x929', 'x62', 'x98', 'x956', 'x907', 'x904', 'x848', 'x919', 'x63', 'x918', 'x57', 'x96', 'x65', 'x903', 'x109', 'x917', 'x955', 'x43', 'x56', 'x86', 'x933', 'x912', 'x920', 'x881', 'x934', 'x66', 'x81', 'x95', 'x110', 'x119', 'x916', 'x878', 'x128', 'x123', 'x915', 'x925', 'x890', 'x84', 'x936', 'x115', 'x879', 'x885', 'x70', 'x896', 'x900', 'x76', 'x884', 'x131', 'x140', 'x882', 'x64', 'x112', 'x922', 'x133', 'x117', 'x126', 'x871', 'x121', 'x872', 'x104', 'x921', 'x111', 'x908', 'x101', 'x105', 'x118', 'x887', 'x886', 'x893', 'x913', 'x161', 'x92', 'x139', 'x154', 'x116', 'x148', 'x926', 'x67', 'x894', 'x864', 'x94', 'x102', 'x874', 'x157', 'x847', 'x107', 'x895', 'x114', 'x910', 'x869', 'x888', 'x152', 'x75', 'x851', 'x103', 'x866', 'x129', 'x868', 'x867', 'x870', 'x93', 'x819', 'x854', 'x138', 'x124', 'x844', 'x865', 'x902', 'x877', 'x145', 'x876', 'x834', 'x136', 'x880', 'x810', 'x166', 'x843', 'x127', 'x815', 'x151', 'x201', 'x99', 'x829', 'x830', 'x122', 'x826', 'x873', 'x897', 'x859', 'x863', 'x850', 'x143', 'x898', 'x828', 'x875', 'x861', 'x141', 'x914', 'x180', 'x840', 'x817', 'x821', 'x199', 'x833', 'x841', 'x169', 'x137', 'x153', 'x162', 'x820', 'x178', 'x170', 'x200', 'x858', 'x818', 'x135', 'x150', 'x849', 'x842', 'x160', 'x168', 'x174', 'x862', 'x217', 'x210', 'x134', 'x163', 'x197', 'x787', 'x130', 'x165', 'x216', 'x824', 'x846', 'x234', 'x811', 'x855', 'x835', 'x831', 'x142', 'x782', 'x823', 'x241', 'x805', 'x175', 'x179', 'x853', 'x812', 'x801', 'x164', 'x167', 'x761', 'x182', 'x857', 'x791', 'x773', 'x806', 'x852', 'x889', 'x845', 'x205', 'x827', 'x838', 'x741', 'x158', 'x224', 'x147', 'x231', 'x785', 'x758', 'x171', 'x825', 'x856', 'x240', 'x183', 'x253', 'x149', 'x155', 'x192', 'x813', 'x212', 'x195', 'x803', 'x187', 'x839', 'x238', 'x860', 'x837', 'x202', 'x800', 'x214', 'x172', 'x176', 'x233', 'x822', 'x816', 'x799', 'x798', 'x218', 'x259', 'x156', 'x270', 'x190', 'x185', 'x193', 'x144', 'x778', 'x211', 'x132', 'x196', 'x207', 'x208', 'x181', 'x239', 'x757', 'x755', 'x146', 'x209', 'x792', 'x832', 'x236', 'x661', 'x836', 'x750', 'x159', 'x251', 'x203', 'x730', 'x173', 'x189', 'x804', 'x770', 'x177', 'x232', 'x244', 'x797', 'x277', 'x194', 'x769', 'x756', 'x198', 'x783', 'x794', 'x802', 'x781', 'x697', 'x237', 'x713', 'x258', 'x221', 'x751', 'x225', 'x249', 'x747', 'x219', 'x186', 'x295', 'x222', 'x764', 'x738', 'x788', 'x243', 'x796', 'x245', 'x753', 'x296', 'x732', 'x814', 'x780', 'x772', 'x793', 'x215', 'x226', 'x223', 'x760', 'x809', 'x771', 'x767', 'x252', 'x281', 'x807', 'x765', 'x768', 'x341', 'x786', 'x191', 'x749', 'x269', 'x318', 'x779', 'x272', 'x775', 'x260', 'x320', 'x291', 'x184', 'x700', 'x789', 'x301', 'x297', 'x681', 'x714', 'x762', 'x759', 'x620', 'x206', 'x742', 'x790', 'x266', 'x220', 'x744', 'x743', 'x227', 'x722', 'x690', 'x784', 'x275', 'x188', 'x490', 'x701', 'x350', 'x255', 'x777', 'x386', 'x300', 'x311', 'x705', 'x598', 'x640', 'x343', 'x647', 'x247', 'x724', 'x808', 'x293', 'x673', 'x678', 'x740', 'x795', 'x250', 'x711', 'x242', 'x717', 'x235', 'x330', 'x204', 'x256', 'x265', 'x282', 'x727', 'x279', 'x401', 'x276', 'x621', 'x766', 'x394', 'x774', 'x710', 'x267', 'x257', 'x411', 'x776', 'x261', 'x313', 'x263', 'x268', 'x731', 'x706', 'x712', 'x292', 'x284', 'x723', 'x283', 'x733', 'x634', 'x336', 'x746', 'x333', 'x254', 'x213', 'x719', 'x670', 'x325', 'x288', 'x752', 'x687', 'x560', 'x590', 'x718', 'x326', 'x698', 'x736', 'x658', 'x305', 'x660', 'x228', 'x262', 'x622', 'x356', 'x599', 'x280', 'x541', 'x626', 'x606', 'x335', 'x285', 'x362', 'x726', 'x358', 'x334', 'x728', 'x294', 'x314', 'x617', 'x303', 'x604', 'x684', 'x669', 'x371', 'x754', 'x338', 'x601', 'x324', 'x665', 'x680', 'x734', 'x381', 'x505', 'x289', 'x446', 'x627', 'x344', 'x612', 'x725', 'x312', 'x641', 'x329', 'x651', 'x274', 'x649', 'x671', 'x230', 'x390', 'x246', 'x451', 'x573', 'x403', 'x562', 'x654', 'x745', 'x696', 'x290', 'x331', 'x348', 'x359', 'x322', 'x420', 'x271', 'x715', 'x655', 'x737', 'x351', 'x642', 'x625', 'x692', 'x716', 'x299', 'x707', 'x481', 'x558', 'x663', 'x424', 'x278', 'x691', 'x542', 'x575', 'x688', 'x500', 'x763', 'x302', 'x703', 'x286', 'x367', 'x695', 'x645', 'x656', 'x264', 'x421', 'x631', 'x675', 'x613', 'x321', 'x374', 'x702', 'x657', 'x229', 'x720', 'x364', 'x693', 'x516', 'x368', 'x355', 'x370', 'x554', 'x676', 'x327', 'x273', 'x609', 'x354', 'x686', 'x637', 'x501', 'x550', 'x360', 'x462', 'x433', 'x340', 'x531', 'x514', 'x615', 'x404', 'x602', 'x415', 'x384', 'x588', 'x467', 'x667', 'x248', 'x388', 'x372', 'x600', 'x605', 'x316', 'x369', 'x392', 'x659', 'x682', 'x568', 'x611', 'x402', 'x592', 'x339', 'x561', 'x739', 'x664', 'x628', 'x395', 'x618', 'x323', 'x347', 'x389', 'x694', 'x629', 'x309', 'x699', 'x361', 'x310', 'x721', 'x650', 'x460', 'x489', 'x748', 'x668', 'x674', 'x571', 'x475', 'x365', 'x548', 'x503', 'x677', 'x520', 'x566', 'x633', 'x378', 'x608', 'x307', 'x332', 'x353', 'x419', 'x708', 'x317', 'x418', 'x464', 'x653', 'x685', 'x308', 'x363', 'x510', 'x412', 'x689', 'x393', 'x735', 'x445', 'x532', 'x400', 'x391', 'x346', 'x567', 'x679', 'x587', 'x306', 'x646', 'x636', 'x298', 'x662', 'x287', 'x442', 'x478', 'x584', 'x709', 'x410', 'x319', 'x337', 'x596', 'x672', 'x586', 'x530', 'x524', 'x413', 'x564', 'x426', 'x643', 'x638', 'x652', 'x529', 'x593', 'x519', 'x472', 'x543', 'x376', 'x461', 'x452', 'x397', 'x549', 'x648', 'x540', 'x497', 'x569', 'x425', 'x480', 'x630', 'x407', 'x375', 'x342', 'x417', 'x570', 'x704', 'x523', 'x304', 'x488', 'x616', 'x366', 'x405', 'x477', 'x423', 'x577', 'x499', 'x396', 'x644', 'x506', 'x578', 'x594', 'x328', 'x595', 'x624', 'x632', 'x666', 'x533', 'x492', 'x589', 'x406', 'x482', 'x597', 'x544', 'x614', 'x493', 'x431', 'x379', 'x729', 'x441', 'x463', 'x430', 'x459', 'x565', 'x585', 'x581', 'x504', 'x454', 'x434', 'x545', 'x479', 'x409', 'x383', 'x457', 'x380', 'x623', 'x398', 'x487', 'x574', 'x518', 'x507', 'x437', 'x439', 'x494', 'x443', 'x508', 'x465', 'x349', 'x563', 'x468', 'x619', 'x470', 'x591', 'x471', 'x456', 'x455', 'x683', 'x385', 'x382', 'x491', 'x536', 'x580', 'x352', 'x408', 'x435', 'x525', 'x373', 'x527', 'x448', 'x538', 'x502', 'x427', 'x484', 'x486', 'x537', 'x315', 'x473', 'x474', 'x387', 'x559', 'x357', 'x555', 'x422', 'x432', 'x534', 'x535', 'x436', 'x579', 'x547', 'x635', 'x377', 'x428', 'x553', 'x345', 'x511', 'x449', 'x528', 'x399', 'x610', 'x438', 'x416', 'x517', 'x429', 'x572', 'x539', 'x450', 'x582', 'x513', 'x483', 'x546', 'x485', 'x639', 'x496', 'x583', 'x466', 'x551', 'x576', 'x556', 'x526', 'x603', 'x469', 'x476', 'x414', 'x522', 'x453', 'x521', 'x515', 'x509', 'x458', 'x557', 'x607', 'x495', 'x512', 'x444', 'x1', 'x1000', 'x552', 'x440', 'x447', 'x498']","[0.7001086674469982, 0.6996680125676855, 0.6989066171190788, 0.6981473295799164, 0.697390851204679, 0.6966350560365556, 0.6958795945593743, 0.6951249803773584, 0.6943711122564069, 0.693618166806677, 0.69286528705295, 0.6921130356203594, 0.6913608970961471, 0.6906096835866201, 0.6898587372321007, 0.6891078071694107, 0.6883569691770047, 0.6876066928413007, 0.6868565445538268, 0.686106676865744, 0.6853568586288984, 0.6846071384554564, 0.683857472872977, 0.6831078784865007, 0.6823586938329503, 0.6816095414625999, 0.6808606228671358, 0.6801118389503594, 0.679363298452964, 0.6786148061070519, 0.6778666736431997, 0.6771185574114067, 0.6763707933809011, 0.6756230830237846, 0.6748755171512189, 0.6741279679536795, 0.6733806255028032, 0.6726334891170702, 0.6718863560529307, 0.6711395015045288, 0.6703928736547566, 0.6696463832277042, 0.6688998967591512, 0.6681535826120414, 0.667407731700681, 0.6666619827658954, 0.665916435225526, 0.6651709360219697, 0.6644255141362062, 0.6636801260144534, 0.6629347664789818, 0.6621894224165544, 0.661444544284223, 0.6606997476659024, 0.6599549700209363, 0.6592102937587824, 0.6584657401489028, 0.6577213337984712, 0.6569769841580441, 0.6562327086798715, 0.6554889547225499, 0.6547454167726977, 0.6540018951372866, 0.6532583866316912, 0.6525148940009937, 0.6517714564492273, 0.651028036031713, 0.6502846498886745, 0.6495413353155759, 0.6487980703118603, 0.6480549152453196, 0.6473124034646216, 0.6465701883343955, 0.6458282137528186, 0.6450862812147589, 0.6443444859308696, 0.6436031090697969, 0.6428617860626047, 0.6421204946233451, 0.6413792462533046, 0.6406382664773829, 0.6398978659983114, 0.6391580774675947, 0.6384182972879243, 0.6376786518593317, 0.6369390982401826, 0.6361998171330159, 0.6354609108754464, 0.634722096294779, 0.6339833007357445, 0.6332445830942989, 0.6325062801746425, 0.6317680180419335, 0.6310298947519882, 0.6302922764909379, 0.6295547232436651, 0.6288174492497541, 0.6280802289333269, 0.6273430734088038, 0.6266065193006533, 0.6258701402372174, 0.6251338142334597, 0.6243975764894717, 0.6236614185645069, 0.6229254136682805, 0.6221897164196928, 0.621454418149492, 0.6207191536254392, 0.6199841500212238, 0.6192491627183275, 0.618514337786328, 0.6177796043786774, 0.6170448792161376, 0.6163101721917966, 0.6155754854795271, 0.6148408048807097, 0.6141061547547984, 0.6133716379150511, 0.612637196199985, 0.6119027685721946, 0.6111683574067347, 0.6104339776072935, 0.6096997855524589, 0.6089656053291188, 0.6082317767810484, 0.6074980282589972, 0.6067644850759484, 0.6060309816072472, 0.6052974977509384, 0.6045643808150059, 0.6038313592088416, 0.6030990144576056, 0.6023666738431586, 0.6016344258454428, 0.6009022189592276, 0.6001700455889368, 0.5994378850726297, 0.5987057420384129, 0.5979737288313621, 0.5972418186469376, 0.5965100234785122, 0.5957782692751759, 0.5950465458695765, 0.5943149440635268, 0.5935833671860689, 0.5928518909243177, 0.5921207396762614, 0.5913895966608298, 0.590658624914134, 0.5899276928027258, 0.5891969362520485, 0.5884664273502545, 0.5877359320905178, 0.5870055505138898, 0.5862753954925894, 0.5855452821818188, 0.584815185932776, 0.5840852551931688, 0.5833554337554656, 0.5826256204434717, 0.5818958954957806, 0.5811668598852675, 0.5804378338533986, 0.5797088712397004, 0.5789799572294394, 0.5782510919791161, 0.5775222978690465, 0.5767937975338502, 0.5760655695642656, 0.575337380654714, 0.5746091996531973, 0.5738810416696631, 0.5731529193269229, 0.5724248379868331, 0.5716967707125786, 0.5709688236127922, 0.5702408933880893, 0.5695132728113032, 0.5687859617921833, 0.568058691948709, 0.5673314730739155, 0.5666043900717816, 0.565877390680203, 0.5651504111667001, 0.5644235370822847, 0.5636967967366422, 0.5629700744763462, 0.5622434184256829, 0.5615169010831553, 0.5607908844063101, 0.5600649438650829, 0.5593390555739809, 0.5586131788865103, 0.5578875159555711, 0.5571620312649136, 0.5564369932135158, 0.5557120471481639, 0.5549872652119586, 0.5542626834850274, 0.5535383424600707, 0.5528140034059724, 0.5520897317628212, 0.5513654778370027, 0.5506414128280804, 0.5499173911604223, 0.5491933907485064, 0.5484695173531351, 0.5477456937926257, 0.5470218958681438, 0.5462981488425572, 0.5455744046754536, 0.5448508040377107, 0.5441274190703307, 0.5434041365195517, 0.5426808618961034, 0.541957690262373, 0.5412345219995993, 0.5405117705986413, 0.5397890667396132, 0.5390664518600852, 0.5383440069780444, 0.537621660067995, 0.5368995537526846, 0.5361774645448967, 0.5354555873617154, 0.5347338582760461, 0.5340122721432988, 0.5332907392124848, 0.5325693013962378, 0.5318478949593817, 0.5311265132063155, 0.5304052023784414, 0.5296838995420647, 0.528962672687606, 0.5282414880902884, 0.5275203805162701, 0.5267997298912165, 0.5260791161449149, 0.5253586666990497, 0.5246383167158947, 0.523918306466086, 0.5231985785986306, 0.5224789587001454, 0.5217595995830591, 0.5210402834872393, 0.520321000703208, 0.5196019215878901, 0.518883698919779, 0.5181655428766719, 0.5174473936647191, 0.5167293590626233, 0.5160113369315038, 0.5152934666631626, 0.5145756723326559, 0.513857924721769, 0.513140268276445, 0.5124229345546988, 0.5117056137105169, 0.5109883770908639, 0.5102712570259584, 0.5095543084735015, 0.5088373682586036, 0.5081208747143929, 0.5074044954421569, 0.506688125662517, 0.505972162129696, 0.5052562557746686, 0.5045403758902215, 0.5038248075047493, 0.5031092898709039, 0.5023937830421459, 0.5016783496470302, 0.5009629318121425, 0.5002477448483659, 0.49953303899314805, 0.49881861976432884, 0.498104248918522, 0.4973900072400087, 0.4966758328712291, 0.49596194419823797, 0.4952483698800649, 0.4945348957260658, 0.4938215153238353, 0.49310813613123655, 0.49239511853646534, 0.4916822663750572, 0.490969499089023, 0.49025674073370357, 0.4895440271078681, 0.4888313285033374, 0.48811867731335895, 0.48740607740399977, 0.4866934887459935, 0.4859810188406512, 0.4852685634336658, 0.48455615521358586, 0.48384376764907955, 0.4831314117773807, 0.4824191049723445, 0.4817069784534485, 0.480994945627131, 0.4802829219861991, 0.4795709383359229, 0.4788589814330226, 0.4781472459598565, 0.4774355419679596, 0.47672390017839533, 0.47601228613041896, 0.4753007195272203, 0.47458923837187306, 0.47387779750986003, 0.47316637370906584, 0.47245499465361795, 0.47174362690211663, 0.4710323168169075, 0.4703211278682245, 0.469609935221327, 0.46889893883336115, 0.46818808092915365, 0.46747745317647177, 0.46676696995022826, 0.4660565921464763, 0.46534621764100564, 0.46463591267741355, 0.46392563739863313, 0.4632153919373169, 0.4625052772846761, 0.4617954811029809, 0.46108580143957834, 0.4603762409441592, 0.45966673305460753, 0.4589574150658722, 0.45824834016156246, 0.45753956694196346, 0.4568308369277793, 0.4561221659092139, 0.4554135292632959, 0.4547050129639406, 0.45399656436554403, 0.45328821371649736, 0.45258012265761743, 0.4518720638052951, 0.45116413493006174, 0.4504562200159804, 0.44974844237284406, 0.4490406835632915, 0.44833301692594374, 0.44762555645460295, 0.4469181213467923, 0.4462107429495978, 0.44550337332544027, 0.4447961803645671, 0.4440890557081256, 0.44338195378908546, 0.4426749616388207, 0.44196805413059154, 0.4412612004072799, 0.44055438917020595, 0.43984767804440195, 0.43914107199005387, 0.4384344807051024, 0.4377279667583472, 0.43702147898869587, 0.4363152245904569, 0.43560906140212957, 0.4349028996058474, 0.43419684691485305, 0.43349082367237046, 0.43278486497518887, 0.4320791288839564, 0.43137343104343995, 0.43066781402493565, 0.42996225467489796, 0.42925672123850683, 0.42855120227563576, 0.4278457247131513, 0.4271403297863958, 0.4264351003465105, 0.42573002532355386, 0.4250249966749489, 0.42432015087208347, 0.42361541885688714, 0.42291069906496087, 0.4222059915788725, 0.4215012927721363, 0.42079662249255106, 0.42009216123073556, 0.419387757286111, 0.41868343770693917, 0.4179791322167911, 0.4172748952728093, 0.4165707892760355, 0.4158668934053381, 0.41516307083889725, 0.4144593421535627, 0.4137558086840001, 0.4130524143635467, 0.41234909540748693, 0.4116458839665581, 0.41094268488741714, 0.410239520682329, 0.4095363898309063, 0.4088334348918266, 0.4081305196734229, 0.40742776898717953, 0.4067250306044876, 0.406022489071924, 0.4053199534262301, 0.4046177197323103, 0.403915594943444, 0.4032135012834733, 0.4025114681245073, 0.4018094929179217, 0.40110763152291534, 0.40040584562714154, 0.39970408044922334, 0.39900243954993864, 0.3983012155640219, 0.39760010302866133, 0.3968990013466153, 0.39619803968839445, 0.39549714585138024, 0.394796314174333, 0.39409569670183336, 0.39339516723908985, 0.3926946441713627, 0.39199442102410453, 0.3912942253835513, 0.3905941546572, 0.38989413188405814, 0.38919436091330795, 0.3884946382475833, 0.3877949955120748, 0.38709551079296634, 0.3863960710283004, 0.38569663785830977, 0.38499733782963824, 0.3842980536447453, 0.38359882214411234, 0.3828996564765563, 0.38220057618601994, 0.3815015177157836, 0.3808024752227469, 0.380103624365784, 0.37940489650899173, 0.3787061880712835, 0.37800759399394096, 0.37730901703589576, 0.37661045656316, 0.37591196153092243, 0.3752135418603543, 0.3745151623747109, 0.3738168135507385, 0.3731185503044717, 0.3724203850136059, 0.37172225001445613, 0.37102414856822835, 0.3703261709136453, 0.3696282226045822, 0.3689303023636346, 0.3682324184784724, 0.3675345559479422, 0.36683690306579797, 0.3661392888754174, 0.36544179345240746, 0.3647443213169248, 0.3640468696071715, 0.3633494477316241, 0.36265204709626553, 0.36195465884432104, 0.3612572918086228, 0.36056001685625794, 0.35986285290061637, 0.35916606816471675, 0.35846928853054194, 0.35777267078780695, 0.35707606244920753, 0.35637947156259453, 0.3556828902726234, 0.3549865232902223, 0.35429023276059735, 0.3535939921779561, 0.35289781882168125, 0.35220175736327564, 0.35150572852347184, 0.35080984402715903, 0.3501139817579327, 0.34941827678383314, 0.3487226208431216, 0.348027128587276, 0.34733167193060077, 0.34663623858573417, 0.345940930339677, 0.34524562938648307, 0.3445503462543429, 0.3438550758727661, 0.34315981516666655, 0.3424646221555212, 0.34176947663783597, 0.3410743524308175, 0.3403793033898776, 0.3396842564311654, 0.3389893351304373, 0.33829447763878173, 0.3375996619931708, 0.3369048606896373, 0.3362101771034413, 0.33551558238761464, 0.33482122356512667, 0.3341268965877493, 0.3334330111023692, 0.33273913376681813, 0.33204529098645763, 0.331351479171336, 0.33065771425745094, 0.32996405339560597, 0.3292704362836507, 0.3285768487034014, 0.32788339049819604, 0.3271899442070069, 0.32649650794728874, 0.32580312523472693, 0.3251099376713432, 0.3244167988904731, 0.3237236801851398, 0.3230306591970704, 0.32233779821741804, 0.3216451654796671, 0.32095277374156145, 0.320260491157384, 0.3195682481755106, 0.3188760385745794, 0.3181839350341697, 0.3174920669783733, 0.31680025368953796, 0.3161084487691145, 0.31541677796627143, 0.3147251663136067, 0.3140335673261325, 0.3133420111520251, 0.31265062715949127, 0.31195931002015004, 0.3112682425218676, 0.31057722965766016, 0.3098862780274812, 0.3091953576020174, 0.30850455339822114, 0.3078137884619442, 0.30712310347232263, 0.30643245670766434, 0.3057418604774261, 0.30505128223461675, 0.30436075104406024, 0.3036702360037558, 0.3029798122735865, 0.30228948365880554, 0.3015991859534137, 0.3009089008390711, 0.30021869576691296, 0.29952851361572363, 0.29883837228567073, 0.2981482535682333, 0.29745816188563906, 0.2967681088722901, 0.29607837950345295, 0.2953886760454731, 0.29469904641043826, 0.29400968905810365, 0.29332037623835444, 0.2926311394465985, 0.29194197072172484, 0.29125282755095366, 0.290563728561348, 0.28987471479284443, 0.2891857258959134, 0.28849692585846287, 0.28780813876371797, 0.28711945425748625, 0.2864307858254691, 0.28574218552297226, 0.285053643071168, 0.2843651536416059, 0.2836767381797044, 0.28298839222234295, 0.2823000595171117, 0.28161176996322085, 0.2809235648794374, 0.280235446941782, 0.279547356335117, 0.2788596541461602, 0.27817196168647523, 0.27748432433626247, 0.2767966955239123, 0.27610914981050677, 0.27542176506305344, 0.274734408810965, 0.27404714881769493, 0.27335990497913715, 0.272672686175209, 0.2719854882260604, 0.27129831111063696, 0.27061118018896746, 0.26992411248947845, 0.2692370523669145, 0.2685500182888822, 0.26786307380987656, 0.2671761761444943, 0.2664893069452557, 0.26580254266127273, 0.26511585635563023, 0.26442918949770683, 0.2637426056817092, 0.2630563153584811, 0.26237007597157364, 0.261683842406011, 0.26099766592059, 0.26031154379358457, 0.25962552722207555, 0.25893955705619015, 0.25825362095478704, 0.2575677415829959, 0.25688189732125827, 0.2561960617964865, 0.25551039271957676, 0.25482495761723795, 0.2541395598504572, 0.2534541977458077, 0.25276887021120553, 0.2520835967378183, 0.2513983972687999, 0.2507132417993797, 0.2500281582573835, 0.24934316010786267, 0.24865818184772714, 0.24797336399713124, 0.24728858334650977, 0.2466038287479428, 0.24591909334501552, 0.24523457089788162, 0.24455007276554788, 0.24386566373472393, 0.24318135151549097, 0.2424970522796029, 0.24181276823158354, 0.24112856843118563, 0.24044441012979664, 0.2397602844652556, 0.23907624429885196, 0.2383923019060389, 0.23770839704998467, 0.23702450714644813, 0.23634073105300327, 0.2356570065588606, 0.23497333022812306, 0.23428970146116668, 0.23360621848179275, 0.23292279367408875, 0.23223941412411866, 0.23155604801409718, 0.23087288106221748, 0.23018978663827006, 0.22950670279980986, 0.22882364062997027, 0.2281406315044705, 0.22745766352413282, 0.22677474948936183, 0.2260919107129524, 0.22540912350003348, 0.22472638561233169, 0.22404371707403245, 0.22336107390770601, 0.22267848829625136, 0.2219959483608695, 0.2213135164026952, 0.2206311640541079, 0.21994888657973932, 0.21926667810679829, 0.218584495154128, 0.21790242403122018, 0.2172203933168526, 0.21653841542461058, 0.21585649354478165, 0.21517469308166084, 0.21449298115097545, 0.2138112965259838, 0.21312966678899048, 0.21244806601269928, 0.2117666527341939, 0.21108533901526128, 0.21040405089566214, 0.20972278650916543, 0.20904161090862217, 0.20836044794156652, 0.20767935784738173, 0.2069984365395171, 0.20631759230416952, 0.20563682254932864, 0.20495607123858056, 0.2042753646123462, 0.20359469967856675, 0.20291408261323052, 0.20223356060372796, 0.2015531234799537, 0.20087274067738783, 0.20019239448291237, 0.1995121000832202, 0.19883183477289001, 0.19815159578653807, 0.19747141617523503, 0.1967913163605939, 0.19611126976447285, 0.195431260171123, 0.19475132740328635, 0.19407145260441383, 0.19339163936870138, 0.19271187314980037, 0.19203215552882227, 0.1913525009164382, 0.1906728707205706, 0.1899933706699457, 0.1893139075063653, 0.18863451359803993, 0.18795526251151445, 0.18727607783194963, 0.18659699710544914, 0.18591801640436487, 0.18523915015074852, 0.18456031898274966, 0.18388152443127614, 0.1832028629766781, 0.18252420740877887, 0.18184562832498571, 0.1811671257595416, 0.18048872259374463, 0.17981036456320837, 0.1791320464705758, 0.17845376490577713, 0.17777559395506237, 0.1770974532423814, 0.17641937235338584, 0.17574139529980762, 0.17506350358462555, 0.17438567814894157, 0.17370791762593094, 0.17303021755103112, 0.1723525636713194, 0.17167493499856754, 0.17099740803757216, 0.17031998286074657, 0.16964260550483673, 0.16896534013950495, 0.16828817460627096, 0.16761105356314135, 0.16693401463730861, 0.16625710716230738, 0.16558026625885516, 0.16490347982528042, 0.16422674404409462, 0.16355005987481586, 0.16287346791021196, 0.16219692269014116, 0.16152042365271826, 0.16084399902151686, 0.16016770966385224, 0.1594914719140071, 0.15881531753513936, 0.15813920412466947, 0.1574632017955966, 0.15678728057883687, 0.1561114932260871, 0.15543578468856145, 0.1547601312498361, 0.15408460513166394, 0.15340913737673828, 0.15273376546707024, 0.15205844406456812, 0.15138318487345245, 0.15070821337213816, 0.15003328331544227, 0.14935840802262634, 0.14868358377311638, 0.14800883378068713, 0.1473342290587261, 0.14665973443914881, 0.14598534917881115, 0.14531102027908496, 0.14463678083727757, 0.14396261036069463, 0.14328849264177598, 0.1426144530279264, 0.14194049253584098, 0.14126672126502665, 0.1405930246356439, 0.13991948847739274, 0.13924609804246355, 0.13857281415735936, 0.13789961035722204, 0.13722653735691115, 0.1365535429293953, 0.13588062223076963, 0.13520777386262497, 0.1345352578879837, 0.13386282491021834, 0.13319050208846406, 0.13251826389004262, 0.13184619845130663, 0.13117427238213059, 0.13050243322802435, 0.12983067589732342, 0.12915900716919446, 0.12848749725596945, 0.12781610394125759, 0.12714480750260587, 0.12647361377903796, 0.12580258367392147, 0.12513175428952789, 0.12446100902994003, 0.12379037672568097, 0.12311982019507554, 0.12244938907103539, 0.12177905042704773, 0.12110887003509702, 0.12043882495402318, 0.11976891089019344, 0.11909915253171365, 0.11842956006232053, 0.11776010334385109, 0.11709085117152783, 0.11642173064137482, 0.11575273520963078, 0.11508390897449688, 0.11441521616828203, 0.11374667527871982, 0.11307826024877456, 0.1124100171706507, 0.11174194076616117, 0.11107398677422003, 0.1104062588319296, 0.10973867658750018, 0.10907126537117913, 0.10840403759146738, 0.10773696454279927, 0.10707004208019631, 0.10640329906411078, 0.1057367429118815, 0.10507036342458191, 0.10440416932951829, 0.10373813720776433, 0.10307239679433947, 0.10240690638084422, 0.10174163915612966, 0.10107655525169186, 0.10041182634729129, 0.09974725017680564, 0.09908287294277526, 0.09841872706706263, 0.09775495457301053, 0.09709135487668787, 0.09642793282257948, 0.09576474691882556, 0.09510180680197479, 0.09443917313222634, 0.09377681245402603, 0.09311466693916487, 0.09245275035577478, 0.09179105831227725, 0.09112962064432947, 0.09046841890295829, 0.08980746916189625, 0.08914677480462763, 0.08848636975947893, 0.08782627329497349, 0.08716652239066061, 0.08650706580647508, 0.08584790883582703, 0.08518903047977693, 0.0845304279586473, 0.08387214854656355, 0.08321415632344031, 0.08255649465561415, 0.08189936295718914, 0.08124259267917847, 0.08058630932648278, 0.07993043036630142, 0.07927505158693461, 0.07862004981836548, 0.07796557105311806, 0.07731154431948352, 0.07665803063442919, 0.07600496830336181, 0.07535231730180657, 0.07470012713009087, 0.07404843154703793, 0.07339731138144719, 0.07274664359610776, 0.07209644890695165, 0.07144684007136344, 0.07079768359646235, 0.07014901116857787, 0.06950090109925974, 0.06885331713797492, 0.06820628838132023, 0.06755988039412616, 0.06691408954163151, 0.06626907296858653, 0.06562469989433783, 0.0649810077819785, 0.0643380151619081, 0.06369569631287077, 0.06305406193606271, 0.06241314767751871, 0.0617729824077258, 0.06113358757309886, 0.060495120509719266, 0.05985756680472802, 0.059220963231930025, 0.058585197457364464, 0.05795034295735243, 0.057316480014703734, 0.05668357237248285, 0.056051693979602905, 0.05542092894238993, 0.05479119499918136, 0.05416267849021621, 0.0535352833886983, 0.05290897885330294, 0.052283784351996085, 0.05165982366426714, 0.051037189884080014, 0.05041589930780687, 0.0497960514755346, 0.04917760582986026, 0.048560643779327374, 0.047945278453592116, 0.04733157588323255, 0.046719609839408135, 0.04610948806231548, 0.04550107615328782, 0.044894562883763464, 0.04428995576429551, 0.04368728509693232, 0.04308668750264212, 0.042488335860963775, 0.041892301509116124, 0.04129869093452843, 0.0407076741130096, 0.040119274447798454, 0.03953363148404693, 0.03895091737233207, 0.03837125654535286, 0.03779474825681068, 0.03722148396541794, 0.03665152075555894, 0.03608502865862474, 0.03552210416315426, 0.034963034516490625, 0.034407905422062075, 0.033856937944822814, 0.03331030685289012, 0.03276837125326537, 0.03223126086935719, 0.0316992287506168, 0.031172481091304546, 0.030651409350672024, 0.030136136936489925, 0.029627469278719523, 0.029125322750853954, 0.028629977165263994, 0.028142070284876003, 0.02766162178880248, 0.02718923436150492, 0.026725309525602304, 0.026270535406555055, 0.025825308439275895, 0.025390065154066745, 0.02496535879627561, 0.024551524149392698, 0.02414935876638606, 0.023759374120449372, 0.023382485361337847, 0.02301913798182308, 0.02266983687292742, 0.022335109263671733, 0.022015784306096894, 0.021712160707137468, 0.021425106498365615, 0.021156160709934528, 0.02090562256453664, 0.020673944338297074, 0.020461567534484054, 0.02026895037818185, 0.02009678478388669, 0.01994557039757145, 0.01981660962120871, 0.019710949156771584, 0.019628076923221802, 0.019562918725310297, 0.019518088701977986, 0.019499029078071863, 0.01950149047245559, 0.019528496065512956]",EGB_XGB_GAM_CYCLIC_REVERSE_CYCLIC_REVERSE,synthetic_ordering1000,4,5,42,150
"['offset', 'x10', 'x3', 'x2', 'x5', 'x4', 'x1', 'x6', 'x8', 'x9', 'x7']","[0.7023820540789875, 0.6320105589921902, 0.5617907968091962, 0.49144169563228013, 0.4211422037726817, 0.3508751576337491, 0.28066392548014146, 0.21056663039480447, 0.1407875106764793, 0.07209332816381185, 0.021252973062964767]",EGB_XGB_GAM_CYCLIC_CYCLIC,synthetic_ordering10,0,5,42,150
"['offset', 'x9', 'x2', 'x3', 'x1', 'x8', 'x7', 'x4', 'x10', 'x6', 'x5']","[0.6993877926414315, 0.6296355253017487, 0.5598087269125288, 0.4899985945829043, 0.42022032694285083, 0.3504840878164782, 0.28085703644599763, 0.2113572883254808, 0.1421575591566806, 0.07409952207161287, 0.02246806403033507]",EGB_XGB_GAM_CYCLIC_CYCLIC,synthetic_ordering10,1,5,42,150
"['offset', 'x5', 'x7', 'x2', 'x3', 'x8', 'x4', 'x9', 'x10', 'x1', 'x6']","[0.7132502859334683, 0.6419110015912122, 0.5704977016716849, 0.4990981745399873, 0.4277261509893663, 0.3564070671546741, 0.285152669427171, 0.21400681156387008, 0.14314353619120634, 0.0734395106368139, 0.02111011942759958]",EGB_XGB_GAM_CYCLIC_CYCLIC,synthetic_ordering10,2,5,42,150
"['offset', 'x9', 'x7', 'x3', 'x8', 'x10', 'x1', 'x6', 'x4', 'x5', 'x2']","[0.7174612742975268, 0.6459376021843882, 0.5743871858365494, 0.5028504799906048, 0.43133649751289727, 0.3598790919343691, 0.28851812082062617, 0.21724824741229637, 0.14627568851363193, 0.07618162784605698, 0.020950840332796487]",EGB_XGB_GAM_CYCLIC_CYCLIC,synthetic_ordering10,3,5,42,150
"['offset', 'x10', 'x3', 'x2', 'x1', 'x4', 'x7', 'x5', 'x8', 'x9', 'x6']","[0.7001086674469982, 0.6300051147541732, 0.5600566815080888, 0.4899729043695837, 0.4199340890543831, 0.34994714701032925, 0.2800175486692168, 0.21022206756562178, 0.1406582909133478, 0.07197490957032716, 0.01952849606551295]",EGB_XGB_GAM_CYCLIC_CYCLIC,synthetic_ordering10,4,5,42,150
"['offset', 'x10', 'x4', 'x5', 'x11', 'x3', 'x6', 'x2', 'x9', 'x8', 'x21', 'x7', 'x16', 'x17', 'x13', 'x19', 'x14', 'x12', 'x20', 'x15', 'x22', 'x18', 'x24', 'x25', 'x31', 'x23', 'x30', 'x26', 'x27', 'x28', 'x29', 'x35', 'x39', 'x32', 'x37', 'x36', 'x41', 'x40', 'x38', 'x34', 'x33', 'x48', 'x42', 'x47', 'x43', 'x46', 'x45', 'x44', 'x55', 'x60', 'x50', 'x49', 'x51', 'x53', 'x52', 'x61', 'x56', 'x57', 'x54', 'x58', 'x59', 'x62', 'x68', 'x63', 'x69', 'x71', 'x64', 'x67', 'x70', 'x73', 'x65', 'x80', 'x66', 'x79', 'x78', 'x74', 'x76', 'x81', 'x88', 'x72', 'x77', 'x75', 'x84', 'x86', 'x90', 'x89', 'x83', 'x85', 'x82', 'x87', 'x91', 'x97', 'x94', 'x95', 'x100', 'x93', 'x98', 'x92', 'x1', 'x99', 'x96']","[0.7023820540789875, 0.69562284621979, 0.6882638905600142, 0.6809139543095086, 0.6735672442120969, 0.6662441021516177, 0.6589221371174961, 0.6516224633098647, 0.6443253667961645, 0.6370317454851943, 0.6297417883689167, 0.6224545039812703, 0.6151762111129568, 0.6079117266590415, 0.6006505794873503, 0.5933927019330788, 0.5861445257612465, 0.5789027931476294, 0.5716647253169816, 0.5644332416407289, 0.5572038506365932, 0.5499831592986364, 0.5427645335228325, 0.535565319968755, 0.5283695220679004, 0.521182976361981, 0.5139967613694854, 0.5068111025356512, 0.499626500952922, 0.49246164678187904, 0.48529729020062257, 0.4781384589714371, 0.4709883442117173, 0.4638436633388172, 0.4567003591805606, 0.44957375384900583, 0.4424530272151733, 0.4353350073233643, 0.4282307190434833, 0.4211412053789417, 0.4140558607047089, 0.40697456218882083, 0.39990826434329657, 0.3928450500663569, 0.3857823597976894, 0.3787423089827155, 0.371703878058102, 0.36466976774777443, 0.3576375937787793, 0.3506096405068579, 0.3435826952728314, 0.3365611701154491, 0.32954472916075284, 0.3225311575787739, 0.3155233082948173, 0.3085203099783742, 0.301521077880311, 0.29452628275190473, 0.2875536695034506, 0.2805857719529017, 0.2736249524181011, 0.2666720343941575, 0.259742704493806, 0.25281791385549723, 0.2458958010106868, 0.23898038815865635, 0.23207037477639528, 0.22516364576090683, 0.21826866332366338, 0.2113803884294447, 0.20449437661561326, 0.19761252182647474, 0.19074176237829749, 0.18388729867738726, 0.17704789552010275, 0.1702126371281729, 0.1633827699886636, 0.15656451410561256, 0.14975618865884782, 0.14296624242375966, 0.1361896275321545, 0.12943086897748274, 0.12268383755332495, 0.11595434367768154, 0.10923944047064334, 0.1025404086299638, 0.09586947435393053, 0.08923651651261694, 0.08263284131397412, 0.076066237395717, 0.06955295171082686, 0.0631101195598967, 0.05676691281096062, 0.05053953400387726, 0.04447414789402012, 0.03868747898246283, 0.033231036194810416, 0.028345649880503244, 0.024371969228881084, 0.021838410014165168, 0.021252973062964767]",EGB_XGB_GAM_CYCLIC_CYCLIC,synthetic_ordering100,0,5,42,150
"['offset', 'x3', 'x11', 'x9', 'x10', 'x2', 'x4', 'x7', 'x6', 'x5', 'x17', 'x8', 'x12', 'x14', 'x13', 'x16', 'x18', 'x19', 'x21', 'x31', 'x20', 'x28', 'x15', 'x22', 'x30', 'x24', 'x27', 'x26', 'x29', 'x23', 'x41', 'x25', 'x36', 'x34', 'x33', 'x38', 'x39', 'x32', 'x37', 'x35', 'x40', 'x42', 'x51', 'x49', 'x46', 'x45', 'x48', 'x47', 'x44', 'x53', 'x50', 'x43', 'x52', 'x55', 'x58', 'x57', 'x54', 'x69', 'x59', 'x56', 'x61', 'x60', 'x68', 'x70', 'x66', 'x71', 'x67', 'x63', 'x65', 'x72', 'x64', 'x62', 'x79', 'x76', 'x73', 'x78', 'x81', 'x80', 'x74', 'x77', 'x75', 'x90', 'x84', 'x83', 'x87', 'x82', 'x95', 'x86', 'x89', 'x88', 'x85', 'x91', 'x93', 'x99', 'x92', 'x94', 'x98', 'x97', 'x1', 'x96', 'x100']","[0.6993877926414315, 0.6926939076888813, 0.6854323502516851, 0.6781742812460523, 0.6709167885695995, 0.6636654892598203, 0.6564189167968901, 0.6491731869427645, 0.6419323369201062, 0.6347104407213062, 0.6274945182649813, 0.6202793760168184, 0.6130662968275131, 0.6058600008801489, 0.5986578790466831, 0.5914610004924373, 0.5842741565769791, 0.577091029036473, 0.5699101685381204, 0.5627362224154148, 0.5555625313166781, 0.5483914857038731, 0.5412265123909547, 0.5340679333992459, 0.5269201113423414, 0.5197765122241198, 0.5126378338740524, 0.505505581530437, 0.4983844632289154, 0.4912638965325485, 0.4841440665843018, 0.47704993706264437, 0.4699608624454825, 0.46288058374778585, 0.4558097364853813, 0.44874053599587066, 0.4416785175083267, 0.43462175767056854, 0.42756905346588375, 0.42051659566306293, 0.41346904264237, 0.4064351318671326, 0.39940394124164524, 0.3923781546752203, 0.3853545013645056, 0.37834535335986513, 0.37133762559044614, 0.364348604164519, 0.35736091965834954, 0.350375190260857, 0.34339087208561025, 0.3364080060511424, 0.32943788834199655, 0.3224693423954272, 0.3155122757743945, 0.30855962168526385, 0.30161586537183716, 0.2946798756430696, 0.2877487850100141, 0.2808232802292524, 0.2739046330924592, 0.26699474531436895, 0.2600868867040242, 0.25321217721543005, 0.24634236231227263, 0.23948022333756103, 0.23262194708568304, 0.22577838856221524, 0.21894223608033428, 0.21211133604261873, 0.20529596908682882, 0.19848992105102065, 0.19168886883495892, 0.18489300872492695, 0.1781056021272775, 0.171322666091746, 0.16455353776323775, 0.15779520065481056, 0.15104446055028062, 0.14430156098008534, 0.13757270032572871, 0.13085324266347464, 0.12415417504379518, 0.11749670206458461, 0.11085875167444903, 0.10424186190325163, 0.09766128049865089, 0.09110903198621333, 0.08458858751513272, 0.07810711764030911, 0.07167477986220089, 0.06530422376128724, 0.05902665125163351, 0.05286937097040276, 0.046865308795723724, 0.04109774016240479, 0.03566167967108082, 0.03073628738383544, 0.026608988338306754, 0.023696113995468858, 0.022468064030335074]",EGB_XGB_GAM_CYCLIC_CYCLIC,synthetic_ordering100,1,5,42,150
"['offset', 'x3', 'x7', 'x5', 'x8', 'x10', 'x2', 'x4', 'x9', 'x11', 'x6', 'x15', 'x21', 'x19', 'x12', 'x13', 'x17', 'x18', 'x14', 'x20', 'x16', 'x24', 'x22', 'x29', 'x25', 'x28', 'x23', 'x30', 'x27', 'x31', 'x26', 'x38', 'x39', 'x42', 'x34', 'x33', 'x41', 'x37', 'x32', 'x36', 'x51', 'x35', 'x46', 'x47', 'x40', 'x50', 'x48', 'x45', 'x43', 'x53', 'x49', 'x44', 'x58', 'x60', 'x55', 'x61', 'x59', 'x57', 'x54', 'x52', 'x56', 'x67', 'x62', 'x74', 'x70', 'x68', 'x63', 'x75', 'x66', 'x81', 'x65', 'x69', 'x72', 'x71', 'x77', 'x73', 'x64', 'x76', 'x80', 'x78', 'x79', 'x90', 'x87', 'x84', 'x88', 'x91', 'x89', 'x82', 'x86', 'x85', 'x83', 'x94', 'x99', 'x100', 'x95', 'x97', 'x96', 'x1', 'x92', 'x98', 'x93']","[0.7132502859334683, 0.7063684521782848, 0.6989171727395586, 0.691467251925709, 0.6840187182411067, 0.6765749456941617, 0.6691405278058831, 0.6617099529695103, 0.6542885995181636, 0.6468707748983604, 0.639457974886777, 0.6320468208126838, 0.6246432486842687, 0.6172565911415954, 0.6098731828070472, 0.6025051766845437, 0.5951412708097868, 0.5877807521395165, 0.5804327385085548, 0.5730890929044449, 0.5657578684809687, 0.5584295030165891, 0.5511058808166925, 0.5437934997951748, 0.5364888581647984, 0.5291919934058621, 0.5218982006804079, 0.5146189523392637, 0.5073420472654835, 0.5000666447624794, 0.49280621181344914, 0.4855545451665327, 0.4783192127405446, 0.4710875928706438, 0.4638585241989334, 0.4566309860048543, 0.44942759859229653, 0.4422252993633081, 0.4350233793921009, 0.4278367480461811, 0.42065616745418766, 0.41347699687333295, 0.40629861843061116, 0.39912567290009593, 0.39195496453318873, 0.38478656127874583, 0.37762543099953705, 0.37046735252230406, 0.3633110596393242, 0.3561589942063411, 0.3490142471665416, 0.3418733442766307, 0.3347572751516632, 0.32764825328797553, 0.3205407413921469, 0.31344079856226836, 0.306353968051551, 0.29927538445987323, 0.2921982168870663, 0.2851251823178176, 0.2780604510991602, 0.27100477069844764, 0.2639656801964606, 0.25693337618287365, 0.24991858026284136, 0.2429121123037589, 0.2359079920375482, 0.22890695087809537, 0.22191751783616387, 0.21493114867290478, 0.20795471235354568, 0.20098460419657488, 0.19401948066736563, 0.18706130321982797, 0.18010880545037267, 0.1731607401620414, 0.1662175023299943, 0.15928596467933967, 0.1523716024849231, 0.1454642733401845, 0.13857972888590556, 0.13170451873103464, 0.12485276991371241, 0.11801733015200168, 0.11120317346053456, 0.10440512760470538, 0.09763140435461211, 0.0908831604537682, 0.08416892327561962, 0.07749305709906756, 0.07086404138958459, 0.06430793383606348, 0.05784680842876316, 0.05149911443668486, 0.04533560866233823, 0.03937846436336048, 0.03378177322710808, 0.028742294997115163, 0.024604476631061453, 0.021870116729565178, 0.02111011942759957]",EGB_XGB_GAM_CYCLIC_CYCLIC,synthetic_ordering100,2,5,42,150
"['offset', 'x7', 'x2', 'x4', 'x11', 'x3', 'x8', 'x9', 'x10', 'x5', 'x6', 'x20', 'x19', 'x21', 'x17', 'x14', 'x18', 'x13', 'x16', 'x15', 'x12', 'x28', 'x23', 'x27', 'x29', 'x25', 'x26', 'x30', 'x31', 'x22', 'x39', 'x36', 'x24', 'x37', 'x40', 'x41', 'x34', 'x32', 'x33', 'x38', 'x35', 'x47', 'x54', 'x50', 'x46', 'x48', 'x45', 'x43', 'x44', 'x51', 'x42', 'x59', 'x61', 'x57', 'x49', 'x55', 'x53', 'x60', 'x56', 'x58', 'x52', 'x69', 'x62', 'x65', 'x68', 'x63', 'x71', 'x67', 'x64', 'x70', 'x66', 'x77', 'x81', 'x73', 'x80', 'x74', 'x78', 'x76', 'x79', 'x86', 'x75', 'x72', 'x90', 'x88', 'x85', 'x89', 'x84', 'x83', 'x87', 'x82', 'x91', 'x93', 'x98', 'x1', 'x92', 'x100', 'x99', 'x95', 'x96', 'x97', 'x94']","[0.7174612742975268, 0.7106032357597946, 0.7031487308183304, 0.6956949880588482, 0.6882456585612194, 0.6808003731907399, 0.6733585459855574, 0.6659219136373633, 0.6584903825167084, 0.6510608932809434, 0.6436417831330072, 0.6362237630109153, 0.6288264487079399, 0.6214399831774183, 0.6140660244891865, 0.6066928269544549, 0.599323784494983, 0.5919563087926588, 0.5845935221144424, 0.577236500918422, 0.5698832171908244, 0.5625409699034161, 0.5552023193848764, 0.5478759141554378, 0.5405501834177064, 0.5332399179951748, 0.5259382246831057, 0.5186389550422803, 0.511342701164481, 0.5040534809882882, 0.49676723339510115, 0.4894903313814657, 0.48221506494628097, 0.4749486548339523, 0.46769879778063245, 0.4604559774055484, 0.4532156778505742, 0.4459784766340587, 0.4387460280994456, 0.4315198435626657, 0.42429982735185484, 0.4171054512553968, 0.4099263664564783, 0.40275175507764066, 0.39558020499310775, 0.388409963419642, 0.38124260791821407, 0.37407758670353397, 0.36691416269351607, 0.3597596865835047, 0.35261323244896897, 0.345469967979555, 0.33834208793135967, 0.33122445746231804, 0.3241116362269341, 0.3169997880008902, 0.3098908717106089, 0.30278316879318123, 0.2956771034443212, 0.2885944630682782, 0.281513300983161, 0.27443781294329356, 0.2673760849725993, 0.26031880742371677, 0.2532704021606841, 0.24623104761760045, 0.23919449289220437, 0.23216391745850362, 0.225149473382224, 0.21814136217674096, 0.21113995863779686, 0.2041467494159159, 0.19715624469550408, 0.19017228302756148, 0.18319190151374762, 0.17623396430872684, 0.16928455638107828, 0.1623398682201304, 0.15540323699161174, 0.148473103742094, 0.14155610030396645, 0.13465120338680178, 0.12775821640306217, 0.12088553488266471, 0.11402715362591126, 0.10718891393728733, 0.10037508228831858, 0.09359298029634745, 0.0868494554907381, 0.0801404925168466, 0.07348145107192819, 0.06688185859081151, 0.0603597500357155, 0.053966651628291014, 0.047705815044225636, 0.041638833119249215, 0.035860756262321394, 0.030552882263579467, 0.025963112640543472, 0.022564255764878874, 0.020950840332796445]",EGB_XGB_GAM_CYCLIC_CYCLIC,synthetic_ordering100,3,5,42,150
"['offset', 'x4', 'x5', 'x11', 'x10', 'x6', 'x9', 'x2', 'x7', 'x3', 'x8', 'x17', 'x13', 'x19', 'x12', 'x20', 'x16', 'x15', 'x18', 'x14', 'x21', 'x23', 'x26', 'x29', 'x22', 'x31', 'x25', 'x28', 'x27', 'x40', 'x24', 'x30', 'x33', 'x32', 'x41', 'x36', 'x34', 'x38', 'x37', 'x35', 'x39', 'x51', 'x42', 'x50', 'x45', 'x44', 'x47', 'x43', 'x48', 'x54', 'x46', 'x49', 'x58', 'x60', 'x53', 'x61', 'x52', 'x59', 'x55', 'x57', 'x62', 'x56', 'x67', 'x68', 'x70', 'x63', 'x64', 'x69', 'x71', 'x65', 'x66', 'x75', 'x77', 'x78', 'x81', 'x73', 'x74', 'x79', 'x72', 'x76', 'x80', 'x83', 'x86', 'x82', 'x90', 'x87', 'x84', 'x85', 'x89', 'x88', 'x100', 'x1', 'x96', 'x91', 'x92', 'x99', 'x98', 'x97', 'x93', 'x95', 'x94']","[0.7001086674469982, 0.6933494034941461, 0.6860256307199022, 0.678703886098509, 0.6713844968690412, 0.6640956196010664, 0.6568108321444087, 0.649532287170837, 0.6422586011479683, 0.6349958534110826, 0.6277336688845183, 0.620481805462838, 0.6132339362636342, 0.6059875181294015, 0.5987476076610984, 0.5915123673974996, 0.584278004361425, 0.5770594788217392, 0.5698445220692264, 0.5626405468367704, 0.5554410599992936, 0.5482493103592475, 0.5410604911464344, 0.533886634657852, 0.5267293599804083, 0.5195815905106145, 0.5124401855798717, 0.5053025768305484, 0.49816607697233733, 0.4910330856609237, 0.4839007787387473, 0.47676926805471026, 0.46964919534855365, 0.46252999964559616, 0.4554159143575268, 0.44830616812648677, 0.4412076884706163, 0.4341235381967888, 0.4270397565625885, 0.4199581850206865, 0.4128890710371281, 0.4058374765737329, 0.3987863830029884, 0.39175222755364164, 0.38472159102533726, 0.3776990507770564, 0.37068003166838565, 0.363663753993266, 0.35665125224484406, 0.34964565232440953, 0.3426412669754391, 0.33563993192262764, 0.32864178826728424, 0.32165091038387567, 0.31467192256888954, 0.3077099131447694, 0.30075351105255915, 0.2938025203040245, 0.28685382723198033, 0.27991768777684195, 0.2729833875369745, 0.26606687022174874, 0.2591518658005681, 0.25224032683500885, 0.24533314772850354, 0.2384287335662438, 0.23153870190474277, 0.22465351178119025, 0.21777186915865795, 0.21090391587104299, 0.2040428410868677, 0.1971906616613203, 0.19036582012254585, 0.18354367818227488, 0.17672561315234606, 0.16991214028278587, 0.16311042824074684, 0.1563142824196066, 0.14953045110341603, 0.14275718072488833, 0.13599177337867158, 0.12923740703853076, 0.1225029250089667, 0.11579724430108866, 0.10911050092741638, 0.10243881795425382, 0.09578319746192321, 0.089155367173645, 0.08255493626596157, 0.0759857674553819, 0.06946412826511146, 0.06302371124132349, 0.05663372147907799, 0.050355242226111506, 0.04421617850441043, 0.03828320978741241, 0.03267392928833776, 0.027571290254516708, 0.02330955903695907, 0.020416760349994213, 0.019528496065512962]",EGB_XGB_GAM_CYCLIC_CYCLIC,synthetic_ordering100,4,5,42,150
"['offset', 'x5', 'x2', 'x4', 'x10', 'x17', 'x6', 'x18', 'x14', 'x7', 'x8', 'x16', 'x24', 'x21', 'x9', 'x3', 'x11', 'x13', 'x36', 'x28', 'x22', 'x19', 'x15', 'x20', 'x26', 'x37', 'x25', 'x12', 'x31', 'x38', 'x23', 'x27', 'x33', 'x34', 'x32', 'x41', 'x39', 'x30', 'x29', 'x51', 'x35', 'x40', 'x46', 'x48', 'x47', 'x54', 'x56', 'x53', 'x60', 'x52', 'x50', 'x49', 'x45', 'x42', 'x44', 'x61', 'x58', 'x43', 'x57', 'x63', 'x55', 'x69', 'x71', 'x76', 'x79', 'x80', 'x59', 'x65', 'x68', 'x85', 'x70', 'x75', 'x81', 'x67', 'x64', 'x72', 'x88', 'x84', 'x73', 'x66', 'x90', 'x77', 'x82', 'x62', 'x78', 'x74', 'x86', 'x95', 'x89', 'x91', 'x93', 'x87', 'x83', 'x92', 'x97', 'x94', 'x110', 'x117', 'x104', 'x111', 'x107', 'x101', 'x100', 'x98', 'x96', 'x121', 'x106', 'x114', 'x109', 'x116', 'x113', 'x103', 'x102', 'x120', 'x99', 'x108', 'x105', 'x112', 'x124', 'x122', 'x115', 'x118', 'x127', 'x130', 'x119', 'x148', 'x131', 'x140', 'x125', 'x141', 'x129', 'x138', 'x139', 'x135', 'x123', 'x137', 'x126', 'x132', 'x133', 'x128', 'x150', 'x156', 'x146', 'x155', 'x149', 'x143', 'x160', 'x147', 'x159', 'x153', 'x144', 'x152', 'x145', 'x134', 'x136', 'x142', 'x161', 'x151', 'x154', 'x157', 'x166', 'x163', 'x158', 'x169', 'x162', 'x174', 'x165', 'x164', 'x189', 'x180', 'x167', 'x177', 'x179', 'x168', 'x171', 'x175', 'x173', 'x178', 'x181', 'x184', 'x188', 'x170', 'x187', 'x185', 'x186', 'x176', 'x172', 'x192', 'x191', 'x183', 'x210', 'x190', 'x197', 'x182', 'x200', 'x199', 'x201', 'x211', 'x193', 'x205', 'x202', 'x213', 'x196', 'x194', 'x216', 'x195', 'x204', 'x206', 'x209', 'x203', 'x219', 'x207', 'x198', 'x225', 'x212', 'x222', 'x208', 'x214', 'x221', 'x231', 'x217', 'x229', 'x220', 'x241', 'x224', 'x218', 'x230', 'x235', 'x228', 'x234', 'x239', 'x226', 'x215', 'x236', 'x223', 'x242', 'x232', 'x233', 'x246', 'x237', 'x249', 'x240', 'x253', 'x248', 'x227', 'x261', 'x247', 'x256', 'x262', 'x252', 'x244', 'x251', 'x245', 'x238', 'x257', 'x259', 'x260', 'x243', 'x268', 'x271', 'x270', 'x264', 'x255', 'x267', 'x265', 'x250', 'x254', 'x273', 'x278', 'x277', 'x258', 'x266', 'x276', 'x269', 'x274', 'x263', 'x287', 'x279', 'x286', 'x272', 'x281', 'x289', 'x280', 'x288', 'x290', 'x291', 'x296', 'x300', 'x283', 'x285', 'x284', 'x275', 'x304', 'x298', 'x295', 'x310', 'x294', 'x297', 'x302', 'x292', 'x293', 'x301', 'x282', 'x299', 'x321', 'x325', 'x314', 'x309', 'x308', 'x306', 'x316', 'x311', 'x326', 'x319', 'x315', 'x305', 'x307', 'x339', 'x317', 'x313', 'x312', 'x323', 'x335', 'x320', 'x318', 'x327', 'x324', 'x303', 'x332', 'x328', 'x330', 'x331', 'x322', 'x338', 'x352', 'x343', 'x329', 'x350', 'x337', 'x348', 'x360', 'x342', 'x336', 'x334', 'x353', 'x341', 'x351', 'x340', 'x346', 'x349', 'x333', 'x357', 'x361', 'x347', 'x345', 'x344', 'x365', 'x358', 'x363', 'x369', 'x374', 'x355', 'x371', 'x368', 'x373', 'x370', 'x359', 'x366', 'x356', 'x367', 'x354', 'x376', 'x378', 'x398', 'x391', 'x364', 'x375', 'x383', 'x397', 'x388', 'x382', 'x372', 'x381', 'x386', 'x379', 'x401', 'x411', 'x395', 'x393', 'x387', 'x362', 'x400', 'x399', 'x396', 'x394', 'x389', 'x390', 'x409', 'x385', 'x377', 'x380', 'x404', 'x419', 'x418', 'x412', 'x384', 'x403', 'x405', 'x410', 'x422', 'x406', 'x432', 'x415', 'x417', 'x420', 'x413', 'x421', 'x392', 'x407', 'x430', 'x408', 'x431', 'x440', 'x425', 'x427', 'x414', 'x429', 'x424', 'x423', 'x447', 'x449', 'x455', 'x416', 'x438', 'x443', 'x435', 'x439', 'x456', 'x428', 'x450', 'x426', 'x402', 'x433', 'x436', 'x445', 'x446', 'x442', 'x452', 'x437', 'x461', 'x448', 'x441', 'x453', 'x451', 'x434', 'x454', 'x457', 'x460', 'x444', 'x483', 'x459', 'x468', 'x463', 'x467', 'x480', 'x466', 'x462', 'x484', 'x494', 'x464', 'x458', 'x469', 'x470', 'x489', 'x481', 'x490', 'x477', 'x486', 'x495', 'x473', 'x499', 'x482', 'x474', 'x471', 'x478', 'x505', 'x472', 'x476', 'x501', 'x493', 'x506', 'x497', 'x465', 'x479', 'x503', 'x475', 'x498', 'x488', 'x492', 'x521', 'x502', 'x487', 'x491', 'x485', 'x500', 'x528', 'x510', 'x516', 'x496', 'x504', 'x526', 'x514', 'x523', 'x530', 'x508', 'x511', 'x509', 'x515', 'x517', 'x507', 'x527', 'x512', 'x539', 'x518', 'x520', 'x535', 'x519', 'x558', 'x536', 'x537', 'x562', 'x525', 'x513', 'x534', 'x522', 'x531', 'x541', 'x548', 'x538', 'x529', 'x561', 'x533', 'x571', 'x532', 'x524', 'x544', 'x540', 'x543', 'x550', 'x560', 'x573', 'x570', 'x559', 'x569', 'x547', 'x542', 'x551', 'x572', 'x555', 'x545', 'x564', 'x591', 'x553', 'x549', 'x568', 'x577', 'x574', 'x567', 'x557', 'x546', 'x588', 'x556', 'x563', 'x566', 'x552', 'x565', 'x581', 'x590', 'x554', 'x578', 'x580', 'x587', 'x576', 'x585', 'x584', 'x603', 'x579', 'x605', 'x582', 'x598', 'x595', 'x586', 'x597', 'x608', 'x601', 'x583', 'x610', 'x624', 'x589', 'x575', 'x604', 'x611', 'x593', 'x606', 'x596', 'x619', 'x599', 'x630', 'x622', 'x592', 'x602', 'x626', 'x621', 'x613', 'x623', 'x620', 'x607', 'x616', 'x617', 'x625', 'x637', 'x594', 'x615', 'x609', 'x600', 'x635', 'x647', 'x641', 'x612', 'x636', 'x644', 'x639', 'x642', 'x629', 'x632', 'x628', 'x655', 'x627', 'x660', 'x652', 'x618', 'x638', 'x658', 'x614', 'x631', 'x648', 'x646', 'x665', 'x664', 'x634', 'x659', 'x645', 'x656', 'x653', 'x640', 'x643', 'x672', 'x667', 'x651', 'x654', 'x649', 'x668', 'x678', 'x679', 'x633', 'x650', 'x688', 'x671', 'x673', 'x681', 'x662', 'x676', 'x680', 'x657', 'x661', 'x675', 'x689', 'x694', 'x670', 'x685', 'x711', 'x684', 'x666', 'x674', 'x677', 'x690', 'x692', 'x669', 'x686', 'x687', 'x663', 'x683', 'x698', 'x705', 'x691', 'x682', 'x696', 'x700', 'x704', 'x719', 'x731', 'x703', 'x709', 'x716', 'x710', 'x712', 'x702', 'x697', 'x717', 'x693', 'x723', 'x699', 'x708', 'x715', 'x713', 'x722', 'x714', 'x701', 'x726', 'x729', 'x737', 'x728', 'x727', 'x720', 'x733', 'x721', 'x695', 'x736', 'x724', 'x742', 'x755', 'x707', 'x732', 'x718', 'x740', 'x706', 'x739', 'x741', 'x747', 'x757', 'x761', 'x725', 'x763', 'x734', 'x762', 'x749', 'x730', 'x758', 'x769', 'x745', 'x744', 'x767', 'x751', 'x759', 'x738', 'x735', 'x764', 'x754', 'x760', 'x743', 'x766', 'x770', 'x773', 'x776', 'x746', 'x775', 'x748', 'x750', 'x794', 'x780', 'x778', 'x752', 'x784', 'x765', 'x783', 'x768', 'x790', 'x779', 'x771', 'x786', 'x774', 'x800', 'x753', 'x781', 'x756', 'x789', 'x806', 'x793', 'x812', 'x782', 'x799', 'x798', 'x803', 'x788', 'x787', 'x809', 'x822', 'x805', 'x829', 'x807', 'x792', 'x813', 'x810', 'x796', 'x777', 'x797', 'x804', 'x772', 'x814', 'x821', 'x802', 'x791', 'x811', 'x815', 'x808', 'x801', 'x785', 'x818', 'x820', 'x795', 'x831', 'x846', 'x830', 'x827', 'x828', 'x841', 'x840', 'x816', 'x825', 'x832', 'x823', 'x839', 'x817', 'x850', 'x836', 'x826', 'x824', 'x842', 'x835', 'x868', 'x819', 'x853', 'x847', 'x851', 'x833', 'x869', 'x843', 'x855', 'x848', 'x858', 'x878', 'x873', 'x866', 'x859', 'x844', 'x888', 'x854', 'x892', 'x856', 'x838', 'x903', 'x890', 'x882', 'x863', 'x857', 'x860', 'x867', 'x862', 'x901', 'x877', 'x837', 'x849', 'x879', 'x865', 'x886', 'x861', 'x870', 'x871', 'x880', 'x897', 'x834', 'x875', 'x845', 'x864', 'x895', 'x884', 'x898', 'x894', 'x874', 'x904', 'x881', 'x907', 'x893', 'x889', 'x883', 'x917', 'x921', 'x900', 'x909', 'x872', 'x885', 'x920', 'x908', 'x852', 'x926', 'x910', 'x891', 'x945', 'x937', 'x934', 'x887', 'x876', 'x915', 'x912', 'x925', 'x935', 'x944', 'x940', 'x941', 'x923', 'x936', 'x905', 'x927', 'x919', 'x916', 'x980', 'x896', 'x948', 'x931', 'x918', 'x928', 'x913', 'x930', 'x924', 'x954', 'x956', 'x911', 'x971', 'x932', 'x951', 'x964', 'x939', 'x922', 'x975', 'x957', 'x963', 'x960', 'x942', 'x902', 'x952', 'x969', 'x929', 'x933', 'x982', 'x979', 'x996', 'x999', 'x961', 'x947', 'x985', 'x973', 'x986', 'x987', 'x1', 'x955', 'x970', 'x972', 'x946', 'x949', 'x1000', 'x995', 'x968', 'x990', 'x938', 'x988', 'x993', 'x983', 'x978', 'x991', 'x984', 'x981', 'x950', 'x997', 'x943', 'x959', 'x994', 'x965', 'x974', 'x977', 'x989', 'x958', 'x992', 'x976', 'x953', 'x998', 'x966', 'x906', 'x962', 'x967', 'x914', 'x899']","[0.7023820540789875, 0.7019341917546892, 0.7008694005512353, 0.6998054765766551, 0.6987434400721433, 0.6976836214640879, 0.6966248074862732, 0.6955669890141569, 0.6945093933804762, 0.693451911324297, 0.6923949351957703, 0.6913385342843736, 0.6902823899197567, 0.6892301346419478, 0.6881795774960396, 0.6871295882171462, 0.6860800701511319, 0.6850308211247982, 0.6839844606679991, 0.6829388055002295, 0.6818934000517732, 0.68084938823609, 0.6798065389350716, 0.6787640038636715, 0.6777236762729325, 0.6766848962241514, 0.6756462702011262, 0.6746088317789384, 0.6735718657335085, 0.6725350533489228, 0.6714983942352403, 0.6704622700852417, 0.6694273442038616, 0.6683934880713979, 0.6673596903571231, 0.6663281401834986, 0.6652989458564955, 0.6642709103813496, 0.6632442650024932, 0.662218168236238, 0.6611930356832553, 0.6601680843032202, 0.6591435327768767, 0.658122780275303, 0.657103346342193, 0.6560840000040563, 0.6550653247939633, 0.6540468947093765, 0.6530295207070426, 0.6520134399001976, 0.6509979886169049, 0.6499828121351503, 0.6489683477501826, 0.6479542071896252, 0.6469406466747478, 0.645928471801165, 0.6449172817197427, 0.6439069047672615, 0.6428966226367713, 0.6418867518655786, 0.6408773268079111, 0.6398679656670127, 0.6388596160070045, 0.6378515831484325, 0.6368471707884149, 0.6358438349339819, 0.6348408302874671, 0.6338390465046229, 0.63283823376616, 0.6318376689864985, 0.6308374844460851, 0.6298376598649809, 0.6288408812597881, 0.627845804358696, 0.626850860928777, 0.625856680379776, 0.6248633177494765, 0.62387021460384, 0.6228778773135966, 0.6218859467581078, 0.6208954246830075, 0.6199050887931784, 0.6189153504802558, 0.6179275071163357, 0.616939854027022, 0.6159523864731495, 0.6149661187830908, 0.6139813561597964, 0.6129967678792694, 0.6120138747193716, 0.6110327643148364, 0.6100520094174186, 0.6090720760519077, 0.6080935852255709, 0.6071173890095636, 0.6061418527286561, 0.6051689716643169, 0.6041962862224092, 0.6032243890686927, 0.6022536787937335, 0.6012836251215944, 0.6003161874976035, 0.5993488379869407, 0.5983824958386446, 0.5974170902311172, 0.596451793827458, 0.5954870283860875, 0.5945231729807531, 0.5935596505133064, 0.5925972988742918, 0.5916350348644219, 0.5906731974995899, 0.5897119589929113, 0.5887509874239629, 0.5877905329296575, 0.586831935202366, 0.5858751650212006, 0.5849188360372777, 0.5839654537385205, 0.5830140672968495, 0.5820631588135858, 0.5811134219983738, 0.5801644362748895, 0.5792161560152026, 0.578268435441077, 0.5773211857983264, 0.5763746654836339, 0.5754284215883446, 0.5744823449312552, 0.5735369564054975, 0.5725916674532414, 0.5716478891329142, 0.5707044263166657, 0.5697611782555039, 0.5688190733408562, 0.5678776342846216, 0.5669364709292404, 0.5659958004988915, 0.5650552911372744, 0.5641153939301454, 0.5631758902036954, 0.5622374136440071, 0.5613003459005926, 0.5603644454421043, 0.5594294146992156, 0.5584955563762845, 0.5575618653150296, 0.5566283264870057, 0.5556954730535111, 0.5547631789463786, 0.5538311796488808, 0.552899271910973, 0.55196743179427, 0.5510360059837663, 0.5501054066304724, 0.5491764599491841, 0.5482505465471047, 0.5473274572124742, 0.5464055561841399, 0.5454852434725703, 0.5445665928806481, 0.5436504214206047, 0.5427349026950313, 0.5418200188154315, 0.5409066355525252, 0.539993981258805, 0.539081456222084, 0.538169207764392, 0.5372573433824875, 0.5363456666245716, 0.5354346594049721, 0.5345250714390817, 0.5336177591104244, 0.532710474606878, 0.5318034942362576, 0.5308975498191356, 0.529992461584686, 0.529088142164052, 0.5281844045211344, 0.5272808063643089, 0.5263774957583123, 0.5254763096708298, 0.5245777239536457, 0.523679991860445, 0.5227824485601452, 0.5218864467723996, 0.5209906197797175, 0.5200956495765201, 0.5192010993080077, 0.5183068447333462, 0.5174127958656398, 0.5165189823612373, 0.5156255950160987, 0.5147331488068301, 0.5138407344563429, 0.5129507655874446, 0.5120622802100954, 0.5111753660427738, 0.5102884964736953, 0.5094031327687374, 0.5085184184123823, 0.5076344875586941, 0.506750895387651, 0.5058674329924999, 0.5049844627109529, 0.5041019900676528, 0.503221350860909, 0.5023408577602773, 0.5014615053716553, 0.5005824690983693, 0.4997035319490511, 0.49882573049589596, 0.4979482802927128, 0.49707263040096655, 0.49619834551911685, 0.49532434270970616, 0.4944510633403438, 0.493578043163177, 0.4927069613893657, 0.49183624054483976, 0.4909661284614729, 0.4900971505146403, 0.4892288938030935, 0.4883606989949843, 0.48749393286517695, 0.4866286519775871, 0.485764864492304, 0.4849037366968903, 0.48404316946153997, 0.48318307974982405, 0.482323218414405, 0.48146637650155255, 0.48060980660119285, 0.47975333361643313, 0.47889808631797254, 0.47804336216836607, 0.4771908218588808, 0.47634000425945333, 0.475489486515202, 0.4746400107667573, 0.4737909796822322, 0.47294229111244734, 0.4720938113581933, 0.471245598426166, 0.4703975401795179, 0.4695496513336318, 0.46870292051881923, 0.46785722869135987, 0.46701216785031047, 0.46616847206490175, 0.4653249510975312, 0.4644814617691711, 0.4636384144031209, 0.46279590606148435, 0.4619536494631138, 0.46111345814253324, 0.46027393682703654, 0.4594348712528982, 0.45859681948490644, 0.4577590671172556, 0.4569219759775745, 0.4560863648337037, 0.4552511490742907, 0.4544168085501883, 0.453582541054324, 0.4527486801093242, 0.45191547039825614, 0.4510828252068328, 0.45025047724979667, 0.4494189225729315, 0.44858890712660704, 0.44775897115350877, 0.44693002753582317, 0.4461013329613326, 0.4452733299387004, 0.4444460024675431, 0.44361893500215577, 0.4427922939166146, 0.4419662638357275, 0.4411420087914236, 0.44031797358204877, 0.43949468341346604, 0.43867234871120686, 0.4378501379572608, 0.4370280525365417, 0.43620738612031373, 0.43538718062442033, 0.4345678127429487, 0.4337489410845776, 0.43293082784089815, 0.43211669890689547, 0.4313026984520395, 0.4304898447455621, 0.42967731735234765, 0.42886650030386875, 0.42805615642456213, 0.42724633211304897, 0.4264378413810115, 0.4256298850060314, 0.4248227427770645, 0.4240160032114812, 0.42321013287927384, 0.42240458300663014, 0.4215999870438889, 0.4207971776454799, 0.4199948543800287, 0.4191925928315978, 0.4183914514171134, 0.41759070962369976, 0.4167900528078646, 0.4159894317482642, 0.41518897200106303, 0.41439023440271744, 0.4135926293236876, 0.41279534181453226, 0.4119992823822167, 0.4112042400595085, 0.41040928202763466, 0.4096143569218882, 0.4088194729752096, 0.40802465901180685, 0.40723247198289797, 0.406440565994938, 0.40564876644625586, 0.4048572373743209, 0.4040662497289019, 0.403276024512352, 0.40248599459363565, 0.4016968932808778, 0.4009079897892179, 0.400119203012809, 0.399331320351791, 0.398543803653566, 0.39775721207758835, 0.39697441263753014, 0.3961928778134826, 0.3954115407295831, 0.39463088029052756, 0.3938514631878012, 0.39307212306282474, 0.39229321749525786, 0.39151446297374953, 0.3907372045189777, 0.38996026057106903, 0.3891833475065785, 0.3884073487370842, 0.3876314465143984, 0.38685691359249536, 0.38608313552342655, 0.3853105511425556, 0.38453848660436474, 0.3837672021079648, 0.38299721001718906, 0.3822274176419496, 0.38145782489527086, 0.3806883453469384, 0.3799198915734052, 0.3791516389697694, 0.37838345768920856, 0.37761625028848794, 0.3768498281314531, 0.3760860979126342, 0.37532277490298255, 0.37456027268190084, 0.37379813708255966, 0.3730369943637183, 0.3722778531425496, 0.37151912703164747, 0.37076262235147955, 0.3700063267618407, 0.36925090004263694, 0.36849660598088124, 0.3677424329589939, 0.36698845530504864, 0.36623474989780336, 0.36548120193198697, 0.3647282311110741, 0.36397661285315197, 0.36322506696686135, 0.3624739320361364, 0.3617229205060724, 0.3609721336593563, 0.3602213667958006, 0.35947078781339836, 0.3587211993829562, 0.3579724499697413, 0.35722394311948735, 0.3564766985431272, 0.35573014477999165, 0.3549842688023006, 0.35423846529075503, 0.3534928710105534, 0.352747926586594, 0.3520031816451759, 0.35126027416484884, 0.3505177536910579, 0.3497756971158447, 0.34903384658134606, 0.34829263358618723, 0.34755179407923614, 0.3468116123075745, 0.34607262371116265, 0.3453343525328145, 0.3445985261046306, 0.3438646282023695, 0.3431309218216733, 0.3423978365335324, 0.341664851842044, 0.3409319202701149, 0.3401999655099585, 0.33946823365582657, 0.3387374787091242, 0.3380067646669444, 0.3372767905773449, 0.336547139177708, 0.3358175703107609, 0.33508906627620483, 0.33436179837800784, 0.33363458230237797, 0.332908165575224, 0.33218394270202883, 0.3314598512516181, 0.33073678181391214, 0.33001407188925796, 0.3292924842337738, 0.3285722380508427, 0.32785317701960986, 0.32713531350657393, 0.3264181457396321, 0.32570122175849775, 0.3249854314952251, 0.324269800331372, 0.3235541994218356, 0.3228391339953138, 0.3221247537212367, 0.32141050262292103, 0.3206969687312069, 0.3199836266900567, 0.31927223631955437, 0.318561143933517, 0.31785026899574215, 0.31714110707059234, 0.316431986249089, 0.3157237981186356, 0.3150157029881467, 0.3143079119105334, 0.3136015584325814, 0.31289524702213256, 0.3121890068883549, 0.3114828651485874, 0.310777498688667, 0.310073007193276, 0.30936959453770113, 0.30866759811993827, 0.307965626598241, 0.30726584266134044, 0.30656693811320135, 0.3058690099479856, 0.3051716589171265, 0.3044748271345199, 0.30377860234248394, 0.30308243524314893, 0.3023868179244753, 0.3016922741848107, 0.30099789982147646, 0.300304643138903, 0.29961206027370285, 0.2989198413970239, 0.2982281917504306, 0.2975370521245134, 0.2968460787927649, 0.29615526105499784, 0.29546499135449666, 0.2947764039814213, 0.29408853286341274, 0.2934022187906861, 0.2927161234982863, 0.29203057875358285, 0.29134505483105666, 0.29065985276180045, 0.2899748668341595, 0.2892901701696077, 0.2886057515325868, 0.28792186284983373, 0.2872383052840278, 0.2865550475803532, 0.2858719481853404, 0.2851889723655234, 0.2845066901861579, 0.2838249152524034, 0.2831449772549431, 0.28246524862884387, 0.28178582511568917, 0.2811066702011666, 0.2804278797071538, 0.279750195933956, 0.27907387394349104, 0.2783977520248833, 0.2777229152249234, 0.2770487274900713, 0.2763748689020571, 0.27570107389336646, 0.2750282059085328, 0.27435782276908827, 0.27368774526515777, 0.2730179338977092, 0.27234844779091744, 0.2716801444954873, 0.271012177408776, 0.27034442356280447, 0.2696769101718649, 0.2690095676732703, 0.26834319106896054, 0.2676773527818874, 0.26701172781732885, 0.2663464243880156, 0.26568184658349536, 0.26501767569057183, 0.26435356156021017, 0.26368954410902135, 0.26302586486039564, 0.2623626529766307, 0.2617002239142374, 0.2610386263602808, 0.2603773510614348, 0.2597162546247279, 0.25905546965222426, 0.2583959659002347, 0.2577388643270947, 0.25708182555368375, 0.25642494691840845, 0.25576813838260065, 0.25511193902557866, 0.254455958760179, 0.25380023697732734, 0.25314539292408417, 0.2524911392148941, 0.25183714462814394, 0.251183751569524, 0.25053059976941155, 0.24987873022717716, 0.24922759770151864, 0.24857657006429257, 0.2479260372867921, 0.24727573637689798, 0.24662618541066295, 0.24597749550816583, 0.24533028903225565, 0.24468343992193664, 0.24403691742998723, 0.2433916949937333, 0.24274802455223643, 0.2421044164553168, 0.24146135758141998, 0.24081899596895767, 0.2401769440700492, 0.23953650719724426, 0.23889612411758593, 0.23825630362811362, 0.23761683513293272, 0.2369778923990183, 0.2363392911347925, 0.23570187162846018, 0.23506455719606717, 0.23442740454290759, 0.23379034327360182, 0.23315352677935589, 0.23251708815649627, 0.2318815205159152, 0.23124622958359134, 0.23061194968770923, 0.22997807976325116, 0.22934447024099675, 0.22871117670990548, 0.22807837593179742, 0.22744562833505405, 0.22681305126185963, 0.22618116686897904, 0.2255493549538024, 0.22491893540224892, 0.22428889588769665, 0.2236590982491957, 0.2230294352634879, 0.22240015507961688, 0.2217726529764486, 0.22114531940208124, 0.22051842605297572, 0.21989169528483032, 0.21926609877780578, 0.21864268109497478, 0.21802046019926924, 0.21739888096701981, 0.2167774325857081, 0.21615652074437208, 0.21553582370374433, 0.21491565372353738, 0.21429591242761978, 0.21367640316004144, 0.21305696024822782, 0.21243788813302136, 0.21181929966084181, 0.2112019743533684, 0.2105847395986224, 0.2099680721613853, 0.20935164851530108, 0.20873652136740103, 0.2081216825583386, 0.2075081927797346, 0.20689484938990993, 0.20628160960720024, 0.20566926245483805, 0.20505890680451136, 0.20444902727439251, 0.20383928019152076, 0.20322960822837327, 0.20262020108524842, 0.20201089377238055, 0.2014018666318552, 0.2007929898513131, 0.2001842320983926, 0.1995757792645933, 0.19896767596633033, 0.19835979683519755, 0.1977521157880977, 0.19714513226796282, 0.19653855060323888, 0.19593246011240287, 0.19532671540440558, 0.19472124784735864, 0.19411615539458474, 0.19351129390929436, 0.19290746672886874, 0.1923051319717359, 0.191703158456618, 0.19110132833446233, 0.19050067196837503, 0.1899020475221577, 0.18930418040295735, 0.18870676738292957, 0.18810954112589032, 0.18751332943190632, 0.18691753450875206, 0.1863218361515951, 0.18572644866414748, 0.1851327970055608, 0.1845393745260744, 0.183946248297054, 0.18335348633325582, 0.18276125133690896, 0.18216921715471637, 0.18157724359384622, 0.18098598927368706, 0.18039510305894804, 0.17980494153862064, 0.17921526455557799, 0.17862601192828093, 0.17803692760578257, 0.17744805270909791, 0.1768595443773913, 0.17627130639909752, 0.17568350237943617, 0.17509592798109563, 0.1745090124135192, 0.17392227900416574, 0.17333558897560458, 0.17274947192496454, 0.1721638993110888, 0.1715789562288442, 0.17099438207188247, 0.1704100302713016, 0.16982572479638336, 0.16924254845965667, 0.1686596208509638, 0.16807742059611636, 0.1674985372536195, 0.16692101786313965, 0.16634354736461732, 0.1657663825014822, 0.16518975703783484, 0.16461327309218277, 0.1640371531183872, 0.16346198091443354, 0.16288702059238647, 0.16231222233082623, 0.16173771707059817, 0.16116330897425768, 0.1605889842100908, 0.16001561025152863, 0.1594428421416419, 0.15887017598071, 0.15829767062725172, 0.15772528904090222, 0.15715305016442793, 0.15658090952475287, 0.15600908283564796, 0.15543865622854056, 0.15486967347159958, 0.1543019231818615, 0.1537344566296923, 0.15316783159039185, 0.15260133986245444, 0.15203576040792524, 0.15147030846583875, 0.15090532568357687, 0.15034070313404577, 0.14977635826454969, 0.14921220751125688, 0.14864850785542547, 0.14808490071928113, 0.1475219227075191, 0.14695938881524484, 0.14639720481042634, 0.14583534603050918, 0.14527377775868336, 0.14471331263513287, 0.14415340873821159, 0.14359419507108165, 0.14303571013325264, 0.14247750889913557, 0.14192004468081973, 0.14136282404546605, 0.1408056074207271, 0.14024940748284384, 0.13969382100744887, 0.13913937285602043, 0.13858512775475423, 0.13803097595086644, 0.13747720006698186, 0.13692425725911994, 0.13637178999113295, 0.13581952243514026, 0.1352686580062404, 0.13471918213143022, 0.134169867947889, 0.13362067585227405, 0.1330717064057451, 0.1325233975822529, 0.13197537042234178, 0.13142811853637665, 0.13088106339470287, 0.13033417527602317, 0.12978877930042207, 0.12924389972856962, 0.12869922588591245, 0.12815468513350498, 0.1276102887309454, 0.12706646044299924, 0.12652289686495777, 0.12597982247212938, 0.12543702542968366, 0.12489469661103426, 0.12435252341221568, 0.12381082480582827, 0.12326921162069568, 0.12272812995329414, 0.12218735630911898, 0.12164674487305988, 0.12110628321219137, 0.12056592177064868, 0.12002626407679004, 0.11948783869476605, 0.11894973082346778, 0.11841217327203499, 0.11787482100872938, 0.11733873903212719, 0.11680318366218903, 0.11626831079696731, 0.11573389030859503, 0.11519967763260872, 0.1146661973271289, 0.1141342277569374, 0.11360306207910077, 0.11307289360793348, 0.11254354124448045, 0.11201439515028418, 0.11148541495075129, 0.11095685552823173, 0.11042838698478337, 0.10990079735246437, 0.10937333399349153, 0.10884692088453293, 0.10832069917281376, 0.10779486803477116, 0.10726970944394124, 0.10674533557271908, 0.10622144828204273, 0.10569833874075656, 0.10517537615215847, 0.10465312957081854, 0.10413139470557334, 0.10361023998216597, 0.10308948757512938, 0.10256938138791633, 0.10204970141472254, 0.1015306922452294, 0.10101224571488915, 0.10049417669513902, 0.09997635649082134, 0.09945889274553384, 0.09894181363688151, 0.09842487328017385, 0.09790812472380221, 0.09739153884200985, 0.0968751353156995, 0.09635892799144592, 0.09584302614392587, 0.09532765104904439, 0.09481255802241093, 0.09429794203675732, 0.09378343024619107, 0.0932692740472753, 0.09275578910772156, 0.0922426286041084, 0.09173045532245268, 0.0912184130011726, 0.09070879220454836, 0.09019946799428459, 0.08969038229337653, 0.08918148231673022, 0.08867380339329922, 0.08816726700270563, 0.08766093417254114, 0.08715506647367176, 0.08665083057841838, 0.08614706697854085, 0.08564501996443227, 0.08514339018269779, 0.08464208794048102, 0.08414109311327446, 0.08364032500986295, 0.0831406512692251, 0.08264148552487517, 0.08214287885708234, 0.08164486592859281, 0.08114714229219096, 0.08064962304550109, 0.08015235633669332, 0.07965539156771897, 0.07915885339639539, 0.07866284733909887, 0.07816795424512452, 0.07767395940282469, 0.07718083423073276, 0.07668905219834289, 0.07619818861342062, 0.07570765272524839, 0.07521747293738149, 0.0747275921153724, 0.0742382871249537, 0.07375028604952096, 0.07326286559544205, 0.07277603255511492, 0.07228975498090486, 0.07180399573037777, 0.07131875872893138, 0.07083452003083192, 0.070351282623081, 0.06986909921620661, 0.06938814347893506, 0.06890784706526729, 0.06842814648758204, 0.06794877074278781, 0.06746983162577096, 0.06699143715424577, 0.0665136707431038, 0.06603657991375447, 0.06556014387681418, 0.06508421742647677, 0.06460902027300526, 0.06413447966686335, 0.06366172049582104, 0.06318959554591266, 0.06271787862159399, 0.06224713335394445, 0.0617774024582257, 0.061308253564903284, 0.06083993036864623, 0.0603723897455457, 0.059905512629781825, 0.059439789009067996, 0.05897459868249275, 0.05851033268278866, 0.058046673796918115, 0.05758380856780455, 0.057121732418154776, 0.05666027529879237, 0.056199775926714345, 0.05574029960261164, 0.055282178190172226, 0.05482489129714446, 0.05436829939807677, 0.053913628298952576, 0.05346011793759156, 0.05300737185890787, 0.05255584884710127, 0.052105792068968794, 0.05165638037869046, 0.05120803106326047, 0.05076055281880511, 0.05031446787870876, 0.049869302798444405, 0.04942503276507306, 0.04898160862156776, 0.04853923423356298, 0.04809838106127589, 0.047659363668738804, 0.04722218451853652, 0.046786436110350514, 0.04635206507934313, 0.045919340697143485, 0.04548798217822471, 0.0450584065409976, 0.04463042011402453, 0.044204052547229346, 0.04377886719928638, 0.04335567429429069, 0.042933906039102486, 0.04251365380086008, 0.0420947979435414, 0.04167832623032042, 0.04126335513298284, 0.0408496620045662, 0.040438097112816616, 0.04002847594204465, 0.03962068332778823, 0.03921469840723014, 0.03881032059208695, 0.038408391844379795, 0.038008855999069995, 0.0376115786814949, 0.03721683855893968, 0.03682570318639645, 0.036437127678148946, 0.036050783592895104, 0.03566659592718918, 0.0352848784385502, 0.03490576677606287, 0.034529311246017116, 0.03415546743223826, 0.033784230622503277, 0.033415496299700864, 0.03305000075219179, 0.03268752380953084, 0.03232793633472805, 0.03197106943616686, 0.031617395930344135, 0.03126713664798755, 0.03092037896438337, 0.030577349149521923, 0.030238133927914683, 0.029902814585842975, 0.02957122525540309, 0.029244697429205446, 0.028922159854955807, 0.028603261454641402, 0.028288276557870976, 0.027977645093241812, 0.027671797835852035, 0.02737081012380577, 0.02707467841240003, 0.026783357674072212, 0.02649691209582324, 0.026215399654896374, 0.025940080184736702, 0.025669952133257016, 0.025406081452719075, 0.025148618592909143, 0.02489750635821513, 0.024652739977065574, 0.02441476793863445, 0.024196150079704846, 0.023971690701829817, 0.023754201836915727, 0.02354456709089433, 0.023342281767991725, 0.023147778972253803, 0.022960482998852498, 0.02278111401725366, 0.02261019148541616, 0.02244796421617921, 0.022294178614424447, 0.02214926775413532, 0.022013362238806188, 0.021886736274629844, 0.021769181293684155, 0.021660878183764498, 0.02156133941608463, 0.021471154530317785, 0.02139066485332829, 0.021319471453427243, 0.021258776402113103, 0.021208074524542354, 0.02116746815860573, 0.021137601950592746, 0.021119013413234747, 0.021116179636161553, 0.02111843556460246, 0.021133952695677905, 0.021159760174525293, 0.021200126578797152, 0.02125297306296474]",EGB_XGB_GAM_CYCLIC_CYCLIC,synthetic_ordering1000,0,5,42,150
"['offset', 'x11', 'x2', 'x12', 'x10', 'x9', 'x4', 'x6', 'x7', 'x21', 'x3', 'x17', 'x13', 'x5', 'x19', 'x18', 'x8', 'x20', 'x28', 'x16', 'x15', 'x29', 'x23', 'x30', 'x22', 'x14', 'x24', 'x26', 'x36', 'x27', 'x31', 'x47', 'x37', 'x40', 'x33', 'x41', 'x34', 'x32', 'x45', 'x52', 'x49', 'x42', 'x51', 'x39', 'x38', 'x35', 'x44', 'x48', 'x25', 'x50', 'x54', 'x58', 'x68', 'x46', 'x57', 'x56', 'x59', 'x53', 'x65', 'x43', 'x78', 'x70', 'x80', 'x60', 'x67', 'x73', 'x61', 'x66', 'x75', 'x62', 'x63', 'x64', 'x71', 'x55', 'x69', 'x76', 'x79', 'x82', 'x77', 'x72', 'x86', 'x100', 'x90', 'x81', 'x74', 'x83', 'x89', 'x85', 'x99', 'x91', 'x87', 'x95', 'x94', 'x96', 'x102', 'x109', 'x103', 'x111', 'x84', 'x93', 'x88', 'x92', 'x116', 'x97', 'x104', 'x131', 'x110', 'x108', 'x119', 'x98', 'x114', 'x106', 'x107', 'x105', 'x101', 'x117', 'x113', 'x126', 'x122', 'x121', 'x118', 'x127', 'x130', 'x128', 'x123', 'x129', 'x125', 'x153', 'x133', 'x124', 'x120', 'x112', 'x115', 'x138', 'x135', 'x132', 'x141', 'x134', 'x137', 'x149', 'x146', 'x140', 'x136', 'x148', 'x147', 'x145', 'x139', 'x150', 'x158', 'x151', 'x157', 'x144', 'x142', 'x161', 'x154', 'x155', 'x167', 'x156', 'x159', 'x152', 'x171', 'x169', 'x164', 'x166', 'x143', 'x165', 'x179', 'x163', 'x183', 'x173', 'x160', 'x174', 'x177', 'x170', 'x172', 'x199', 'x168', 'x180', 'x190', 'x188', 'x181', 'x175', 'x182', 'x162', 'x176', 'x189', 'x195', 'x204', 'x178', 'x185', 'x200', 'x201', 'x198', 'x187', 'x191', 'x197', 'x186', 'x184', 'x216', 'x192', 'x193', 'x194', 'x202', 'x203', 'x218', 'x209', 'x206', 'x196', 'x230', 'x212', 'x228', 'x210', 'x217', 'x211', 'x221', 'x213', 'x226', 'x229', 'x207', 'x224', 'x205', 'x214', 'x231', 'x225', 'x222', 'x227', 'x223', 'x208', 'x219', 'x234', 'x239', 'x215', 'x251', 'x247', 'x237', 'x220', 'x246', 'x236', 'x232', 'x235', 'x241', 'x249', 'x238', 'x248', 'x250', 'x240', 'x233', 'x256', 'x257', 'x245', 'x260', 'x243', 'x252', 'x254', 'x253', 'x242', 'x244', 'x255', 'x259', 'x266', 'x261', 'x263', 'x278', 'x269', 'x268', 'x258', 'x271', 'x281', 'x270', 'x283', 'x277', 'x264', 'x272', 'x280', 'x274', 'x276', 'x265', 'x267', 'x273', 'x262', 'x286', 'x285', 'x293', 'x284', 'x289', 'x282', 'x288', 'x301', 'x310', 'x279', 'x287', 'x290', 'x291', 'x275', 'x295', 'x298', 'x292', 'x297', 'x300', 'x299', 'x296', 'x302', 'x317', 'x309', 'x312', 'x303', 'x320', 'x316', 'x311', 'x306', 'x322', 'x294', 'x308', 'x315', 'x313', 'x340', 'x305', 'x314', 'x330', 'x331', 'x336', 'x327', 'x307', 'x334', 'x319', 'x326', 'x324', 'x304', 'x318', 'x328', 'x321', 'x325', 'x323', 'x341', 'x333', 'x350', 'x349', 'x329', 'x358', 'x335', 'x342', 'x343', 'x351', 'x332', 'x354', 'x339', 'x360', 'x345', 'x357', 'x355', 'x344', 'x337', 'x367', 'x347', 'x369', 'x368', 'x348', 'x346', 'x353', 'x338', 'x359', 'x352', 'x376', 'x365', 'x370', 'x363', 'x371', 'x372', 'x362', 'x361', 'x375', 'x356', 'x389', 'x384', 'x396', 'x373', 'x364', 'x390', 'x366', 'x380', 'x387', 'x398', 'x374', 'x379', 'x378', 'x392', 'x382', 'x394', 'x395', 'x391', 'x407', 'x383', 'x385', 'x411', 'x393', 'x397', 'x388', 'x403', 'x377', 'x400', 'x399', 'x386', 'x418', 'x381', 'x402', 'x401', 'x410', 'x408', 'x404', 'x414', 'x409', 'x405', 'x413', 'x432', 'x406', 'x429', 'x423', 'x427', 'x441', 'x417', 'x431', 'x425', 'x420', 'x439', 'x419', 'x449', 'x455', 'x426', 'x430', 'x437', 'x416', 'x434', 'x415', 'x443', 'x412', 'x422', 'x436', 'x457', 'x421', 'x428', 'x435', 'x442', 'x433', 'x451', 'x440', 'x424', 'x438', 'x452', 'x458', 'x448', 'x444', 'x453', 'x459', 'x450', 'x454', 'x468', 'x447', 'x445', 'x446', 'x476', 'x469', 'x481', 'x456', 'x471', 'x461', 'x460', 'x484', 'x463', 'x473', 'x488', 'x501', 'x470', 'x466', 'x462', 'x489', 'x492', 'x474', 'x483', 'x467', 'x475', 'x494', 'x480', 'x478', 'x490', 'x465', 'x464', 'x493', 'x497', 'x495', 'x491', 'x486', 'x472', 'x487', 'x477', 'x504', 'x479', 'x482', 'x498', 'x485', 'x499', 'x512', 'x511', 'x514', 'x496', 'x507', 'x521', 'x508', 'x513', 'x500', 'x505', 'x503', 'x509', 'x519', 'x510', 'x517', 'x520', 'x527', 'x518', 'x525', 'x528', 'x541', 'x522', 'x506', 'x515', 'x529', 'x537', 'x531', 'x502', 'x539', 'x534', 'x544', 'x536', 'x545', 'x523', 'x549', 'x533', 'x524', 'x569', 'x538', 'x535', 'x548', 'x542', 'x546', 'x532', 'x553', 'x526', 'x566', 'x552', 'x516', 'x551', 'x558', 'x555', 'x543', 'x547', 'x550', 'x540', 'x556', 'x530', 'x554', 'x564', 'x571', 'x579', 'x560', 'x557', 'x559', 'x561', 'x584', 'x568', 'x565', 'x588', 'x576', 'x578', 'x575', 'x563', 'x572', 'x590', 'x574', 'x573', 'x567', 'x599', 'x580', 'x570', 'x596', 'x595', 'x583', 'x562', 'x592', 'x609', 'x597', 'x587', 'x594', 'x581', 'x577', 'x585', 'x601', 'x593', 'x600', 'x608', 'x617', 'x591', 'x611', 'x586', 'x598', 'x582', 'x638', 'x589', 'x622', 'x623', 'x607', 'x610', 'x630', 'x603', 'x602', 'x646', 'x604', 'x620', 'x619', 'x637', 'x612', 'x615', 'x606', 'x636', 'x621', 'x614', 'x624', 'x616', 'x631', 'x605', 'x613', 'x629', 'x641', 'x651', 'x644', 'x639', 'x618', 'x642', 'x632', 'x633', 'x635', 'x628', 'x626', 'x645', 'x652', 'x669', 'x643', 'x648', 'x625', 'x627', 'x653', 'x656', 'x661', 'x640', 'x679', 'x663', 'x654', 'x660', 'x634', 'x647', 'x659', 'x670', 'x650', 'x662', 'x687', 'x658', 'x678', 'x685', 'x674', 'x666', 'x677', 'x690', 'x681', 'x655', 'x657', 'x676', 'x695', 'x649', 'x668', 'x664', 'x667', 'x691', 'x675', 'x672', 'x671', 'x684', 'x665', 'x698', 'x680', 'x731', 'x683', 'x682', 'x703', 'x686', 'x673', 'x706', 'x700', 'x693', 'x707', 'x688', 'x701', 'x699', 'x694', 'x710', 'x714', 'x689', 'x696', 'x697', 'x705', 'x704', 'x721', 'x711', 'x692', 'x716', 'x728', 'x717', 'x712', 'x719', 'x702', 'x739', 'x720', 'x718', 'x729', 'x708', 'x741', 'x715', 'x733', 'x724', 'x727', 'x726', 'x709', 'x730', 'x725', 'x770', 'x713', 'x735', 'x761', 'x738', 'x723', 'x747', 'x737', 'x734', 'x779', 'x742', 'x748', 'x746', 'x732', 'x769', 'x743', 'x722', 'x736', 'x740', 'x755', 'x759', 'x750', 'x756', 'x753', 'x751', 'x749', 'x758', 'x772', 'x765', 'x760', 'x744', 'x791', 'x745', 'x776', 'x790', 'x773', 'x757', 'x768', 'x764', 'x774', 'x766', 'x771', 'x754', 'x787', 'x813', 'x752', 'x762', 'x767', 'x778', 'x780', 'x781', 'x775', 'x792', 'x794', 'x777', 'x763', 'x788', 'x784', 'x795', 'x785', 'x798', 'x786', 'x807', 'x801', 'x800', 'x814', 'x809', 'x793', 'x797', 'x802', 'x782', 'x799', 'x805', 'x817', 'x812', 'x806', 'x789', 'x829', 'x820', 'x816', 'x804', 'x810', 'x819', 'x821', 'x803', 'x815', 'x783', 'x822', 'x855', 'x796', 'x834', 'x828', 'x824', 'x818', 'x838', 'x823', 'x808', 'x842', 'x811', 'x825', 'x841', 'x833', 'x826', 'x836', 'x852', 'x844', 'x840', 'x832', 'x839', 'x830', 'x835', 'x846', 'x843', 'x872', 'x860', 'x856', 'x859', 'x853', 'x827', 'x845', 'x869', 'x837', 'x848', 'x854', 'x873', 'x862', 'x850', 'x857', 'x871', 'x831', 'x868', 'x870', 'x861', 'x847', 'x851', 'x849', 'x881', 'x880', 'x878', 'x866', 'x864', 'x865', 'x858', 'x875', 'x874', 'x877', 'x893', 'x879', 'x884', 'x887', 'x889', 'x890', 'x867', 'x876', 'x886', 'x905', 'x928', 'x895', 'x892', 'x863', 'x894', 'x897', 'x882', 'x899', 'x921', 'x900', 'x906', 'x888', 'x915', 'x910', 'x885', 'x912', 'x919', 'x883', 'x911', 'x908', 'x898', 'x891', 'x916', 'x896', 'x901', 'x907', 'x930', 'x945', 'x931', 'x927', 'x903', 'x914', 'x920', 'x951', 'x924', 'x909', 'x904', 'x926', 'x971', 'x935', 'x922', 'x950', 'x902', 'x917', 'x918', 'x941', 'x961', 'x953', 'x942', 'x936', 'x937', 'x923', 'x938', 'x949', 'x957', 'x946', 'x943', 'x934', 'x925', 'x940', 'x959', 'x913', 'x939', 'x958', 'x933', 'x929', 'x952', 'x972', 'x948', 'x954', 'x969', 'x962', 'x956', 'x979', 'x947', 'x965', 'x955', 'x963', 'x932', 'x966', 'x995', 'x981', 'x968', 'x980', 'x960', 'x987', 'x967', 'x944', 'x970', 'x993', 'x983', 'x1', 'x991', 'x977', 'x984', 'x988', 'x976', 'x978', 'x994', 'x974', 'x996', 'x998', 'x982', 'x999', 'x992', 'x986', 'x975', 'x997', 'x985', 'x990', 'x989', 'x1000', 'x964', 'x973']","[0.6993877926414315, 0.6989616352111401, 0.6979043186792637, 0.6968517350063125, 0.6957993964464603, 0.6947497115091479, 0.693701042679417, 0.692652822623755, 0.6916050727125482, 0.6905578799125721, 0.6895113014096653, 0.6884649327897474, 0.6874187809643862, 0.686375363843553, 0.6853329223312027, 0.6842909997055799, 0.6832493332875891, 0.6822094060632181, 0.6811716573011112, 0.6801349919426852, 0.679100770410307, 0.6780667145083763, 0.6770328793067232, 0.6759995019224435, 0.6749663047450513, 0.6739332279766632, 0.6729009784270568, 0.6718691858379542, 0.6708401247439169, 0.6698117996502236, 0.6687835931370388, 0.6677565123212738, 0.6667336631410767, 0.6657112421703751, 0.664690102481858, 0.6636703166476678, 0.6626506736194376, 0.6616313648226206, 0.6606125940814267, 0.6595952741050665, 0.6585800423566179, 0.6575658337219991, 0.656551981558857, 0.6555382458604798, 0.6545249991502238, 0.6535119805226521, 0.6525003538998146, 0.6514888799454853, 0.6504806900673414, 0.6494730163569695, 0.6484658067053664, 0.6474600820414668, 0.646454540087144, 0.6454496721262476, 0.6444463764171429, 0.6434434997717396, 0.6424413021039498, 0.6414392576633441, 0.6404378255875623, 0.6394386620229702, 0.638439676485523, 0.6374436586246515, 0.6364480854481503, 0.6354527736612939, 0.6344576037201127, 0.6334626281484631, 0.6324682281495583, 0.6314744139179385, 0.6304813642654961, 0.629488600489878, 0.628495889490222, 0.6275044492449612, 0.6265132532866927, 0.6255223490224271, 0.6245321536432713, 0.6235432945578149, 0.6225562701692464, 0.6215696858096519, 0.620584440292197, 0.6196000295134743, 0.6186157726998945, 0.6176323950042554, 0.6166524733567549, 0.6156737881446063, 0.6146957738200409, 0.6137213160356154, 0.6127478051778443, 0.6117759432520824, 0.610805175751272, 0.6098346284037892, 0.6088662657388905, 0.6078993192851415, 0.6069328661807697, 0.6059670679286429, 0.6050015687927491, 0.6040361195953499, 0.6030709804091006, 0.6021082927409053, 0.6011459235143785, 0.6001848816601307, 0.5992239367315736, 0.5982634454371681, 0.5973044449731149, 0.5963459814658524, 0.5953877736388522, 0.5944297596287803, 0.5934718903169138, 0.5925143259077599, 0.5915579380725371, 0.5906042091598784, 0.5896512350011658, 0.5886994372564576, 0.587747686348751, 0.5867963993791439, 0.5858452801871813, 0.5848964308232402, 0.5839481692080787, 0.5830013467088242, 0.5820546169326465, 0.5811088236681335, 0.5801639198862159, 0.5792198694211765, 0.5782759255578795, 0.5773335658278302, 0.57639146390786, 0.5754503202762254, 0.5745092684390143, 0.5735698955392735, 0.5726309971627875, 0.5716929586445499, 0.5707554298186871, 0.56981802853786, 0.5688807739800266, 0.5679436166838479, 0.5670087627562616, 0.5660751243136181, 0.5651421429783164, 0.5642098598311195, 0.5632795658437766, 0.5623505909381894, 0.5614223403040313, 0.5604944578502128, 0.5595688896154166, 0.5586439066607237, 0.5577208038876978, 0.5567980657116159, 0.5558755384606586, 0.5549548562020803, 0.5540350766223027, 0.5531156837295637, 0.5521963247058119, 0.551277575170926, 0.5503589199182679, 0.5494404242847667, 0.5485228649466122, 0.5476059608566236, 0.546689527524134, 0.5457759267486458, 0.5448626403730585, 0.5439493916558364, 0.5430365549824283, 0.5421248765731199, 0.5412143950918477, 0.5403047021929347, 0.5393954681680356, 0.5384868669541794, 0.5375784649847315, 0.5366723376770682, 0.5357671764622619, 0.534862139726275, 0.533958104502616, 0.5330542853732028, 0.5321515155966239, 0.531248862523787, 0.5303468179382161, 0.5294452255769548, 0.5285438886569989, 0.5276451273869325, 0.5267471515621587, 0.525849327933109, 0.5249516745539677, 0.5240544430656815, 0.5231584251475723, 0.5222628521386852, 0.5213679794893211, 0.5204765959264164, 0.5195853067518247, 0.5186960993769248, 0.5178072096105001, 0.5169183837885419, 0.5160296325019007, 0.5151409999771378, 0.5142531362874297, 0.5133658977869261, 0.5124787972211854, 0.5115923322140569, 0.5107067378646339, 0.5098220036350326, 0.5089379433498885, 0.5080544307849525, 0.5071713554383206, 0.5062894620022527, 0.5054078817643585, 0.5045276132798858, 0.5036484343878501, 0.5027692971486857, 0.5018931839314011, 0.5010187816305555, 0.5001446068863711, 0.49927130568366374, 0.49839837067854553, 0.4975254795642068, 0.4966559832004527, 0.4957880857413089, 0.4949202603151225, 0.4940542553120812, 0.4931886527511565, 0.49232379489526934, 0.4914591220946604, 0.49059464456702323, 0.4897309129797849, 0.4888673843729914, 0.4880043373172499, 0.4871416810717002, 0.4862796892370257, 0.4854199857995838, 0.48456063823550416, 0.4837020622007919, 0.4828437813253226, 0.48198693007617394, 0.4811311154895904, 0.4802755731547118, 0.4794204531688463, 0.4785657403582628, 0.47771338334864466, 0.476863172682283, 0.4760131178856221, 0.4751632847120105, 0.47431347788018297, 0.47346389698350005, 0.4726146635694356, 0.4717656683539517, 0.47091701953129067, 0.4700692896959551, 0.46922162595277733, 0.4683764861191643, 0.46753176066927093, 0.46668934047985433, 0.4658475658468975, 0.46500582920540634, 0.46416509398903577, 0.46332476098073166, 0.4624851837161424, 0.46164699861254604, 0.46080905735605693, 0.45997215555052684, 0.4591355028412332, 0.45829887796940355, 0.4574625104257057, 0.4566276097381891, 0.4557929135597787, 0.4549591100390854, 0.45412634091647325, 0.45329382721137457, 0.452462202689389, 0.4516318739911494, 0.45080386656179827, 0.44997704602677835, 0.44915074763265456, 0.4483249438654872, 0.44749922860645913, 0.4466735807389853, 0.4458481732118264, 0.44502359217303245, 0.4442017005105887, 0.4433814039124393, 0.44256245478261097, 0.4417446815070873, 0.44092906191371356, 0.440116212102855, 0.4393044993695625, 0.4384928044918305, 0.43768117373586524, 0.43686976341584083, 0.436058485387429, 0.4352473546143443, 0.4344364199254982, 0.4336277232680294, 0.432819312644549, 0.43201203434887103, 0.4312051014232692, 0.4303983739811821, 0.4295924215307186, 0.42878671361205817, 0.42798153223423735, 0.42717742702295175, 0.42637447579687043, 0.4255729921638655, 0.4247716869215768, 0.42397083815300113, 0.4231704058280804, 0.4223704937026924, 0.42157131742425186, 0.4207723145988267, 0.4199734269636648, 0.4191751830908692, 0.4183772080975461, 0.4175798337905856, 0.4167848036226634, 0.41599051045984664, 0.4151970492321097, 0.41440396793811934, 0.4136119821229394, 0.4128207044084343, 0.41203000896324754, 0.41123974768191135, 0.4104499685290116, 0.4096602420805025, 0.40887090620267186, 0.4080827439436241, 0.40729475553340494, 0.40650735144803124, 0.4057206341894047, 0.40493410201612556, 0.4041489802083045, 0.40336389160092617, 0.40257926200081623, 0.401794912112546, 0.40101089625937647, 0.40022855643265914, 0.3994464007180037, 0.3986642907665043, 0.39788298036219055, 0.39710416748989, 0.3963267939155399, 0.3955505069575678, 0.39477441404988195, 0.3940000998406132, 0.3932259791368845, 0.39245206142885714, 0.3916782546722426, 0.3909049170737923, 0.39013183473162094, 0.38936050049950865, 0.3885896298498266, 0.38782160672289956, 0.38705418783804296, 0.38628711249861825, 0.3855207215451183, 0.3847546689258381, 0.3839898481635767, 0.3832254366577206, 0.38246112649998015, 0.38169755263368144, 0.3809349205696584, 0.3801723135831566, 0.3794101085377954, 0.37864826479053365, 0.3778872479817706, 0.3771263796687495, 0.37636565844154407, 0.37560519244255536, 0.37484546871400687, 0.37408934346936024, 0.37333345017680464, 0.3725782766352196, 0.3718231969856247, 0.371068474618777, 0.3703138760745822, 0.36955982578655217, 0.36880580948596475, 0.36805424490670763, 0.3673041229902336, 0.3665558876665188, 0.36580780373091143, 0.3650603057038949, 0.3643135768661274, 0.36356700935120195, 0.362820680346853, 0.36207479989939023, 0.3613293295361869, 0.36058410043702405, 0.35983918352492766, 0.35909479982012443, 0.35835239451733153, 0.35761069739304274, 0.3568692405410683, 0.35612822964002544, 0.35538834907728956, 0.35464897732017675, 0.35390970168819547, 0.35317050187579696, 0.35243138846040045, 0.35169405295612965, 0.3509567810153578, 0.35021996990782256, 0.34948390675162155, 0.34874835021790546, 0.3480129251368228, 0.34727882873679833, 0.3465448560035446, 0.3458109064259052, 0.3450771762511722, 0.3443436161633144, 0.343610344618292, 0.34287783893598417, 0.342145382433939, 0.341413377606129, 0.34068162809846414, 0.3399500121618873, 0.3392197281837328, 0.33849136886855663, 0.33776312363121674, 0.33703557090119046, 0.33631092339818924, 0.3355883124408714, 0.3348664044380739, 0.33414507661565623, 0.3334262564226265, 0.3327083569111695, 0.33199094724261374, 0.33127372896734464, 0.33055689700680746, 0.32984124723882197, 0.3291257385759929, 0.3284103771413384, 0.32769516550243294, 0.32697999744813216, 0.326265026672579, 0.32555033049129345, 0.32483616720520586, 0.32412207924089786, 0.323408989029853, 0.3226971126160567, 0.3219853069385546, 0.3212749800059406, 0.32056495641902577, 0.3198561023919895, 0.31914727700718043, 0.31843849477171277, 0.31773018019844784, 0.31702191786606077, 0.31631376165434694, 0.31560637141219683, 0.31489919608828065, 0.31419217363306295, 0.31348559817349125, 0.312779638663473, 0.31207430507064227, 0.31137174826750125, 0.3106696627665936, 0.3099685912022035, 0.30926792575831885, 0.30856751110024466, 0.30786773574357346, 0.30716856959522315, 0.30647035331182715, 0.3057724991601714, 0.3050750255225198, 0.3043780503268132, 0.3036818286334431, 0.30298624869535257, 0.3022916897203115, 0.30159868473076107, 0.3009057722181573, 0.30021292680343037, 0.29952061683044595, 0.2988307907816977, 0.29814102344589344, 0.2974512875351665, 0.29676172744234075, 0.29607256448903524, 0.29538365833693514, 0.29469622919489274, 0.29400943547657893, 0.2933228422247154, 0.29263705822509267, 0.2919519510182714, 0.2912673125868064, 0.2905833795016235, 0.2899003279161855, 0.2892173452947311, 0.2885364265771399, 0.2878556265114067, 0.2871751583411869, 0.2864949738288329, 0.2858149338251865, 0.2851352329941276, 0.2844559370107505, 0.28377763316452226, 0.28310063675441566, 0.2824243225341594, 0.28174816702696276, 0.28107405636310784, 0.28040052185254843, 0.2797279035613948, 0.2790557948836126, 0.27838379122507456, 0.2777118397002802, 0.27704036391964576, 0.27636992558591367, 0.27569999059404704, 0.27503062230676, 0.27436196049995903, 0.2736936277493648, 0.27302586720805677, 0.2723587748099685, 0.2716920959982697, 0.27102696760520123, 0.2703636978773587, 0.26970070155033343, 0.2690379418997656, 0.2683755705235467, 0.2677132833961601, 0.26705108425856333, 0.266388922621778, 0.2657274403508283, 0.2650685006769754, 0.2644099438861776, 0.26375162514091655, 0.2630939218098747, 0.26243638217939524, 0.2617788914421087, 0.2611214753716539, 0.2604645462964488, 0.25980764462072653, 0.2591516395730401, 0.2584961719702124, 0.25784092986269125, 0.25718793405439905, 0.25653503359072055, 0.2558825526931968, 0.2552301946272601, 0.2545794951330029, 0.2539302393603656, 0.2532810777060842, 0.25263198947940363, 0.2519830784497496, 0.2513342361173154, 0.25068564317289754, 0.2500370786752632, 0.24938888472296397, 0.2487409460207417, 0.2480930780197566, 0.247445630009452, 0.2467995619443909, 0.24615468829088227, 0.24551052891034095, 0.24486672062741302, 0.2442230767906264, 0.24358038333911353, 0.24293781369009848, 0.24229611479972357, 0.24165472482156042, 0.2410148511202988, 0.2403758092618749, 0.23973782502722693, 0.23910032206742207, 0.23846326964224718, 0.2378264373794754, 0.2371907326457242, 0.23655658419930248, 0.23592250547972962, 0.23528849336417887, 0.23465458170961662, 0.23402138195414687, 0.23338960501041145, 0.23275895996749305, 0.23212998288804984, 0.23150167131131766, 0.23087393951894225, 0.23024723881427958, 0.22962083365196934, 0.22899450114133146, 0.22836826576574623, 0.2277421658598978, 0.22711688055304094, 0.22649175306534863, 0.2258666805186899, 0.22524209069417445, 0.22461777714107062, 0.22399416443589878, 0.2233712583604477, 0.22274990423053742, 0.22212945064399733, 0.22150919652501322, 0.2208891563307255, 0.22026961090725566, 0.21965085045186686, 0.2190321295523158, 0.2184135489162784, 0.21779718223112077, 0.2171810673531094, 0.2165654130539666, 0.21595049072866315, 0.21533565269874974, 0.2147215327964693, 0.21410781884756228, 0.21349474049611628, 0.21288173736759783, 0.212269252215403, 0.2116587967580769, 0.21104844302253126, 0.21043910715931155, 0.20982980262894696, 0.20922218410306645, 0.208614809523771, 0.20800767865167105, 0.2074009311167465, 0.2067950394817906, 0.20618943843473084, 0.20558388225138022, 0.20497936016093576, 0.2043757511595802, 0.2037724190621892, 0.20316912910557544, 0.20256660140323746, 0.20196434810090802, 0.20136234848136322, 0.2007604568364793, 0.20015922322047422, 0.19955805416577113, 0.19895694092000374, 0.19835620613396854, 0.19775547936604204, 0.19715587162536596, 0.19655661753168113, 0.1959595337205545, 0.19536277230470697, 0.19476625544400036, 0.1941698685758363, 0.19357391277429484, 0.19297819901667146, 0.19238277933013578, 0.19178822977694193, 0.19119397441669014, 0.19060013223960265, 0.19000641971392412, 0.18941330014267035, 0.18882062039541056, 0.18822838079174858, 0.18763711303286454, 0.18704593584448012, 0.18645520839758578, 0.18586452702808756, 0.18527417846057365, 0.18468418184440563, 0.1840945491143688, 0.1835052209272833, 0.18291634772555151, 0.18232767394071936, 0.1817391826673432, 0.18115076444196526, 0.1805624782646131, 0.17997577036282783, 0.17938981308079044, 0.178803934635768, 0.17821894817245673, 0.17763520997367993, 0.17705265702200426, 0.17647118977837653, 0.17589000861587, 0.17530907913214477, 0.17472823150947348, 0.1741476788753097, 0.1735671396796659, 0.17298836801191517, 0.17241045256362725, 0.17183301658775574, 0.1712560871032514, 0.17067940954668856, 0.17010301626497187, 0.1695266814040541, 0.16895113615450413, 0.16837563354808047, 0.16780043121789837, 0.16722551670046126, 0.16665142480679865, 0.16607743523975194, 0.1655041533641107, 0.1649314609923791, 0.1643588295682581, 0.16378626913795377, 0.16321423986569986, 0.16264322077769364, 0.1620725883907368, 0.16150245057782794, 0.16093323345916877, 0.1603652640189088, 0.1597974746302441, 0.1592299007668825, 0.15866297579998934, 0.15809620750552883, 0.15753075383689946, 0.1569656562748729, 0.15640114782479927, 0.15583676500743676, 0.15527339920451524, 0.1547103498862868, 0.15414829008057596, 0.15358684016797622, 0.15302553902639848, 0.15246446291554855, 0.1519034554230129, 0.15134258741779094, 0.15078236545336934, 0.15022544852248723, 0.14966895561460952, 0.14911300621333168, 0.14855718426213166, 0.1480016732169101, 0.14744626054008947, 0.1468912961034239, 0.1463367070103545, 0.14578256683449436, 0.14522878109291512, 0.14467592808493812, 0.14412346832844855, 0.1435712049032095, 0.1430196298093705, 0.14246847177521738, 0.14191748311940705, 0.1413671088310704, 0.14081700716936696, 0.14026706101737657, 0.13971736052295736, 0.13916789866380935, 0.13861857751577109, 0.13806998791602137, 0.1375216435356677, 0.136973588814346, 0.1364261792453164, 0.135879349441775, 0.13533262039206576, 0.13478708936387732, 0.1342416476117161, 0.13369710453239514, 0.13315577920485205, 0.13261516013130178, 0.132074906241628, 0.13153565747693166, 0.13099663009687051, 0.1304578590659662, 0.12991976630109786, 0.12938209992577557, 0.1288447988438093, 0.1283080660871648, 0.12777150954400046, 0.12723518194163652, 0.12669894297420603, 0.12616287972810786, 0.12562697740098927, 0.12509125665191084, 0.12455693612193738, 0.12402313246239387, 0.1234898977178323, 0.12295693733225942, 0.1224246244766775, 0.12189253562862493, 0.12136099040156108, 0.12082973071073717, 0.12029886186062876, 0.11976886683018817, 0.11923967337460709, 0.1187105955004002, 0.1181822158948347, 0.11765408105861647, 0.11712611311732483, 0.11659879573040786, 0.11607158665018028, 0.115544757734623, 0.11501856739521207, 0.11449287639676961, 0.11396746120455341, 0.11344253017040613, 0.11291788461837497, 0.1123933825742524, 0.1118698370787313, 0.11134676453202881, 0.11082406023699447, 0.1103019168391292, 0.10978109769541157, 0.10926109074966966, 0.10874196251235804, 0.10822377280668097, 0.1077066795066383, 0.10718984375767192, 0.10667319849834943, 0.10615794402014558, 0.10564311693050411, 0.10512884874809766, 0.10461514645315483, 0.10410187929905076, 0.1035894581788199, 0.10307776875618328, 0.10256666902379213, 0.10205719095907809, 0.10154790151728238, 0.10103879949557287, 0.10053054935581296, 0.10002274502878818, 0.09951563085718296, 0.0990087074571185, 0.09850247979398703, 0.09799658663777196, 0.09749110232095899, 0.09698611840645546, 0.09648131901971174, 0.09597668564022555, 0.09547256386022838, 0.09496866807967347, 0.09446499761570391, 0.09396161453839993, 0.09345845253342708, 0.0929563304721939, 0.09245461343609146, 0.09195306827687298, 0.09145221596350758, 0.09095168797954462, 0.09045241849558532, 0.08995349034945155, 0.08945528647506668, 0.0889575363090807, 0.0884604449638374, 0.0879638755969929, 0.08746769198442768, 0.0869723660981192, 0.08647732102555757, 0.08598288548183249, 0.0854887471143655, 0.08499556907753424, 0.08450260471597949, 0.0840103240328278, 0.08351847445777316, 0.08302716131150782, 0.08253620998177555, 0.08204563960641834, 0.0815553447093226, 0.0810653839503965, 0.0805771208990908, 0.08008952048272573, 0.07960261402842603, 0.07911644926599727, 0.07863082584475586, 0.07814620913283368, 0.07766223375271525, 0.07717980749075082, 0.0766976929125728, 0.0762165212114934, 0.0757361460804035, 0.07525623624441265, 0.07477702204687524, 0.07429833101862804, 0.07382014462471323, 0.07334283105667982, 0.07286593389686018, 0.07239033264734081, 0.07191519661458796, 0.07144099967835489, 0.07096754148077976, 0.07049459890816455, 0.07002204240040734, 0.06955037663211681, 0.06907929544121204, 0.0686088670472646, 0.06813891602308662, 0.06766942344510349, 0.06720044060862351, 0.0667324615491475, 0.06626489385171899, 0.06579864189165106, 0.0653333946646058, 0.06486866455253763, 0.06440452269223682, 0.0639419409298382, 0.06347967887525842, 0.06301808357846587, 0.06255712527485499, 0.06209813353497691, 0.06163971964431733, 0.061182877605794925, 0.060726808744280186, 0.060271317624459024, 0.05981640237097509, 0.05936214841002392, 0.0589091467991969, 0.05845699813051842, 0.05800598310600894, 0.057556236955499454, 0.057107218681963154, 0.056658891668538644, 0.05621138947539461, 0.05576487147985961, 0.05531953359323676, 0.05487496814851471, 0.05443216342046696, 0.0539905519715868, 0.05355020905737447, 0.05311071811184031, 0.05267211278952968, 0.05223550652906921, 0.05180011820598798, 0.051365723018199846, 0.050932731524121665, 0.05050131129226497, 0.050070876054009485, 0.04964168640366409, 0.049213558252164766, 0.04878663436436332, 0.04836111642370372, 0.047936632136682394, 0.047513617301186, 0.0470924909447754, 0.04667337537391055, 0.04625571734988472, 0.045839539135442635, 0.045424626298174516, 0.04501121632648359, 0.044599047441843585, 0.04418890974033504, 0.04378037055726867, 0.04337319920295084, 0.04296758931809323, 0.04256501037219879, 0.04216453299664027, 0.0417657660381341, 0.041369022748120106, 0.04097438809639993, 0.0405815740908547, 0.04019049621961231, 0.03980126835676929, 0.03941385706347993, 0.03902860910937048, 0.03864577672045766, 0.038264740722538236, 0.03788575090729808, 0.03750933735672326, 0.037135075075944206, 0.0367628788652068, 0.036392940281780174, 0.03602586112701921, 0.03566145331605834, 0.03529951192520515, 0.03494086287550725, 0.034584735039861335, 0.034231811025797025, 0.03388167767088887, 0.03353434191234008, 0.03318996009802623, 0.03284881787756337, 0.03251106618426777, 0.032176623220910125, 0.03184571700430844, 0.031518680733384534, 0.031195168601441756, 0.030875194667547273, 0.03055927903758934, 0.03024724991402585, 0.029939401141184874, 0.0296356265673814, 0.029336008581904372, 0.029041137020588897, 0.028751010504657688, 0.0284658154075174, 0.02818563287248892, 0.027910330612820944, 0.027640057640542903, 0.02737487064711331, 0.027114679558600988, 0.026860507435858744, 0.026612037122552286, 0.026369042877074415, 0.026132183025499207, 0.02590113713390721, 0.025676912206449316, 0.025459225617750443, 0.025248253065722055, 0.025043881040934586, 0.024845931660461184, 0.02465470828997997, 0.02447032678373846, 0.024293337670768692, 0.02412344077224648, 0.023960329333689717, 0.023805238564215323, 0.023657681201302613, 0.023517624039328736, 0.02338556372225561, 0.023262158239984575, 0.02314716433485425, 0.023041051848709745, 0.02294300303459412, 0.022853531297033776, 0.02277288376051621, 0.02270114267800135, 0.02263830020651664, 0.022585180712603292, 0.022541155849932742, 0.022507041052654005, 0.022483431617252084, 0.02246806403033508]",EGB_XGB_GAM_CYCLIC_CYCLIC,synthetic_ordering1000,1,5,42,150
"['offset', 'x3', 'x8', 'x7', 'x6', 'x5', 'x2', 'x10', 'x9', 'x15', 'x11', 'x26', 'x29', 'x21', 'x19', 'x14', 'x17', 'x24', 'x18', 'x12', 'x13', 'x38', 'x37', 'x4', 'x28', 'x16', 'x23', 'x40', 'x22', 'x45', 'x20', 'x49', 'x34', 'x31', 'x39', 'x41', 'x47', 'x61', 'x27', 'x30', 'x42', 'x51', 'x43', 'x55', 'x25', 'x36', 'x46', 'x59', 'x60', 'x48', 'x53', 'x33', 'x58', 'x35', 'x56', 'x54', 'x44', 'x65', 'x63', 'x50', 'x62', 'x32', 'x66', 'x75', 'x80', 'x86', 'x74', 'x78', 'x77', 'x70', 'x85', 'x69', 'x64', 'x52', 'x88', 'x57', 'x71', 'x79', 'x67', 'x68', 'x73', 'x84', 'x90', 'x96', 'x82', 'x91', 'x94', 'x76', 'x83', 'x72', 'x103', 'x95', 'x92', 'x111', 'x89', 'x81', 'x107', 'x87', 'x93', 'x110', 'x104', 'x100', 'x99', 'x121', 'x97', 'x117', 'x101', 'x109', 'x108', 'x105', 'x123', 'x102', 'x113', 'x125', 'x112', 'x118', 'x122', 'x98', 'x116', 'x115', 'x119', 'x130', 'x114', 'x129', 'x106', 'x120', 'x126', 'x127', 'x142', 'x128', 'x143', 'x137', 'x124', 'x136', 'x134', 'x150', 'x133', 'x153', 'x149', 'x141', 'x131', 'x132', 'x181', 'x161', 'x151', 'x138', 'x146', 'x147', 'x154', 'x148', 'x168', 'x167', 'x156', 'x160', 'x162', 'x144', 'x157', 'x139', 'x135', 'x145', 'x170', 'x179', 'x140', 'x186', 'x159', 'x166', 'x158', 'x171', 'x163', 'x177', 'x165', 'x172', 'x152', 'x155', 'x189', 'x190', 'x174', 'x175', 'x164', 'x182', 'x191', 'x184', 'x196', 'x173', 'x200', 'x180', 'x199', 'x178', 'x195', 'x169', 'x183', 'x217', 'x188', 'x185', 'x187', 'x211', 'x194', 'x198', 'x176', 'x193', 'x201', 'x202', 'x204', 'x221', 'x192', 'x212', 'x215', 'x205', 'x225', 'x224', 'x216', 'x219', 'x230', 'x197', 'x209', 'x203', 'x208', 'x238', 'x207', 'x210', 'x218', 'x222', 'x206', 'x214', 'x234', 'x220', 'x245', 'x223', 'x213', 'x233', 'x248', 'x239', 'x237', 'x231', 'x232', 'x247', 'x255', 'x228', 'x235', 'x229', 'x227', 'x242', 'x250', 'x249', 'x246', 'x243', 'x226', 'x261', 'x240', 'x260', 'x257', 'x251', 'x267', 'x236', 'x259', 'x256', 'x252', 'x253', 'x244', 'x290', 'x258', 'x254', 'x241', 'x278', 'x270', 'x277', 'x274', 'x276', 'x275', 'x265', 'x268', 'x271', 'x289', 'x291', 'x262', 'x280', 'x287', 'x263', 'x288', 'x264', 'x281', 'x283', 'x286', 'x266', 'x282', 'x269', 'x299', 'x284', 'x272', 'x297', 'x301', 'x298', 'x319', 'x307', 'x273', 'x279', 'x285', 'x293', 'x292', 'x308', 'x300', 'x296', 'x310', 'x305', 'x302', 'x294', 'x313', 'x295', 'x321', 'x309', 'x306', 'x311', 'x314', 'x322', 'x328', 'x329', 'x315', 'x312', 'x327', 'x320', 'x342', 'x335', 'x317', 'x303', 'x316', 'x304', 'x361', 'x344', 'x334', 'x323', 'x346', 'x333', 'x332', 'x340', 'x331', 'x330', 'x345', 'x350', 'x336', 'x339', 'x318', 'x355', 'x325', 'x372', 'x324', 'x358', 'x338', 'x326', 'x351', 'x352', 'x341', 'x362', 'x360', 'x337', 'x343', 'x356', 'x347', 'x357', 'x367', 'x354', 'x381', 'x348', 'x353', 'x359', 'x368', 'x369', 'x363', 'x373', 'x389', 'x399', 'x387', 'x349', 'x370', 'x374', 'x406', 'x377', 'x394', 'x375', 'x365', 'x366', 'x379', 'x391', 'x384', 'x376', 'x395', 'x380', 'x383', 'x378', 'x417', 'x385', 'x409', 'x364', 'x390', 'x393', 'x382', 'x422', 'x371', 'x401', 'x405', 'x425', 'x400', 'x388', 'x396', 'x410', 'x407', 'x392', 'x402', 'x415', 'x386', 'x403', 'x408', 'x398', 'x421', 'x397', 'x418', 'x419', 'x420', 'x430', 'x434', 'x414', 'x416', 'x428', 'x411', 'x424', 'x427', 'x426', 'x439', 'x404', 'x423', 'x429', 'x413', 'x435', 'x436', 'x412', 'x442', 'x447', 'x452', 'x440', 'x431', 'x449', 'x459', 'x433', 'x438', 'x454', 'x451', 'x465', 'x453', 'x463', 'x450', 'x460', 'x455', 'x470', 'x437', 'x484', 'x446', 'x448', 'x441', 'x456', 'x462', 'x476', 'x458', 'x457', 'x444', 'x445', 'x468', 'x432', 'x469', 'x464', 'x467', 'x473', 'x480', 'x474', 'x443', 'x481', 'x477', 'x488', 'x479', 'x507', 'x504', 'x490', 'x497', 'x461', 'x475', 'x499', 'x515', 'x471', 'x472', 'x478', 'x498', 'x496', 'x501', 'x487', 'x510', 'x494', 'x512', 'x491', 'x511', 'x483', 'x492', 'x502', 'x493', 'x489', 'x486', 'x525', 'x495', 'x485', 'x466', 'x500', 'x503', 'x518', 'x541', 'x526', 'x513', 'x482', 'x522', 'x520', 'x519', 'x536', 'x528', 'x505', 'x530', 'x514', 'x508', 'x523', 'x529', 'x509', 'x542', 'x506', 'x521', 'x539', 'x524', 'x537', 'x534', 'x531', 'x551', 'x549', 'x538', 'x516', 'x564', 'x535', 'x533', 'x563', 'x575', 'x543', 'x532', 'x560', 'x527', 'x553', 'x558', 'x566', 'x550', 'x552', 'x547', 'x545', 'x568', 'x587', 'x517', 'x561', 'x574', 'x573', 'x557', 'x556', 'x544', 'x548', 'x608', 'x581', 'x582', 'x559', 'x540', 'x569', 'x577', 'x565', 'x555', 'x570', 'x576', 'x546', 'x586', 'x572', 'x567', 'x571', 'x584', 'x578', 'x583', 'x605', 'x579', 'x588', 'x562', 'x554', 'x598', 'x599', 'x580', 'x593', 'x618', 'x613', 'x602', 'x594', 'x595', 'x600', 'x627', 'x596', 'x592', 'x590', 'x620', 'x603', 'x610', 'x609', 'x591', 'x589', 'x597', 'x601', 'x624', 'x617', 'x585', 'x615', 'x614', 'x604', 'x611', 'x647', 'x631', 'x619', 'x639', 'x629', 'x625', 'x616', 'x607', 'x621', 'x606', 'x641', 'x628', 'x622', 'x651', 'x644', 'x659', 'x623', 'x648', 'x646', 'x653', 'x652', 'x612', 'x654', 'x638', 'x643', 'x657', 'x673', 'x645', 'x660', 'x664', 'x658', 'x634', 'x674', 'x640', 'x630', 'x637', 'x642', 'x679', 'x632', 'x703', 'x633', 'x691', 'x662', 'x681', 'x649', 'x685', 'x669', 'x650', 'x626', 'x636', 'x676', 'x655', 'x666', 'x668', 'x672', 'x704', 'x667', 'x675', 'x678', 'x709', 'x671', 'x656', 'x711', 'x635', 'x689', 'x698', 'x688', 'x687', 'x682', 'x696', 'x701', 'x697', 'x670', 'x677', 'x718', 'x680', 'x661', 'x684', 'x724', 'x665', 'x721', 'x719', 'x712', 'x706', 'x686', 'x715', 'x720', 'x716', 'x700', 'x728', 'x692', 'x707', 'x710', 'x690', 'x733', 'x663', 'x699', 'x695', 'x683', 'x731', 'x702', 'x693', 'x714', 'x713', 'x738', 'x727', 'x758', 'x741', 'x732', 'x739', 'x735', 'x705', 'x750', 'x747', 'x767', 'x708', 'x726', 'x717', 'x723', 'x743', 'x725', 'x748', 'x729', 'x730', 'x694', 'x751', 'x742', 'x740', 'x746', 'x755', 'x722', 'x753', 'x745', 'x766', 'x757', 'x775', 'x737', 'x773', 'x763', 'x736', 'x765', 'x770', 'x805', 'x772', 'x762', 'x754', 'x759', 'x808', 'x760', 'x756', 'x761', 'x776', 'x777', 'x771', 'x774', 'x778', 'x782', 'x769', 'x780', 'x744', 'x790', 'x798', 'x752', 'x734', 'x794', 'x783', 'x749', 'x816', 'x800', 'x787', 'x797', 'x788', 'x815', 'x799', 'x806', 'x795', 'x804', 'x789', 'x810', 'x785', 'x793', 'x781', 'x829', 'x764', 'x832', 'x807', 'x813', 'x791', 'x768', 'x802', 'x784', 'x803', 'x812', 'x819', 'x792', 'x796', 'x809', 'x779', 'x824', 'x817', 'x801', 'x841', 'x820', 'x821', 'x838', 'x853', 'x786', 'x831', 'x818', 'x840', 'x833', 'x871', 'x826', 'x855', 'x844', 'x850', 'x830', 'x835', 'x814', 'x842', 'x846', 'x811', 'x822', 'x851', 'x834', 'x872', 'x825', 'x828', 'x827', 'x848', 'x836', 'x858', 'x857', 'x849', 'x881', 'x839', 'x837', 'x887', 'x874', 'x880', 'x823', 'x856', 'x861', 'x897', 'x847', 'x854', 'x869', 'x866', 'x883', 'x843', 'x852', 'x895', 'x845', 'x868', 'x900', 'x879', 'x876', 'x890', 'x867', 'x878', 'x863', 'x888', 'x860', 'x885', 'x875', 'x884', 'x862', 'x859', 'x870', 'x912', 'x873', 'x893', 'x898', 'x902', 'x882', 'x864', 'x894', 'x891', 'x924', 'x899', 'x908', 'x889', 'x896', 'x927', 'x905', 'x877', 'x914', 'x906', 'x919', 'x903', 'x904', 'x886', 'x907', 'x865', 'x921', 'x910', 'x892', 'x946', 'x913', 'x901', 'x918', 'x931', 'x949', 'x948', 'x920', 'x911', 'x945', 'x930', 'x932', 'x923', 'x922', 'x937', 'x909', 'x940', 'x934', 'x935', 'x939', 'x917', 'x951', 'x941', 'x928', 'x915', 'x950', 'x926', 'x969', 'x953', 'x943', 'x957', 'x925', 'x938', 'x959', 'x958', 'x994', 'x967', 'x973', 'x916', 'x990', 'x929', 'x970', 'x942', 'x936', 'x995', 'x1000', 'x971', 'x972', 'x944', 'x997', 'x954', 'x960', 'x981', 'x964', 'x962', 'x1', 'x947', 'x977', 'x985', 'x986', 'x976', 'x933', 'x952', 'x968', 'x963', 'x974', 'x955', 'x987', 'x988', 'x956', 'x961', 'x978', 'x996', 'x989', 'x991', 'x992', 'x999', 'x998', 'x979', 'x980', 'x984', 'x983', 'x965', 'x982', 'x975', 'x966', 'x993']","[0.7132502859334683, 0.7127842971512204, 0.711700073417565, 0.7106188073466666, 0.7095409092523588, 0.7084635067350074, 0.7073876849937687, 0.70631211644425, 0.7052366428772696, 0.7041620596376327, 0.7030909857621294, 0.7020226345475423, 0.7009545908472434, 0.6998885961125053, 0.6988238494104021, 0.6977596053322209, 0.6966959740222519, 0.6956326520698471, 0.6945719125957801, 0.6935137744769971, 0.692455893546959, 0.6913999818186067, 0.6903451191708084, 0.6892904252720633, 0.6882361929272608, 0.6871829587943572, 0.6861305352154607, 0.6850787414995568, 0.684030016702736, 0.6829821754506358, 0.6819344066101878, 0.6808870674264592, 0.6798404967348387, 0.6787941797752404, 0.6777482405181503, 0.6767028285729759, 0.6756574866626596, 0.6746126710738746, 0.6735690518502853, 0.6725254843038272, 0.6714836657137695, 0.6704421056116693, 0.6694017223223209, 0.6683629601650578, 0.6673249964515131, 0.6662879090082158, 0.6652512124058345, 0.6642148863445394, 0.6631804608731356, 0.6621468312625419, 0.6611135116098636, 0.6600811459274732, 0.6590497343180857, 0.6580186523661036, 0.6569881344636629, 0.6559579940008986, 0.6549309814512132, 0.6539057764716864, 0.6528812294089053, 0.6518570178544716, 0.6508333639708801, 0.6498097474475374, 0.6487882869940341, 0.6477676986409584, 0.646748591249911, 0.6457299689179206, 0.6447123120256415, 0.6436957289062498, 0.64267934316284, 0.6416635939186015, 0.6406497740389723, 0.6396367435006725, 0.6386246499904992, 0.6376125853729148, 0.6366007249541245, 0.6355897821488027, 0.6345826842307858, 0.6335764792758516, 0.632570849083034, 0.6315653407275181, 0.6305605940851748, 0.6295560751617767, 0.6285531587595148, 0.6275512636682196, 0.6265496853907929, 0.625548487181064, 0.6245480268629848, 0.623547697588921, 0.6225479622256057, 0.6215485442165413, 0.6205504187171705, 0.6195541970100658, 0.6185581874491333, 0.6175632119137553, 0.6165692860128186, 0.6155760109950104, 0.6145837562535493, 0.6135927382388545, 0.6126022589688087, 0.6116121014116187, 0.610622062901103, 0.6096348064974788, 0.608648207912501, 0.607662120287455, 0.6066765073489635, 0.6056913601838576, 0.6047062676578743, 0.6037215199084202, 0.6027386409026715, 0.6017590597628274, 0.6007807441245715, 0.5998026805079127, 0.5988270150360113, 0.5978515552416191, 0.5968764382811642, 0.5959014901921922, 0.5949268528600453, 0.5939527622686328, 0.592980701793549, 0.5920092794022862, 0.5910381794919572, 0.590068691512524, 0.5890993649079, 0.5881305051159985, 0.5871621351227923, 0.5861945043167459, 0.5852279832928495, 0.5842632376703826, 0.5832987008840836, 0.582335765331895, 0.5813731599462367, 0.580413747950586, 0.5794567274599499, 0.5785005168171794, 0.5775448974695674, 0.5765893794051447, 0.575635083485361, 0.5746817852805681, 0.5737300007394786, 0.57277934967213, 0.5718305312737627, 0.5708826029281885, 0.5699350957859161, 0.5689880511293745, 0.5680414962094273, 0.5670950801466735, 0.5661506911652073, 0.5652063403026854, 0.5642624286378667, 0.5633185735499815, 0.5623747973132889, 0.5614311878758215, 0.560489017009481, 0.5595476435728483, 0.5586066580478726, 0.5576678313189323, 0.5567296887345753, 0.5557927288555664, 0.5548559373399928, 0.5539199271984794, 0.5529868108240377, 0.5520551983729879, 0.5511246220497485, 0.5501950453494778, 0.5492658911993894, 0.5483373192595385, 0.5474091563532727, 0.5464810332400201, 0.5455538063615999, 0.5446279474580049, 0.5437027760644109, 0.5427806512620071, 0.5418590448214262, 0.5409376442025661, 0.5400172494057509, 0.5390969232531692, 0.5381766937691977, 0.537256992374853, 0.5363377279261863, 0.5354186327063175, 0.5345017116732519, 0.5335848574716078, 0.5326695128520487, 0.5317552911899739, 0.5308411336485989, 0.5299273712887034, 0.5290137160115265, 0.5281001257732746, 0.5271866527751873, 0.526273231107511, 0.5253616812376237, 0.5244524955691822, 0.5235444897855989, 0.5226367064669023, 0.5217298533986717, 0.520823922325143, 0.519922494850994, 0.5190220309510659, 0.518123239400912, 0.5172245696234611, 0.5163281775508072, 0.5154319929892905, 0.5145371803739668, 0.5136424325704568, 0.5127487735865868, 0.5118554245487077, 0.5109632484764952, 0.5100717498369006, 0.509180574077158, 0.5082907394472285, 0.5074015612170688, 0.5065133634205097, 0.5056253843874289, 0.5047377944296929, 0.5038503151015679, 0.5029633268667744, 0.5020775871347494, 0.5011928598910009, 0.5003083649581368, 0.4994252536609596, 0.4985422433772361, 0.497661108793487, 0.49678096669257854, 0.4959019020643467, 0.49502324015241495, 0.4941453498166391, 0.49326752952926656, 0.4923898675689391, 0.4915123738249755, 0.4906357802570565, 0.48975923035816116, 0.48888304759315426, 0.4880071768935078, 0.48713164345221155, 0.4862582866750167, 0.485385761096863, 0.4845141585822015, 0.48364264292923326, 0.4827715349548495, 0.48190247245102874, 0.4810337174491812, 0.48016526139971444, 0.47929715893124275, 0.47842951558198954, 0.4775633086500658, 0.47669712651909785, 0.47583128248389406, 0.4749659089421627, 0.47410220799798936, 0.4732417256481918, 0.47238248957467827, 0.47152350086750044, 0.4706650823165587, 0.46980674855693627, 0.4689490650604764, 0.4680917960084379, 0.46723456776700084, 0.4663775532386835, 0.46552245408417087, 0.4646681145208201, 0.4638148980933673, 0.46296206530495526, 0.4621106327502199, 0.46125928795016163, 0.4604080379612366, 0.4595588765750104, 0.4587107522263868, 0.45786274871248983, 0.45701476850547695, 0.45616761261195865, 0.45532150184593395, 0.45447610590183046, 0.4536309192701558, 0.4527858061461193, 0.45194160157184976, 0.4511004168367518, 0.45026247888604926, 0.44942499231601096, 0.44858837898414256, 0.4477521947454312, 0.446916182868254, 0.44608214700576265, 0.44524886882299103, 0.4444160740002278, 0.4435839026362879, 0.4427519652370139, 0.44192023103006545, 0.4410885983715098, 0.4402585050758996, 0.4394284353423481, 0.4386004424347764, 0.43777269037735217, 0.43694570826131285, 0.4361191858259881, 0.435292691361271, 0.4344662413845331, 0.4336398194129718, 0.43281358182385127, 0.4319883282697551, 0.431164032504951, 0.43033977535885376, 0.42951593966604923, 0.4286923879194094, 0.42786945206134885, 0.4270484819834057, 0.42622829119957156, 0.4254087109200158, 0.4245907266751352, 0.4237733429319204, 0.42295800892605784, 0.42214284399274726, 0.4213277736112284, 0.420514590406392, 0.41970278659854693, 0.4188921841769819, 0.4180818586191877, 0.41727168328603353, 0.41646171486334177, 0.4156523076015559, 0.41484323202250367, 0.41403520324882526, 0.4132273418980107, 0.412420750302395, 0.4116142362209884, 0.4108078837942773, 0.41000370149879184, 0.4091999859946635, 0.4083970659898948, 0.40759442660605044, 0.4067932028999348, 0.40599232926294776, 0.4051920525313059, 0.40439345557717604, 0.40359504701892784, 0.4027983846820062, 0.4020034458740563, 0.4012091858080092, 0.4004191331375403, 0.39962994275985075, 0.39884090684661827, 0.3980520421827978, 0.39726388104350735, 0.3964769570401304, 0.3956907528847379, 0.3949050683477273, 0.39411942215892665, 0.3933340269468934, 0.39254870390139596, 0.39176359853760034, 0.39097917484923744, 0.3901964201604012, 0.389413748639694, 0.3886320589654296, 0.38785128906424876, 0.3870713951548453, 0.3862920683103031, 0.3855132356787554, 0.3847346930716349, 0.38395630043123646, 0.38317900802727406, 0.3824031481166324, 0.381628939523581, 0.38085494518751645, 0.3800813391661222, 0.3793082710625354, 0.3785362051799128, 0.37776511103300686, 0.376994082955677, 0.37622312447054207, 0.37545222972485304, 0.3746819679420573, 0.37391216060577065, 0.37314248495686053, 0.37237464713809004, 0.3716069546351814, 0.37083935925604433, 0.37007506847663607, 0.3693113832030687, 0.3685481686220115, 0.36778631328032074, 0.3670245061599046, 0.3662633539542629, 0.3655038019727583, 0.36474435099190855, 0.36398519060573764, 0.3632262192001022, 0.36246739014523566, 0.3617092686080524, 0.3609515027421384, 0.3601974565495513, 0.35944353665331946, 0.35868979054160405, 0.3579363654242103, 0.3571830178645834, 0.35642994001922956, 0.35567690434968185, 0.3549241387758378, 0.35417175130866824, 0.3534200098495805, 0.3526683065756697, 0.35191817875231673, 0.35116840570114316, 0.3504197404660156, 0.34967127955329086, 0.3489244265328474, 0.3481782041467451, 0.34743211623026565, 0.34668626897333227, 0.34594063825648413, 0.3451953017419133, 0.34445114016533024, 0.3437075121866046, 0.34296513407443535, 0.3422238122954587, 0.3414851632881147, 0.34074749661072373, 0.34001013829762905, 0.3392736233758775, 0.3385372748758141, 0.33780145740490397, 0.33706577111332586, 0.3363301235287527, 0.3355946095775877, 0.3348595780320188, 0.3341251678290846, 0.33339118348990177, 0.33265724688151516, 0.3319238675314153, 0.3311911181383454, 0.3304588688375919, 0.32972838228327345, 0.32899818196249325, 0.3282683522206089, 0.32753969469277816, 0.3268123907821962, 0.3260852702780056, 0.3253585563181518, 0.3246319515178868, 0.3239084769898855, 0.3231858494078329, 0.3224636833840162, 0.32174191984019146, 0.3210202453644617, 0.32029927321608836, 0.31957890880452366, 0.3188587037856143, 0.31813851610447175, 0.3174188668903572, 0.31669934008178724, 0.315980817834804, 0.3152624951797486, 0.3145443094158581, 0.3138267281565575, 0.31310953605764363, 0.31239497221104673, 0.31168070793658337, 0.3109670599294592, 0.3102538214720096, 0.30954098947636216, 0.3088283446072195, 0.3081168085697975, 0.3074054059412791, 0.30669422046772976, 0.3059836481650795, 0.3052738394561209, 0.3045649052846489, 0.30385723614963017, 0.3031505433291216, 0.3024444764693842, 0.3017386835498777, 0.30103330037360415, 0.3003279828603974, 0.29962285958410056, 0.29891812333856477, 0.2982139771757811, 0.29751082475313695, 0.29680832895893905, 0.29610720738505464, 0.29540634663430726, 0.294706001643543, 0.2940066061629123, 0.2933089734930017, 0.2926116632320216, 0.2919145759389169, 0.29121758774512757, 0.29052095749282353, 0.28982593408578367, 0.28913172412332255, 0.28843844872959173, 0.287745368096994, 0.2870526692395279, 0.2863600496639049, 0.28566799201937065, 0.2849777901154942, 0.2842880853037066, 0.28359880766803586, 0.2829097313526317, 0.2822210027188448, 0.28153295859354727, 0.2808459351185049, 0.2801608292975726, 0.2794762683487307, 0.2787921036936034, 0.27810811660216134, 0.2774245989539368, 0.27674176314071536, 0.27605900419085927, 0.2753765849406535, 0.2746943189920546, 0.27401285085712074, 0.27333212767594905, 0.27265229796977086, 0.2719728009136038, 0.27129335088997236, 0.2706151522927288, 0.26993710187293957, 0.26925926090417956, 0.26858230986361087, 0.2679057136511223, 0.26722925084726334, 0.26655284170928395, 0.2658770184151672, 0.2652012880932786, 0.2645268067258335, 0.2638537723567378, 0.2631807713802187, 0.2625079696004143, 0.2618355485392171, 0.26116357037421906, 0.26049245163270557, 0.25982140836203665, 0.25915091561679915, 0.25848127177238994, 0.25781232591711634, 0.2571443826837024, 0.2564774866785496, 0.2558114048750086, 0.25514729910393774, 0.25448363256666584, 0.2538200468466124, 0.25315812608655625, 0.2524972917413186, 0.251837457531289, 0.2511796362770085, 0.25052201440875166, 0.2498650041243405, 0.24920886417792232, 0.24855275687113276, 0.2478976519049362, 0.24724298665835878, 0.2465885794374158, 0.2459349841914964, 0.24528162051483016, 0.24462832232594545, 0.24397523901898074, 0.24332231735069704, 0.2426707185397291, 0.24202076006606085, 0.24137084494115746, 0.24072095922974812, 0.24007216160095743, 0.23942341449521182, 0.23877632012618993, 0.23812927362769354, 0.23748228677945735, 0.23683550058429878, 0.23618903677525108, 0.2355432414490264, 0.23489827248659115, 0.23425348050435932, 0.23360907537740855, 0.23296506078542756, 0.23232170148046224, 0.23167849399354767, 0.23103541026188704, 0.2303924322167747, 0.2297503663419072, 0.22911010998390996, 0.22846992277258724, 0.22783059100685726, 0.22719214556500822, 0.22655436413045685, 0.22591682992220077, 0.22527938570296954, 0.2246424429956333, 0.22400612271339262, 0.22336996700753275, 0.22273435017146048, 0.22209931788540999, 0.22146454942996702, 0.22083004851913002, 0.2201960550424541, 0.21956284936820183, 0.2189297337665985, 0.218297053947974, 0.21766467505346213, 0.21703362244890542, 0.2164037812196029, 0.21577412832808898, 0.21514487230740711, 0.21451610368939203, 0.2138879429738654, 0.2132599158798293, 0.212632145302582, 0.2120048228530073, 0.21137778332776616, 0.21075086988298902, 0.2101240698027591, 0.2094979242635103, 0.2088721553921897, 0.20824893494491734, 0.2076263698640755, 0.20700393751811338, 0.20638196311118248, 0.2057606408958066, 0.2051400527408609, 0.204520503865091, 0.20390122385689033, 0.20328274985754471, 0.2026643687919857, 0.20204691375060543, 0.20142950787114086, 0.2008122536720093, 0.20019517552946747, 0.1995790284545603, 0.19896350120802206, 0.19834816585502404, 0.1977334864187558, 0.19711949818045063, 0.19650619927722368, 0.19589298353068904, 0.19528010654632752, 0.19466812135434214, 0.19405689553267483, 0.1934462845217877, 0.19283579012177382, 0.19222701838863673, 0.1916194166262459, 0.19101220151583712, 0.19040562976746217, 0.189799228690999, 0.18919299748985882, 0.18858705938407236, 0.1879825416525685, 0.1873787848643899, 0.18677589950545637, 0.18617323100857622, 0.18557080846386417, 0.1849687180807339, 0.18436693415138133, 0.18376599571360133, 0.18316548186857629, 0.18256536382367064, 0.18196574208858834, 0.18136690640383307, 0.18076891586511373, 0.18017130407867601, 0.17957388218313391, 0.1789766876398384, 0.17838132795592548, 0.17778602343751013, 0.17719080304551735, 0.1765960076952514, 0.17600125745466216, 0.17540718965660043, 0.17481384302120617, 0.17422109347229814, 0.17362939769570568, 0.1730378569360643, 0.17244694531227736, 0.17185649951884358, 0.171266119105248, 0.17067605968450658, 0.17008608737273465, 0.1694971417310954, 0.16890902249436043, 0.16832309918927157, 0.16773811527678675, 0.16715411650828843, 0.16657027180230716, 0.16598651028544772, 0.16540283994214983, 0.16481946099717976, 0.1642361476917429, 0.16365329365474654, 0.16307055683997018, 0.1624879135714932, 0.16190599803787037, 0.16132434238956997, 0.1607428558642836, 0.1601618722394795, 0.1595811586355869, 0.15900095735996495, 0.15842082881678254, 0.15784093817279204, 0.15726174589751105, 0.15668314392828328, 0.1561045705690235, 0.15552622121545762, 0.15494898781525993, 0.15437219156352355, 0.15379623545499693, 0.15322138403698599, 0.1526477956784367, 0.152074651900831, 0.15150155449049588, 0.15092881335537314, 0.1503565274992436, 0.14978512806253094, 0.14921385555096406, 0.14864368183315574, 0.14807358525792363, 0.14750429418257585, 0.1469357947611004, 0.14636737655675278, 0.14579970461958436, 0.14523326604725528, 0.14466731931412077, 0.1441027475606375, 0.1435387559201008, 0.14297498821620291, 0.1424116781682167, 0.14184956529200027, 0.141288669542767, 0.14072867562425023, 0.14016930884177747, 0.1396111556368648, 0.13905348832005673, 0.13849603357373252, 0.1379390458523038, 0.1373822284207628, 0.1368261927955194, 0.13627056308205526, 0.13571515413190824, 0.13515997742286262, 0.13460487695361814, 0.1340499947362255, 0.13349580438398218, 0.13294173985435453, 0.13238775915065992, 0.13183390691002397, 0.1312803817302298, 0.1307278239162732, 0.13017594826193868, 0.1296243310113913, 0.12907304118529458, 0.12852272461660755, 0.12797279253065438, 0.12742314285137535, 0.1268738778629538, 0.1263251131997971, 0.12577708998444143, 0.12522982730413332, 0.12468272794599666, 0.12413601622903495, 0.12358982111867971, 0.12304427372980842, 0.12249933610048727, 0.12195457818282901, 0.12141113939441937, 0.12086863639556766, 0.12032687237677643, 0.11978558770039639, 0.11924476368185387, 0.11870486062079874, 0.11816545431629474, 0.11762631066295962, 0.11708746719343578, 0.11654886049189958, 0.11601037758609838, 0.11547207170289753, 0.11493407923363097, 0.11439617819330981, 0.1138584971215132, 0.11332188159476718, 0.11278579247926143, 0.11224983402145829, 0.11171599285694679, 0.11118234935595317, 0.11064962154430802, 0.11011711861989218, 0.10958481642768478, 0.10905329241060156, 0.10852222528218235, 0.10799165573314412, 0.10746172087312655, 0.10693244882051736, 0.10640355378595748, 0.10587487962151046, 0.10534670951303678, 0.10481902383506181, 0.1042916302900582, 0.10376471133869689, 0.1032379333322284, 0.10271182818751118, 0.10218595650436316, 0.10166089594408739, 0.10113616045478202, 0.10061172388483293, 0.10008786278982311, 0.09956487171449231, 0.09904218244187567, 0.09851994712650791, 0.09799796398812603, 0.09747668436043057, 0.09695592475393548, 0.09643624444686068, 0.09591708299051778, 0.09539939680081466, 0.09488275816411028, 0.09436658955959182, 0.09385118369876264, 0.09333596006238723, 0.09282135907214059, 0.09230737427791146, 0.09179436745739805, 0.09128213542391382, 0.09077015925075019, 0.09025848854634676, 0.0897479574090764, 0.08923775333078413, 0.08872778440155442, 0.08821886991694412, 0.08771126325466821, 0.08720420994401448, 0.08669790599904847, 0.0861919010987894, 0.08568635790293914, 0.08518212432532564, 0.08467874458560919, 0.08417629096535041, 0.08367509824342552, 0.08317413715954745, 0.08267403534209375, 0.08217454882221663, 0.08167541665804663, 0.08117661864472897, 0.0806783883501797, 0.08018040626068076, 0.0796829488488632, 0.07918580160032282, 0.07868910936736964, 0.07819286432795615, 0.0776972072734437, 0.07720186112961906, 0.07670839991182021, 0.07621607289784098, 0.07572431967438316, 0.07523290551079274, 0.07474221502958375, 0.07425257998051263, 0.07376361800680875, 0.07327509819594515, 0.07278687355362119, 0.07229915456494874, 0.07181180981008538, 0.07132502907743443, 0.07083907127695005, 0.0703543868990391, 0.06987007675343189, 0.06938625331796772, 0.06890284193619883, 0.06842022457510151, 0.06793896533217125, 0.06745827348346067, 0.06697818535594315, 0.06649850357212979, 0.06602023610410995, 0.0655427071086903, 0.06506565882370702, 0.06459035597659875, 0.06411552829683816, 0.06364181546637127, 0.06316974798484204, 0.06269840876747437, 0.062227551127954625, 0.06175733883989492, 0.061287978461388275, 0.060819298613369425, 0.06035113175528864, 0.059883874873148814, 0.05941783154263563, 0.058953252641208174, 0.05848932358271254, 0.058025984163165144, 0.057563769079757965, 0.05710226780875218, 0.05664145253260089, 0.056182024178489456, 0.05572394842805833, 0.05526695097762395, 0.05481119631469365, 0.054357685492485826, 0.053905150174499906, 0.053453447461137615, 0.05300320985280268, 0.05255375020514927, 0.052105568797446974, 0.05165817835835224, 0.05121159089389958, 0.05076595848704862, 0.05032124094571721, 0.04987778055347962, 0.04943535804100175, 0.048994292025917235, 0.048554350342760406, 0.048115760347458326, 0.04767810358590096, 0.04724155674589283, 0.046806240242802846, 0.04637204537804467, 0.04593967696020945, 0.045509840436317645, 0.0450811533129857, 0.04465455134162092, 0.04422930738370402, 0.04380556293008544, 0.04338370178167821, 0.042963249594716826, 0.042544498232419944, 0.042127584186402764, 0.041712736347603654, 0.04129933298263777, 0.04088757028645146, 0.04047769262566552, 0.040069346354846956, 0.0396629399719337, 0.0392585970196039, 0.03885605889620394, 0.03845540559016365, 0.038056589335081485, 0.03765969408618991, 0.03726509750141652, 0.036873038716381965, 0.03648312758247866, 0.036095655688119364, 0.03571052403028785, 0.0353278018348557, 0.03494730781934671, 0.034569432396429414, 0.034194153750399144, 0.03382172268284542, 0.03345194951629267, 0.03308512008439281, 0.03272132110511378, 0.03236080482103338, 0.032003304775619225, 0.03164895512244317, 0.03129904642293787, 0.030952649203411, 0.030610750575849704, 0.03027242826421318, 0.029937860337587847, 0.029607033694574365, 0.029280317029235777, 0.02895720342840591, 0.028638388270885124, 0.02832393169818148, 0.028014004689662423, 0.02770844695954602, 0.027419879924119272, 0.02712364566770745, 0.02683227207124305, 0.026546549714676886, 0.02626602692865595, 0.025990860897609325, 0.025721321500128645, 0.025457443956535764, 0.02519966414665205, 0.024948264531909823, 0.024703300709536156, 0.024464860581777128, 0.024233127584571575, 0.024008147173257163, 0.023790228573725435, 0.02357947948783238, 0.023376181062540285, 0.023180448200838623, 0.02299238521720947, 0.02281198024543439, 0.02263985527223657, 0.022476347062512548, 0.022320870791164994, 0.02217406196799577, 0.022035734543031277, 0.021906166249889766, 0.021785147409870306, 0.021673075705418342, 0.021570271178831618, 0.021477261695804745, 0.021393591607482963, 0.021319888624212822, 0.021260875550438704, 0.021206694611425995, 0.02116246267080385, 0.021128320904786183, 0.021104156827924835, 0.021089980622497066, 0.02108638865449871, 0.02109286871980681, 0.021110119427599574]",EGB_XGB_GAM_CYCLIC_CYCLIC,synthetic_ordering1000,2,5,42,150
"['offset', 'x8', 'x4', 'x9', 'x11', 'x5', 'x7', 'x2', 'x20', 'x10', 'x29', 'x18', 'x19', 'x13', 'x14', 'x28', 'x16', 'x23', 'x12', 'x3', 'x15', 'x6', 'x30', 'x21', 'x27', 'x25', 'x26', 'x34', 'x31', 'x36', 'x17', 'x24', 'x37', 'x41', 'x22', 'x39', 'x35', 'x38', 'x32', 'x33', 'x40', 'x45', 'x60', 'x57', 'x50', 'x43', 'x46', 'x48', 'x62', 'x54', 'x71', 'x44', 'x55', 'x47', 'x53', 'x51', 'x68', 'x42', 'x61', 'x66', 'x49', 'x70', 'x58', 'x80', 'x63', 'x59', 'x52', 'x56', 'x73', 'x67', 'x88', 'x78', 'x69', 'x65', 'x74', 'x91', 'x76', 'x64', 'x72', 'x81', 'x77', 'x79', 'x86', 'x90', 'x84', 'x75', 'x89', 'x85', 'x97', 'x87', 'x83', 'x92', 'x110', 'x101', 'x95', 'x82', 'x100', 'x94', 'x93', 'x98', 'x99', 'x106', 'x118', 'x102', 'x111', 'x107', 'x103', 'x119', 'x127', 'x128', 'x104', 'x125', 'x105', 'x113', 'x108', 'x96', 'x112', 'x115', 'x123', 'x126', 'x109', 'x120', 'x114', 'x121', 'x132', 'x116', 'x122', 'x131', 'x139', 'x117', 'x124', 'x140', 'x129', 'x136', 'x133', 'x135', 'x130', 'x146', 'x137', 'x138', 'x150', 'x134', 'x161', 'x141', 'x144', 'x151', 'x149', 'x157', 'x143', 'x153', 'x147', 'x160', 'x154', 'x142', 'x145', 'x148', 'x156', 'x159', 'x169', 'x170', 'x181', 'x179', 'x171', 'x162', 'x152', 'x164', 'x167', 'x188', 'x165', 'x155', 'x166', 'x173', 'x158', 'x175', 'x174', 'x172', 'x185', 'x177', 'x176', 'x163', 'x190', 'x186', 'x180', 'x168', 'x187', 'x198', 'x182', 'x183', 'x178', 'x199', 'x196', 'x191', 'x221', 'x189', 'x184', 'x193', 'x192', 'x194', 'x207', 'x208', 'x197', 'x219', 'x201', 'x200', 'x203', 'x217', 'x204', 'x214', 'x195', 'x210', 'x209', 'x220', 'x211', 'x202', 'x213', 'x206', 'x230', 'x205', 'x226', 'x228', 'x216', 'x215', 'x218', 'x212', 'x231', 'x234', 'x229', 'x241', 'x237', 'x239', 'x238', 'x222', 'x236', 'x223', 'x233', 'x242', 'x227', 'x225', 'x240', 'x245', 'x224', 'x235', 'x232', 'x250', 'x252', 'x259', 'x254', 'x244', 'x248', 'x243', 'x268', 'x251', 'x260', 'x246', 'x263', 'x247', 'x249', 'x255', 'x273', 'x270', 'x257', 'x281', 'x264', 'x261', 'x271', 'x278', 'x258', 'x269', 'x253', 'x288', 'x265', 'x256', 'x272', 'x286', 'x275', 'x267', 'x287', 'x266', 'x283', 'x282', 'x279', 'x280', 'x293', 'x262', 'x285', 'x304', 'x291', 'x307', 'x277', 'x300', 'x296', 'x299', 'x289', 'x284', 'x303', 'x290', 'x276', 'x309', 'x274', 'x302', 'x292', 'x301', 'x295', 'x297', 'x308', 'x330', 'x311', 'x294', 'x316', 'x314', 'x312', 'x317', 'x321', 'x310', 'x298', 'x319', 'x328', 'x305', 'x323', 'x322', 'x327', 'x336', 'x325', 'x306', 'x320', 'x332', 'x339', 'x324', 'x333', 'x313', 'x341', 'x318', 'x326', 'x329', 'x337', 'x338', 'x334', 'x315', 'x347', 'x331', 'x349', 'x359', 'x345', 'x351', 'x360', 'x354', 'x340', 'x361', 'x342', 'x358', 'x369', 'x357', 'x353', 'x346', 'x344', 'x356', 'x365', 'x377', 'x350', 'x343', 'x352', 'x348', 'x355', 'x368', 'x362', 'x373', 'x378', 'x375', 'x335', 'x367', 'x371', 'x381', 'x384', 'x363', 'x366', 'x380', 'x374', 'x370', 'x389', 'x372', 'x376', 'x387', 'x386', 'x385', 'x379', 'x364', 'x388', 'x400', 'x393', 'x397', 'x406', 'x413', 'x398', 'x403', 'x401', 'x383', 'x399', 'x392', 'x394', 'x382', 'x390', 'x391', 'x396', 'x405', 'x409', 'x395', 'x404', 'x416', 'x410', 'x412', 'x414', 'x418', 'x402', 'x419', 'x408', 'x407', 'x424', 'x411', 'x415', 'x455', 'x417', 'x429', 'x435', 'x420', 'x437', 'x421', 'x438', 'x422', 'x431', 'x427', 'x433', 'x423', 'x432', 'x428', 'x430', 'x439', 'x448', 'x442', 'x441', 'x425', 'x451', 'x440', 'x444', 'x445', 'x454', 'x467', 'x436', 'x434', 'x456', 'x426', 'x449', 'x459', 'x447', 'x453', 'x446', 'x450', 'x469', 'x457', 'x465', 'x452', 'x479', 'x443', 'x463', 'x468', 'x458', 'x484', 'x490', 'x460', 'x461', 'x464', 'x486', 'x471', 'x485', 'x466', 'x480', 'x477', 'x478', 'x489', 'x474', 'x473', 'x476', 'x475', 'x483', 'x498', 'x470', 'x462', 'x472', 'x496', 'x482', 'x491', 'x487', 'x509', 'x488', 'x493', 'x495', 'x481', 'x494', 'x502', 'x511', 'x501', 'x507', 'x492', 'x499', 'x500', 'x504', 'x506', 'x520', 'x505', 'x508', 'x497', 'x503', 'x523', 'x519', 'x517', 'x518', 'x510', 'x514', 'x513', 'x521', 'x539', 'x515', 'x540', 'x526', 'x512', 'x528', 'x548', 'x529', 'x541', 'x531', 'x543', 'x536', 'x522', 'x527', 'x516', 'x535', 'x538', 'x554', 'x558', 'x551', 'x525', 'x524', 'x561', 'x545', 'x537', 'x546', 'x555', 'x530', 'x556', 'x547', 'x542', 'x569', 'x534', 'x562', 'x563', 'x550', 'x532', 'x533', 'x544', 'x564', 'x549', 'x559', 'x578', 'x552', 'x581', 'x553', 'x557', 'x567', 'x577', 'x568', 'x580', 'x584', 'x590', 'x576', 'x589', 'x579', 'x570', 'x573', 'x593', 'x565', 'x575', 'x571', 'x560', 'x574', 'x588', 'x566', 'x585', 'x595', 'x572', 'x582', 'x600', 'x586', 'x602', 'x599', 'x594', 'x611', 'x601', 'x603', 'x607', 'x608', 'x620', 'x583', 'x604', 'x598', 'x605', 'x592', 'x597', 'x621', 'x615', 'x617', 'x610', 'x591', 'x587', 'x606', 'x609', 'x612', 'x625', 'x639', 'x623', 'x596', 'x616', 'x647', 'x613', 'x627', 'x629', 'x630', 'x619', 'x628', 'x618', 'x631', 'x626', 'x614', 'x644', 'x634', 'x633', 'x622', 'x640', 'x624', 'x665', 'x659', 'x637', 'x635', 'x636', 'x646', 'x655', 'x670', 'x653', 'x632', 'x642', 'x651', 'x643', 'x645', 'x650', 'x641', 'x663', 'x649', 'x658', 'x652', 'x654', 'x656', 'x648', 'x673', 'x661', 'x664', 'x657', 'x638', 'x662', 'x667', 'x675', 'x689', 'x690', 'x676', 'x678', 'x691', 'x672', 'x669', 'x679', 'x666', 'x674', 'x693', 'x685', 'x681', 'x683', 'x677', 'x660', 'x688', 'x671', 'x682', 'x668', 'x680', 'x684', 'x687', 'x706', 'x702', 'x694', 'x686', 'x699', 'x696', 'x697', 'x709', 'x715', 'x695', 'x701', 'x707', 'x710', 'x698', 'x703', 'x721', 'x700', 'x727', 'x711', 'x717', 'x705', 'x720', 'x704', 'x718', 'x741', 'x692', 'x754', 'x731', 'x714', 'x708', 'x728', 'x738', 'x719', 'x713', 'x733', 'x722', 'x740', 'x723', 'x712', 'x716', 'x729', 'x747', 'x732', 'x734', 'x736', 'x724', 'x761', 'x726', 'x743', 'x744', 'x737', 'x725', 'x748', 'x750', 'x739', 'x752', 'x777', 'x757', 'x730', 'x753', 'x759', 'x780', 'x746', 'x751', 'x758', 'x762', 'x765', 'x745', 'x769', 'x756', 'x735', 'x760', 'x742', 'x768', 'x766', 'x773', 'x781', 'x787', 'x763', 'x776', 'x774', 'x778', 'x771', 'x789', 'x770', 'x764', 'x749', 'x779', 'x785', 'x767', 'x783', 'x791', 'x786', 'x792', 'x788', 'x755', 'x790', 'x801', 'x772', 'x795', 'x797', 'x808', 'x800', 'x799', 'x817', 'x807', 'x775', 'x782', 'x793', 'x819', 'x803', 'x811', 'x810', 'x804', 'x798', 'x784', 'x820', 'x805', 'x821', 'x796', 'x816', 'x809', 'x814', 'x806', 'x815', 'x818', 'x822', 'x840', 'x794', 'x836', 'x827', 'x802', 'x813', 'x825', 'x837', 'x829', 'x823', 'x830', 'x834', 'x826', 'x828', 'x860', 'x832', 'x841', 'x842', 'x839', 'x812', 'x824', 'x835', 'x862', 'x853', 'x859', 'x838', 'x846', 'x866', 'x850', 'x831', 'x843', 'x845', 'x848', 'x858', 'x871', 'x849', 'x877', 'x851', 'x847', 'x844', 'x865', 'x857', 'x869', 'x876', 'x855', 'x854', 'x886', 'x867', 'x833', 'x864', 'x868', 'x861', 'x874', 'x870', 'x881', 'x888', 'x856', 'x878', 'x890', 'x852', 'x880', 'x889', 'x901', 'x883', 'x875', 'x884', 'x895', 'x885', 'x893', 'x892', 'x900', 'x902', 'x863', 'x879', 'x894', 'x887', 'x906', 'x882', 'x916', 'x898', 'x891', 'x920', 'x873', 'x896', 'x911', 'x872', 'x905', 'x928', 'x931', 'x904', 'x903', 'x926', 'x929', 'x947', 'x910', 'x925', 'x908', 'x936', 'x924', 'x927', 'x897', 'x918', 'x899', 'x915', 'x907', 'x930', 'x923', 'x934', 'x913', 'x912', 'x937', 'x922', 'x950', 'x939', 'x919', 'x914', 'x933', 'x946', 'x948', 'x945', 'x917', 'x909', 'x954', 'x921', 'x935', 'x956', 'x932', 'x944', 'x940', 'x943', 'x941', 'x981', 'x960', 'x974', 'x990', 'x951', 'x963', 'x962', 'x969', 'x968', 'x972', 'x999', 'x942', 'x973', 'x938', 'x961', 'x957', 'x982', 'x967', 'x985', 'x986', 'x959', 'x976', 'x964', 'x997', 'x955', 'x953', 'x977', 'x1', 'x952', 'x965', 'x975', 'x987', 'x979', 'x983', 'x971', 'x949', 'x989', 'x984', 'x980', 'x991', 'x978', 'x1000', 'x998', 'x970', 'x994', 'x996', 'x958', 'x993', 'x966', 'x988', 'x995', 'x992']","[0.7174612742975268, 0.7170149960135886, 0.7159322536197458, 0.7148569081701631, 0.71378197630299, 0.7127076486144445, 0.7116334866890879, 0.7105599614159488, 0.7094882056043498, 0.7084173687802118, 0.7073489414268892, 0.7062826682569716, 0.705217373957931, 0.7041522510604128, 0.7030891719343084, 0.702027064946567, 0.7009653931142575, 0.6999044527777275, 0.698843880648056, 0.6977847671041145, 0.6967270896182238, 0.6956697086619464, 0.6946124867648756, 0.6935568191896521, 0.6925013034894124, 0.6914462269610332, 0.6903916801442681, 0.6893379795981764, 0.6882845399737502, 0.6872311650833457, 0.6861804064487829, 0.685129892248749, 0.6840816718193574, 0.6830339890518002, 0.6819884585572791, 0.6809431355480756, 0.679898801772985, 0.6788560000154021, 0.677813368059676, 0.6767719242961717, 0.6757320023436652, 0.6746926989984429, 0.6736538843936746, 0.6726162409267621, 0.671578901481025, 0.6705415905945391, 0.6695050983070568, 0.6684692816322261, 0.6674337068493162, 0.6663997575395753, 0.6653661642377562, 0.6643328425891762, 0.6633003839008229, 0.6622704378505151, 0.6612421944133574, 0.6602139752802513, 0.6591860144483007, 0.6581596450555773, 0.6571339478784859, 0.6561084490323039, 0.6550845947495683, 0.654061428193311, 0.653040999340005, 0.6520219535036381, 0.6510029217991713, 0.6499846018879877, 0.6489665282114013, 0.6479500738126048, 0.6469350572986133, 0.6459211234204005, 0.6449073505385904, 0.6438942264704927, 0.6428818106836031, 0.6418697189149419, 0.6408587704081578, 0.6398481680352032, 0.6388378297027427, 0.6378289721018727, 0.636820151906, 0.6358114984931265, 0.6348049745304803, 0.6337985898476491, 0.632794491880719, 0.6317924643559969, 0.6307927360672569, 0.6297932154620918, 0.6287963718479487, 0.6277995787002695, 0.626806473630881, 0.6258135698781114, 0.6248207629847085, 0.6238283180435737, 0.6228386121232165, 0.6218498146432652, 0.6208610648822349, 0.619872353708648, 0.6188842441288015, 0.6178980211582032, 0.6169120178273533, 0.6159262496034024, 0.6149424177323917, 0.6139590550549588, 0.6129767430282999, 0.6119952169801782, 0.6110142840025341, 0.6100335046744808, 0.609052987840459, 0.6080731846455824, 0.6070942936719557, 0.6061155749404159, 0.6051375479215741, 0.6041610536438352, 0.6031868772993811, 0.6022128098031023, 0.6012389184083188, 0.6002652378974773, 0.5992940196226797, 0.59832423692095, 0.5973554374209552, 0.596386728957791, 0.5954182221528137, 0.594449740634472, 0.5934823943381926, 0.5925160955160439, 0.5915502722754624, 0.5905847337802513, 0.5896204969927508, 0.5886584971084614, 0.5876976605241051, 0.5867370177533434, 0.5857764763287803, 0.5848168799204194, 0.5838587644264868, 0.5829008642976024, 0.5819456816600131, 0.5809905308303783, 0.5800362674601334, 0.5790820746730339, 0.5781280876865882, 0.5771757939300025, 0.5762251244193912, 0.57527530964667, 0.5743281545665487, 0.5733830003030039, 0.5724391498639825, 0.5714970111744919, 0.5705550223977084, 0.5696130824728535, 0.5686718036281411, 0.5677312355032321, 0.5667909968227907, 0.565851090206524, 0.5649124701305082, 0.5639741098625232, 0.5630361871389842, 0.5621000089150991, 0.5611643419476753, 0.5602289744573307, 0.5592955772050926, 0.5583636706113743, 0.5574339839541634, 0.55650530835946, 0.5555767405407227, 0.5546482692505192, 0.5537206222917274, 0.5527931118919172, 0.5518656968728497, 0.5509383523688683, 0.5500116714120323, 0.54908512660168, 0.5481586628637889, 0.5472324915490288, 0.5463082005562685, 0.545385239606035, 0.5444626033068974, 0.543541718538662, 0.5426227070462728, 0.541703975792542, 0.540786075555288, 0.5398682865958265, 0.5389509069111829, 0.5380335915185696, 0.5371170333695238, 0.536200936597858, 0.5352851406547278, 0.5343717029313153, 0.5334606313025554, 0.532549712451498, 0.5316396664545685, 0.5307324299667106, 0.5298254425079847, 0.5289192298974974, 0.528013480056123, 0.5271079820650654, 0.5262030402659442, 0.5252992504292548, 0.5243956375637306, 0.5234943470141705, 0.522594035591209, 0.5216940299755046, 0.5207948784495402, 0.5198972176492234, 0.519000464843026, 0.5181045038728558, 0.517208605023021, 0.5163128947138198, 0.5154174209121994, 0.5145220572085882, 0.5136275364893048, 0.5127335680140622, 0.5118397426993019, 0.5109463473823775, 0.5100530472637349, 0.5091600490543172, 0.5082679489214683, 0.50737825325583, 0.5064915324489017, 0.5056060031840613, 0.5047205642582564, 0.5038353259862935, 0.5029505418711259, 0.5020663242478687, 0.5011823835333221, 0.5002999636113036, 0.4994176684073579, 0.4985376871275342, 0.49765912043796323, 0.496781015675538, 0.4959030635821217, 0.49502583157897895, 0.4941499895447971, 0.4932745540376271, 0.4923991548924255, 0.491526378307356, 0.49065412291748345, 0.4897830241939595, 0.4889132534822189, 0.48804378413124944, 0.48717455159812106, 0.4863054082303017, 0.4854370716356201, 0.48456921209340736, 0.4837024720078974, 0.48283639619791024, 0.4819705019550054, 0.48110540849211586, 0.4802407522372124, 0.4793767118356194, 0.47851348946741445, 0.47765131915134496, 0.47679115153136026, 0.4759315695996101, 0.4750721500639979, 0.47421458275257317, 0.47335758534209516, 0.4725010907121183, 0.4716452807490518, 0.4707900717542148, 0.46993874481029263, 0.46908917867984135, 0.468240328838641, 0.467391534384181, 0.46654287527775656, 0.46569469669586294, 0.4648470078824154, 0.46399990767776594, 0.4631535292580395, 0.4623083464002838, 0.46146333817808566, 0.4606184719448707, 0.4597758099233399, 0.45893414880949607, 0.458092584119668, 0.4572510768677585, 0.45640962577412614, 0.45556880264379646, 0.4547282118792894, 0.4538877213978345, 0.45304932069433373, 0.45221099564142814, 0.45137350711724056, 0.45053642625837775, 0.44970159874636845, 0.4488676248303617, 0.44803495796076276, 0.44720328254391123, 0.4463718035183318, 0.4455410802829447, 0.44471051664864186, 0.4438800295245705, 0.4430500715812318, 0.44222014480609523, 0.4413903495675435, 0.44056101004134723, 0.43973203062035543, 0.43890307791399125, 0.4380741997774723, 0.43724548263796253, 0.43641694187515945, 0.4355885303813762, 0.4347619800378646, 0.4339354854266296, 0.43310927200698807, 0.4322839188332513, 0.4314614402202372, 0.4306419050999943, 0.4298225334060297, 0.4290039738460976, 0.4281856628955431, 0.427368373778747, 0.4265513762399388, 0.4257362805129355, 0.42492148038358296, 0.42410815972474186, 0.42329506868677996, 0.42248235163726994, 0.42166990449367764, 0.4208593317895431, 0.42004903808565563, 0.4192393349110301, 0.41843004921424803, 0.41762109852127344, 0.41681337814984754, 0.4160060524989432, 0.4151990049310531, 0.41439237710249793, 0.4135872805937822, 0.4127822323383874, 0.41197747025883674, 0.4111733278918957, 0.4103701086835987, 0.4095676933363807, 0.4087662077778216, 0.4079654404091789, 0.4071648420620119, 0.4063655718672781, 0.4055686355869261, 0.40477183648220727, 0.40397516654061466, 0.4031803115372665, 0.40238639634866413, 0.4015933090158838, 0.4008010972060006, 0.40001049046895204, 0.3992201491998671, 0.39843038786975393, 0.3976410867305118, 0.3968518785755379, 0.3960643166593831, 0.3952780472598132, 0.39449187405390224, 0.39370665460196147, 0.3929217587673797, 0.392137511766362, 0.39135375428205615, 0.3905700523803394, 0.38978731025168056, 0.3890045929095869, 0.388222366163354, 0.38744058955897553, 0.38665929846703706, 0.3858794657470439, 0.3851005606375557, 0.38432376380802535, 0.3835479761664601, 0.3827723519461239, 0.3819977527790126, 0.38122332619767707, 0.380449000536201, 0.37967475676439943, 0.3789020006342535, 0.3781293683794893, 0.3773574083633745, 0.3765864507364909, 0.37581616055282707, 0.37504813246668944, 0.37428022602208694, 0.37351241621744646, 0.3727451837734881, 0.37197917205404435, 0.37121340006591, 0.3704490789296741, 0.3696859879510724, 0.3689229553527383, 0.36816055909967366, 0.36740202795582233, 0.3666437374770001, 0.3658856947338981, 0.365129089117137, 0.3643734989460745, 0.3636191735415228, 0.3628666338084829, 0.36211422665670007, 0.36136196147749317, 0.3606099115793155, 0.3598583468447812, 0.35910680869888445, 0.35835583228066, 0.35760513435055563, 0.35685448098545985, 0.3561042687368223, 0.3553542996797857, 0.35460525104799295, 0.35385684283863345, 0.35310846396116896, 0.35236099315753927, 0.35161360082435045, 0.35086647468586624, 0.3501202046161438, 0.3493746261236767, 0.3486293881104752, 0.3478842327599707, 0.3471392889106882, 0.3463951551732243, 0.34565257012533046, 0.3449105838867645, 0.344169225587413, 0.3434286519526465, 0.3426887927620243, 0.34194919052473166, 0.3412098636437416, 0.34047136653452176, 0.3397344409004444, 0.3389986193006758, 0.3382641392508589, 0.33752995298909416, 0.33679643005482507, 0.33606452215521365, 0.33533321108671704, 0.33460201652434307, 0.33387119845474605, 0.3331405271638749, 0.33241008368484376, 0.33168020823378314, 0.3309504508639781, 0.3302207328991829, 0.32949139568519814, 0.32876369993566795, 0.3280370225714348, 0.3273105122906836, 0.326584301564824, 0.32585918810463793, 0.325135177550767, 0.32441137084977395, 0.3236876044863271, 0.3229641871193615, 0.32224087208041857, 0.32151795471802475, 0.3207954135469993, 0.32007337368868594, 0.31935279031158387, 0.3186327332788676, 0.3179132431293385, 0.31719417945515954, 0.3164760030488318, 0.31575821876806, 0.31504128647833973, 0.3143263131602671, 0.3136117003558125, 0.31289722621837224, 0.31218339206694573, 0.31147001332024155, 0.3107570203550142, 0.3100453098289606, 0.3093349209921999, 0.3086247336681014, 0.30791463298513455, 0.3072048900473882, 0.30649524399250955, 0.3057868625635949, 0.30507865622265745, 0.30437188827683503, 0.3036653051834192, 0.30295903724664097, 0.3022528852487383, 0.3015469112877837, 0.30084154333116014, 0.3001367393002116, 0.2994321194046527, 0.2987289852917887, 0.2980270391460506, 0.29732533144298184, 0.29662420106600845, 0.2959238692610259, 0.2952242710635961, 0.29452570423426844, 0.2938271642398391, 0.29313033431015, 0.29243411399093916, 0.2917381147537219, 0.2910429465980713, 0.2903484984958288, 0.2896541093996738, 0.28896009606691975, 0.2882678228374641, 0.28757595349771753, 0.28688499019112207, 0.28619610836436554, 0.2855084459908983, 0.2848216849530815, 0.2841352831877689, 0.2834505523484299, 0.2827658783308904, 0.28208130911550344, 0.28139689572068366, 0.28071325451357904, 0.280029657394159, 0.279346247144804, 0.2786629479734353, 0.2779802379529709, 0.2772985272379162, 0.276616926783864, 0.2759355290255577, 0.2752544476360326, 0.2745739864045923, 0.2738936245801064, 0.2732133766701504, 0.27253319915831015, 0.27185562864606455, 0.2711783522163255, 0.2705013364567273, 0.26982496980688025, 0.2691494497610471, 0.26847461515941895, 0.26779982954080395, 0.2671270886404243, 0.26645537844693856, 0.2657839627996079, 0.26511276832386543, 0.2644417035648002, 0.26377104966979115, 0.2631007051803775, 0.26243130604534387, 0.26176281402695506, 0.2610964582296243, 0.26043097317016844, 0.25976550600540815, 0.2591003671924366, 0.2584354812637357, 0.2577707114683229, 0.2571065108576704, 0.25644304973881393, 0.2557797900620371, 0.255116626866052, 0.2544546231279243, 0.25379277345480067, 0.25313107329856244, 0.2524700953097206, 0.2518108942866522, 0.2511521023493713, 0.2504933953268686, 0.24983479700933173, 0.24917653166631298, 0.24851873256839266, 0.24786149266249458, 0.24720438209449883, 0.24654729875133313, 0.245890706384661, 0.24523533387736937, 0.24458015019109583, 0.24392560080636258, 0.24327119012760362, 0.24261716667571892, 0.24196361473308073, 0.24131054860737153, 0.24065782948896194, 0.2400075881725087, 0.23935743902096032, 0.2387083242305785, 0.23806125091018504, 0.23741421871650661, 0.23676736401043036, 0.23612093656721142, 0.2354746681914725, 0.23482864329606096, 0.2341826580860931, 0.23353680031160715, 0.2328913986492254, 0.23224626431887122, 0.23160133933780336, 0.2309573895810434, 0.23031379016203932, 0.22967033252265298, 0.22902736913060365, 0.2283848411594019, 0.22774254270233818, 0.22710030825086228, 0.22645973835544755, 0.22581976348025587, 0.22517983274643408, 0.2245408608642022, 0.2239020681580543, 0.22326420934751423, 0.2226268940834103, 0.22199057267339187, 0.22135435670747203, 0.22071889907711376, 0.22008400404038442, 0.21944995206928627, 0.21881636213109545, 0.21818364021562597, 0.2175518779682451, 0.216920524378616, 0.21628946312240116, 0.21565867194480193, 0.2150286676275991, 0.21439926307779036, 0.2137715857654377, 0.21314430609220678, 0.21251732386357075, 0.21189099463745656, 0.21126519438371044, 0.2106394346082919, 0.21001403652730286, 0.20938867790442522, 0.2087636807363967, 0.2081390705617901, 0.20751539664764726, 0.2068921340021059, 0.20626890894906727, 0.20564716370639474, 0.20502850868521727, 0.20441045640856176, 0.20379329182445907, 0.2031761596670388, 0.20255922696776776, 0.2019428570603759, 0.2013279384319416, 0.20071451055830197, 0.20010141033939846, 0.1994884643136144, 0.19887605146098936, 0.19826458783257453, 0.1976533903009135, 0.1970423527695398, 0.1964313936305442, 0.19582047513968756, 0.1952113500031567, 0.1946022843476397, 0.19399340097690784, 0.1933849198263152, 0.19277689695372463, 0.19216956293914894, 0.19156230811881655, 0.19095549365043218, 0.19034870665727094, 0.1897424025991939, 0.18913689359873587, 0.18853229039991393, 0.1879281880500591, 0.18732434962120767, 0.1867206562120646, 0.18611719826547402, 0.1855138685231511, 0.18491136856995966, 0.18430946302706133, 0.18370775895441413, 0.18310625959338453, 0.1825049418264794, 0.18190440582472597, 0.18130424872264694, 0.18070447392553288, 0.18010540015458204, 0.17950709166154818, 0.17891022560975478, 0.17831365047498948, 0.17771869667375406, 0.1771239026736847, 0.17652969459545753, 0.17593594918235775, 0.17534339779405606, 0.1747510928370421, 0.17415888318114744, 0.17356711695241744, 0.17297596581355074, 0.1723848648485112, 0.1717940513278362, 0.17120370386694395, 0.17061347009188813, 0.17002334903704608, 0.16943328090746, 0.16884362449077167, 0.16825411650575883, 0.1676649715350442, 0.16707611392163746, 0.16648775170495367, 0.16590005861251375, 0.16531318949678495, 0.1647263808117409, 0.16414003738973001, 0.16355441335220264, 0.16296923906286587, 0.16238416249684595, 0.16180034682247763, 0.1612171740370647, 0.16063482920460298, 0.16005354287759185, 0.15947287217364592, 0.1588924448623301, 0.15831288311057953, 0.1577339113988469, 0.15715534205148984, 0.15657705095414534, 0.15599891545783934, 0.15542126740654177, 0.15484366938419217, 0.15426723278450966, 0.15369174103612054, 0.1531174844501193, 0.15254350341276454, 0.15196960288690828, 0.15139592042055874, 0.15082305339443086, 0.15025041957751842, 0.1496781264238264, 0.14910760388783684, 0.1485377116183944, 0.14796830556250173, 0.147399427369595, 0.14683096172126672, 0.14626269385213836, 0.1456946638781824, 0.1451279719313057, 0.14456134963130385, 0.14399486356383714, 0.14342865403834523, 0.14286394747156017, 0.1422998007804516, 0.1417362304291306, 0.1411732600262684, 0.14061081686800544, 0.1400486723661746, 0.13948711679384307, 0.13892594668332303, 0.13836486205651308, 0.13780405918714014, 0.13724337238590248, 0.13668293158239306, 0.13612306006771432, 0.13556499353155957, 0.13500768121299417, 0.13445119751825546, 0.13389510469151622, 0.1333391490611689, 0.13278328945277426, 0.1322280066502266, 0.13167343542297216, 0.13111929420130988, 0.1305656892630391, 0.1300122036962376, 0.12945932660792345, 0.12890700687888168, 0.12835530242852008, 0.1278049900015057, 0.12725487220976295, 0.12670589131739438, 0.1261570500452523, 0.12560849737132598, 0.12506037339713227, 0.12451287305322206, 0.12396566464698365, 0.12341975952474825, 0.12287418371948393, 0.12232880144587906, 0.12178357589104197, 0.12123859915354573, 0.12069410682168441, 0.12014999219783377, 0.11960606245605107, 0.11906229951057883, 0.11851950558820397, 0.11797709869409256, 0.11743492802292874, 0.1168936941154302, 0.11635279527255292, 0.11581235485525652, 0.11527228941956337, 0.1147324033488796, 0.11419292959570006, 0.1136537622777554, 0.1131154940963423, 0.1125779167304358, 0.11204082290300384, 0.11150384061243399, 0.11096704190524534, 0.11043095983897602, 0.10989519631129087, 0.10935962964195023, 0.10882449516856106, 0.10829001253220459, 0.10775684013867444, 0.10722519060463442, 0.10669467035659376, 0.1061642704212079, 0.10563449357082924, 0.105105581462483, 0.10457680498140726, 0.10404818258835524, 0.10352005470786967, 0.10299214375594531, 0.10246458786359566, 0.10193720175298544, 0.10141035093607347, 0.10088362660409783, 0.1003576493689016, 0.09983185747428051, 0.09930624717048082, 0.09878105516010025, 0.09825604776025265, 0.09773259535358741, 0.09721012600703013, 0.09668815375263087, 0.09616748712934092, 0.09564767723791051, 0.09512801488406146, 0.09460907674719897, 0.09409036559206904, 0.09357326701967908, 0.09305643894330856, 0.09253984361531943, 0.09202496294544961, 0.09151042083825804, 0.09099611176873706, 0.09048262771840257, 0.08996939450186503, 0.08945633107484335, 0.08894482047549199, 0.08843389323200336, 0.08792334887485583, 0.08741418571141762, 0.08690524156108054, 0.08639725067688846, 0.08589037363399417, 0.08538369473240537, 0.08487961887199554, 0.08437595198536343, 0.08387283618676757, 0.08336992892774268, 0.0828674299541997, 0.08236555970797653, 0.0818639973525563, 0.08136290945356547, 0.08086233194721847, 0.08036275209911178, 0.07986373764200831, 0.07936500025668995, 0.0788666932316311, 0.07836886406060212, 0.07787143222607922, 0.07737497991924631, 0.07687884603692774, 0.0763830367730572, 0.0758875793706925, 0.07539446049081687, 0.07490206595637097, 0.07441025170120003, 0.07391895987402033, 0.07342874192961933, 0.0729390525634103, 0.07245044379276963, 0.0719621385447454, 0.0714742693284052, 0.0709867384446936, 0.07049960567343262, 0.07001292215516634, 0.06952696250130853, 0.06904209876744423, 0.0685575571894386, 0.06807363091449324, 0.06759009838447666, 0.06710739102182668, 0.06662640889799055, 0.06614599990014786, 0.06566615602783983, 0.06518715027069856, 0.06470949471669322, 0.06423230621484763, 0.06375702817740306, 0.06328277470331208, 0.06280919648981792, 0.06233607655756957, 0.06186435303957245, 0.06139333556063286, 0.06092349722700137, 0.060454205521028516, 0.05998581940716741, 0.05951837252295783, 0.05905194714637687, 0.05858607102803062, 0.058121163679768204, 0.05765687996051938, 0.05719324978734835, 0.05673031551702398, 0.056268019804299255, 0.05580642649776468, 0.055345604295306744, 0.05488576939621947, 0.054426830015639534, 0.05396898633355424, 0.05351231412984811, 0.05305706961749728, 0.05260261385185898, 0.05214911407673605, 0.051696604353928303, 0.05124543722667002, 0.05079603409877776, 0.050347494448966246, 0.04989984918506854, 0.049453658715927724, 0.0490084902165447, 0.04856431749318779, 0.048121212222993766, 0.04767933086414929, 0.04723902698145028, 0.046799728710625786, 0.04636219860528676, 0.04592568747323155, 0.045491005196759526, 0.04505769621080522, 0.04462597705205739, 0.044195809067250805, 0.04376702099917546, 0.043339868602516506, 0.042914678406786665, 0.042491088994801585, 0.04206939486345621, 0.04164909632261686, 0.04123074089704197, 0.0408138739087839, 0.040398598447114895, 0.03998511179606955, 0.03957339878751531, 0.03916342293025501, 0.03875509593786478, 0.038348540610158535, 0.037944283831179114, 0.03754266723111396, 0.03714307383242296, 0.036745520251141375, 0.03635011850569943, 0.03595728846887286, 0.03556700346604165, 0.03517904759309697, 0.03479394378006463, 0.03441154597801202, 0.03403162340775912, 0.03365541157281499, 0.033282256882117826, 0.03291214491035653, 0.03254595880072582, 0.03218265986829083, 0.03182235406101564, 0.031465302750681885, 0.031111422700518695, 0.030760847017258817, 0.030413716851544585, 0.03007043376690274, 0.029731286439264825, 0.029395984494579773, 0.029064362058059744, 0.028736665498640606, 0.028413309276235775, 0.028094237097199857, 0.027779862784563725, 0.027470400261346537, 0.027165823834611583, 0.026866063612068017, 0.02657119157994927, 0.02628134280962722, 0.025996874597779066, 0.025717993121515088, 0.025444820137367524, 0.025177741322930564, 0.024916319215835148, 0.024661620876848696, 0.024413605953744335, 0.024172822445338225, 0.023939304409899737, 0.02371299293282549, 0.02349404229711533, 0.02328316322556624, 0.023080091720452882, 0.022885004219760387, 0.02269808483511352, 0.02251973487770255, 0.02234976354443663, 0.022188217128144266, 0.022037387640624233, 0.02189529941843678, 0.02176187409299113, 0.02163754548320089, 0.021523710802643276, 0.021421483707433995, 0.0213264429891577, 0.021240758478754583, 0.02116862578262977, 0.021105241957900235, 0.02105162254355884, 0.021008010101210613, 0.020974362213130315, 0.02095084033279643]",EGB_XGB_GAM_CYCLIC_CYCLIC,synthetic_ordering1000,3,5,42,150
"['offset', 'x4', 'x5', 'x23', 'x9', 'x6', 'x13', 'x10', 'x15', 'x7', 'x17', 'x11', 'x19', 'x14', 'x3', 'x26', 'x18', 'x2', 'x20', 'x8', 'x29', 'x16', 'x12', 'x30', 'x31', 'x21', 'x27', 'x36', 'x28', 'x32', 'x40', 'x33', 'x22', 'x37', 'x34', 'x51', 'x50', 'x47', 'x25', 'x24', 'x39', 'x35', 'x61', 'x60', 'x45', 'x49', 'x41', 'x38', 'x69', 'x54', 'x55', 'x46', 'x44', 'x48', 'x59', 'x58', 'x42', 'x57', 'x63', 'x53', 'x62', 'x52', 'x64', 'x56', 'x43', 'x71', 'x68', 'x78', 'x70', 'x72', 'x79', 'x66', 'x96', 'x81', 'x77', 'x74', 'x80', 'x65', 'x67', 'x83', 'x85', 'x73', 'x89', 'x75', 'x82', 'x76', 'x97', 'x95', 'x88', 'x87', 'x110', 'x98', 'x86', 'x90', 'x92', 'x84', 'x102', 'x111', 'x100', 'x94', 'x91', 'x99', 'x109', 'x117', 'x108', 'x101', 'x106', 'x119', 'x105', 'x115', 'x129', 'x116', 'x113', 'x118', 'x93', 'x120', 'x112', 'x107', 'x104', 'x123', 'x103', 'x114', 'x131', 'x125', 'x121', 'x133', 'x122', 'x128', 'x126', 'x124', 'x136', 'x145', 'x137', 'x139', 'x140', 'x130', 'x127', 'x135', 'x132', 'x154', 'x153', 'x157', 'x134', 'x146', 'x143', 'x150', 'x142', 'x148', 'x138', 'x141', 'x151', 'x144', 'x152', 'x158', 'x155', 'x160', 'x161', 'x147', 'x166', 'x167', 'x149', 'x168', 'x162', 'x172', 'x170', 'x171', 'x156', 'x169', 'x180', 'x159', 'x163', 'x176', 'x173', 'x187', 'x175', 'x177', 'x174', 'x181', 'x165', 'x183', 'x179', 'x178', 'x164', 'x190', 'x182', 'x199', 'x186', 'x200', 'x185', 'x184', 'x196', 'x195', 'x191', 'x197', 'x193', 'x189', 'x192', 'x188', 'x201', 'x204', 'x210', 'x202', 'x194', 'x209', 'x198', 'x205', 'x212', 'x214', 'x203', 'x217', 'x207', 'x216', 'x219', 'x218', 'x211', 'x221', 'x215', 'x208', 'x226', 'x241', 'x240', 'x220', 'x213', 'x234', 'x225', 'x206', 'x232', 'x224', 'x233', 'x222', 'x223', 'x228', 'x231', 'x227', 'x229', 'x236', 'x238', 'x252', 'x244', 'x237', 'x239', 'x243', 'x235', 'x250', 'x245', 'x242', 'x246', 'x254', 'x258', 'x248', 'x259', 'x253', 'x230', 'x260', 'x249', 'x257', 'x251', 'x255', 'x268', 'x270', 'x263', 'x256', 'x269', 'x271', 'x247', 'x261', 'x265', 'x266', 'x267', 'x277', 'x262', 'x264', 'x279', 'x273', 'x274', 'x275', 'x276', 'x291', 'x280', 'x272', 'x288', 'x282', 'x296', 'x278', 'x281', 'x284', 'x287', 'x290', 'x300', 'x283', 'x301', 'x286', 'x297', 'x295', 'x293', 'x285', 'x289', 'x311', 'x305', 'x304', 'x294', 'x299', 'x298', 'x303', 'x320', 'x314', 'x292', 'x309', 'x313', 'x308', 'x306', 'x316', 'x307', 'x310', 'x312', 'x302', 'x330', 'x326', 'x318', 'x321', 'x323', 'x327', 'x317', 'x324', 'x322', 'x325', 'x341', 'x340', 'x329', 'x315', 'x336', 'x331', 'x332', 'x335', 'x334', 'x338', 'x328', 'x343', 'x333', 'x351', 'x337', 'x319', 'x344', 'x350', 'x347', 'x339', 'x346', 'x356', 'x348', 'x342', 'x367', 'x370', 'x358', 'x354', 'x349', 'x345', 'x353', 'x359', 'x352', 'x361', 'x374', 'x365', 'x362', 'x386', 'x360', 'x355', 'x364', 'x368', 'x357', 'x375', 'x381', 'x377', 'x384', 'x376', 'x363', 'x369', 'x371', 'x378', 'x388', 'x379', 'x389', 'x366', 'x372', 'x390', 'x392', 'x373', 'x380', 'x385', 'x397', 'x401', 'x403', 'x402', 'x383', 'x411', 'x395', 'x404', 'x387', 'x391', 'x394', 'x393', 'x398', 'x396', 'x382', 'x400', 'x406', 'x405', 'x419', 'x399', 'x421', 'x413', 'x408', 'x426', 'x409', 'x410', 'x417', 'x420', 'x407', 'x412', 'x416', 'x423', 'x431', 'x415', 'x428', 'x424', 'x433', 'x425', 'x451', 'x441', 'x414', 'x430', 'x439', 'x438', 'x429', 'x440', 'x432', 'x427', 'x445', 'x418', 'x437', 'x436', 'x422', 'x435', 'x434', 'x446', 'x443', 'x460', 'x455', 'x447', 'x449', 'x448', 'x459', 'x444', 'x453', 'x442', 'x452', 'x467', 'x454', 'x456', 'x464', 'x481', 'x475', 'x470', 'x458', 'x462', 'x471', 'x465', 'x478', 'x457', 'x469', 'x461', 'x450', 'x472', 'x463', 'x466', 'x489', 'x477', 'x468', 'x479', 'x500', 'x482', 'x487', 'x476', 'x474', 'x480', 'x490', 'x486', 'x483', 'x495', 'x485', 'x493', 'x497', 'x473', 'x488', 'x491', 'x501', 'x498', 'x505', 'x494', 'x499', 'x510', 'x504', 'x502', 'x507', 'x484', 'x492', 'x511', 'x496', 'x516', 'x503', 'x508', 'x514', 'x520', 'x513', 'x517', 'x519', 'x524', 'x509', 'x540', 'x512', 'x506', 'x529', 'x521', 'x528', 'x523', 'x531', 'x541', 'x518', 'x515', 'x533', 'x530', 'x525', 'x542', 'x527', 'x522', 'x538', 'x544', 'x536', 'x539', 'x549', 'x534', 'x558', 'x537', 'x526', 'x555', 'x545', 'x535', 'x532', 'x547', 'x554', 'x548', 'x559', 'x560', 'x550', 'x567', 'x568', 'x562', 'x556', 'x561', 'x564', 'x551', 'x543', 'x571', 'x577', 'x566', 'x569', 'x553', 'x590', 'x586', 'x557', 'x574', 'x552', 'x598', 'x573', 'x546', 'x575', 'x565', 'x583', 'x570', 'x579', 'x578', 'x581', 'x601', 'x589', 'x588', 'x584', 'x572', 'x563', 'x600', 'x592', 'x594', 'x576', 'x606', 'x620', 'x580', 'x599', 'x591', 'x608', 'x596', 'x605', 'x604', 'x595', 'x585', 'x611', 'x582', 'x593', 'x602', 'x607', 'x621', 'x587', 'x609', 'x629', 'x597', 'x612', 'x622', 'x617', 'x615', 'x613', 'x618', 'x619', 'x630', 'x625', 'x626', 'x640', 'x637', 'x628', 'x641', 'x647', 'x616', 'x614', 'x632', 'x610', 'x642', 'x638', 'x627', 'x633', 'x623', 'x651', 'x658', 'x634', 'x635', 'x646', 'x636', 'x603', 'x631', 'x660', 'x643', 'x645', 'x639', 'x649', 'x661', 'x670', 'x665', 'x624', 'x644', 'x653', 'x648', 'x663', 'x654', 'x657', 'x655', 'x667', 'x668', 'x681', 'x669', 'x650', 'x673', 'x659', 'x656', 'x678', 'x676', 'x671', 'x662', 'x652', 'x666', 'x675', 'x664', 'x680', 'x683', 'x682', 'x677', 'x672', 'x698', 'x684', 'x706', 'x688', 'x687', 'x690', 'x674', 'x689', 'x700', 'x705', 'x699', 'x679', 'x701', 'x713', 'x691', 'x686', 'x707', 'x693', 'x697', 'x685', 'x709', 'x712', 'x710', 'x717', 'x724', 'x696', 'x711', 'x694', 'x692', 'x695', 'x726', 'x719', 'x720', 'x718', 'x722', 'x702', 'x704', 'x708', 'x716', 'x703', 'x741', 'x714', 'x732', 'x723', 'x725', 'x750', 'x731', 'x742', 'x738', 'x740', 'x736', 'x730', 'x715', 'x721', 'x727', 'x729', 'x734', 'x758', 'x756', 'x743', 'x746', 'x728', 'x733', 'x757', 'x761', 'x737', 'x770', 'x747', 'x752', 'x755', 'x762', 'x735', 'x739', 'x744', 'x754', 'x785', 'x764', 'x745', 'x748', 'x759', 'x751', 'x765', 'x760', 'x769', 'x767', 'x768', 'x787', 'x778', 'x753', 'x749', 'x771', 'x777', 'x773', 'x763', 'x779', 'x800', 'x782', 'x791', 'x784', 'x766', 'x798', 'x793', 'x783', 'x794', 'x781', 'x780', 'x819', 'x774', 'x790', 'x799', 'x788', 'x795', 'x803', 'x776', 'x796', 'x810', 'x772', 'x786', 'x804', 'x806', 'x789', 'x801', 'x823', 'x775', 'x812', 'x815', 'x807', 'x792', 'x805', 'x826', 'x802', 'x840', 'x809', 'x827', 'x811', 'x818', 'x821', 'x837', 'x817', 'x813', 'x820', 'x816', 'x822', 'x797', 'x836', 'x808', 'x847', 'x849', 'x824', 'x838', 'x841', 'x834', 'x830', 'x835', 'x848', 'x833', 'x854', 'x814', 'x851', 'x828', 'x832', 'x825', 'x844', 'x853', 'x839', 'x831', 'x874', 'x829', 'x861', 'x842', 'x863', 'x877', 'x845', 'x850', 'x878', 'x871', 'x881', 'x873', 'x858', 'x843', 'x876', 'x862', 'x875', 'x879', 'x867', 'x860', 'x901', 'x868', 'x865', 'x846', 'x866', 'x859', 'x852', 'x883', 'x864', 'x882', 'x892', 'x880', 'x893', 'x911', 'x888', 'x884', 'x870', 'x887', 'x869', 'x885', 'x895', 'x896', 'x872', 'x857', 'x907', 'x904', 'x886', 'x908', 'x900', 'x897', 'x855', 'x894', 'x899', 'x856', 'x909', 'x891', 'x918', 'x928', 'x917', 'x903', 'x910', 'x927', 'x889', 'x915', 'x906', 'x898', 'x905', 'x916', 'x938', 'x932', 'x912', 'x890', 'x919', 'x935', 'x933', 'x924', 'x951', 'x922', 'x913', 'x931', 'x963', 'x920', 'x925', 'x934', 'x950', 'x948', 'x914', 'x936', 'x921', 'x923', 'x941', 'x930', 'x975', 'x964', 'x949', 'x942', 'x943', 'x929', 'x940', 'x939', 'x902', 'x946', 'x969', 'x968', 'x973', 'x960', 'x937', 'x954', 'x952', 'x958', 'x980', 'x947', 'x967', 'x926', 'x965', 'x989', 'x979', 'x945', 'x990', 'x978', 'x955', 'x976', 'x959', 'x966', 'x987', 'x983', 'x957', 'x956', 'x977', 'x985', 'x984', 'x993', 'x970', 'x953', 'x988', 'x986', 'x994', 'x992', 'x982', 'x981', 'x995', 'x974', 'x1000', 'x996', 'x971', 'x991', 'x997', 'x1', 'x998', 'x972', 'x962', 'x999', 'x961', 'x944']","[0.7001086674469982, 0.6996801633399261, 0.6986096061973359, 0.6975419216074167, 0.6964821163104744, 0.6954232117894634, 0.6943651994387869, 0.693307273438108, 0.6922496182359855, 0.6911922654786147, 0.6901349571236458, 0.6890792683553302, 0.6880239843245934, 0.6869689079023886, 0.6859157789923966, 0.6848632299644603, 0.683813385149407, 0.682764813062644, 0.6817163982245198, 0.6806691469180778, 0.6796223559505212, 0.6785775872540367, 0.6775329927336281, 0.6764891018305591, 0.6754453441460839, 0.674401901172625, 0.6733601270644246, 0.6723207037328466, 0.6712822069095189, 0.6702442763774928, 0.6692067126889356, 0.6681695231251377, 0.6671333233624475, 0.6660979877863402, 0.6650641377481412, 0.6640303397917736, 0.6629975288953557, 0.6619668269335346, 0.6609368053508623, 0.6599070201550444, 0.6588784622423767, 0.6578504987770483, 0.6568248494538955, 0.6558015909437577, 0.6547785584431685, 0.6537565610988946, 0.6527347649561094, 0.6517146807773523, 0.6506956347467826, 0.6496786280652995, 0.6486625723950068, 0.6476485635399452, 0.6466348376326284, 0.6456217642407068, 0.6446088926372255, 0.6435970565601228, 0.642585471176631, 0.6415740954961625, 0.6405638068361292, 0.6395541275958717, 0.6385448988817785, 0.6375368423114148, 0.6365311007963932, 0.6355255446942899, 0.6345203564881399, 0.6335166748873591, 0.6325143719137862, 0.6315124270038718, 0.6305130032504987, 0.6295157136174563, 0.6285193488962375, 0.6275235062830058, 0.6265301152875322, 0.6255379007686892, 0.6245462379490518, 0.6235550926284645, 0.6225642090301862, 0.6215736575823032, 0.6205834780010632, 0.6195939293384021, 0.6186044333865988, 0.6176167993933446, 0.6166293835618752, 0.6156426605621984, 0.6146575851311372, 0.613673017180289, 0.6126884814613183, 0.6117042173352305, 0.6107201463720048, 0.6097361073150009, 0.6087528738863092, 0.6077698900482745, 0.6067883068098529, 0.6058072297724459, 0.6048277110789227, 0.6038505948956128, 0.6028737154276791, 0.6018969298559262, 0.6009208535297559, 0.5999457621582518, 0.598973045740926, 0.5980015321512582, 0.5970307601778994, 0.5960609014602096, 0.5950915768371831, 0.5941224905677875, 0.5931560474168044, 0.5921905666628468, 0.591226428586521, 0.5902630903633528, 0.589300452431553, 0.5883381482985243, 0.5873763771285702, 0.5864148924162377, 0.5854538573365753, 0.5844936062939318, 0.5835341779312071, 0.5825757390077403, 0.5816174609294604, 0.5806598863787352, 0.5797040678449147, 0.5787493051281232, 0.5777946647184826, 0.5768412390020485, 0.575889609360226, 0.574939732570796, 0.5739914718007544, 0.5730443867831909, 0.5721023934666463, 0.5711610767765516, 0.570220807306561, 0.5692811888460736, 0.5683421453377692, 0.5674035263098264, 0.5664649479703847, 0.5655264299714858, 0.5645888868740809, 0.5636521208962618, 0.5627159422072632, 0.5617803213459258, 0.5608449712155593, 0.559911101549287, 0.5589778947223609, 0.5580449045908114, 0.5571133982912658, 0.556182515624593, 0.5552521607251532, 0.5543222792701139, 0.5533924857954174, 0.5524629884292388, 0.5515345365378221, 0.5506064544107189, 0.5496791368321127, 0.5487550207424787, 0.5478312951668183, 0.5469098359006174, 0.5459889280940561, 0.5450684785345441, 0.5441488706380844, 0.5432295879402851, 0.5423104161379921, 0.5413914703334893, 0.5404727847231615, 0.5395541874126752, 0.5386356578048919, 0.5377176332220961, 0.5368020593415402, 0.5358889652380868, 0.5349771587564613, 0.5340655198576024, 0.5331541360580685, 0.5322431553992686, 0.5313325214755531, 0.5304242558577035, 0.5295201512707548, 0.5286165966884903, 0.5277131365266704, 0.526809902551443, 0.5259067347545963, 0.5250038777542251, 0.5241015217598965, 0.5231994649618783, 0.5222986946050834, 0.5213993063815843, 0.5205008850805682, 0.5196031960523232, 0.5187061027781042, 0.5178093593558657, 0.5169135191342845, 0.516017861127954, 0.5151227352698106, 0.5142308588094743, 0.5133393066865054, 0.5124482180888864, 0.511558200280936, 0.5106702825288998, 0.5097824846721691, 0.508895236495672, 0.5080082921084025, 0.507123343825737, 0.5062388987649018, 0.505355794137641, 0.5044732034895287, 0.5035914603987588, 0.502709903756418, 0.5018284765809066, 0.5009485093986648, 0.5000692693458412, 0.49919269879925793, 0.49831621240053975, 0.4974411511300546, 0.4965670831317048, 0.4956932958600197, 0.4948199619133608, 0.4939470526590185, 0.4930752093163489, 0.4922035682388184, 0.4913320496221102, 0.4904617728774774, 0.48959207636839985, 0.48872287141784404, 0.48785403233072905, 0.4869868080822426, 0.48611992418594524, 0.4852533041889561, 0.4843869047871027, 0.4835206937432916, 0.4826546629234126, 0.48178920659392527, 0.48092597866881737, 0.48006306283435257, 0.4792011213640691, 0.4783397221593676, 0.47747944481775273, 0.47662040508643433, 0.47576158839316246, 0.47490340329200503, 0.4740464349632001, 0.4731902154408087, 0.47233504710419427, 0.4714799320291914, 0.4706252868029244, 0.4697720651480295, 0.46891926955058894, 0.46806858465684364, 0.4672192877164452, 0.46637211067058726, 0.4655255800547005, 0.46467924004821676, 0.4638333843112943, 0.4629875775236142, 0.462142499276941, 0.4612976222234139, 0.46045293643776386, 0.4596087203292166, 0.4587647499091984, 0.4579220361678229, 0.4570797826944101, 0.4562421617521262, 0.4554048774910276, 0.45456806046145043, 0.45373276693696873, 0.4528975322231414, 0.45206254826678877, 0.4512284806571687, 0.4503944925353858, 0.4495626500639295, 0.4487327986562399, 0.4479029947423455, 0.4470735696711889, 0.4462442693432867, 0.4454162351132567, 0.44459044464789094, 0.4437650783064046, 0.44293999775493387, 0.4421152185068184, 0.44129230914757905, 0.4404704394648916, 0.43964914417405704, 0.43882908252941716, 0.43800951057566356, 0.43719005304082753, 0.4363712343027907, 0.4355527767631315, 0.4347348745980479, 0.4339172017955049, 0.4331000895621092, 0.4322838688956678, 0.4314678412084466, 0.43065216675489865, 0.42983675139967137, 0.4290220939985929, 0.42820773603180523, 0.4273935043112119, 0.42657950164826347, 0.42576631227662853, 0.42495398671694484, 0.42414236523971316, 0.4233310493377388, 0.42252070808585607, 0.4217107594637961, 0.42090608751542957, 0.4201015881644686, 0.41929822691364926, 0.41849533703762537, 0.41769264002780904, 0.41689234323715424, 0.4160923550468753, 0.41529252878689316, 0.4144935729615515, 0.4136972085337122, 0.41290094293621926, 0.4121056954760795, 0.41131104538297386, 0.41051664911673735, 0.4097240648323217, 0.4089317274551791, 0.4081399756250233, 0.4073492336752544, 0.40655908180099126, 0.4057690618797307, 0.40497965786667367, 0.4041909992272005, 0.40340238678389223, 0.402613963147001, 0.401825717363459, 0.40103893364125015, 0.4002528251755106, 0.39946687487871513, 0.39868200752092736, 0.3978975785598631, 0.39711465679881996, 0.39633308014780766, 0.3955516475969513, 0.39477030072157354, 0.39398902079523446, 0.3932082163373252, 0.3924277101240298, 0.3916482018128959, 0.3908691321920133, 0.39009029679324925, 0.38931206716964306, 0.3885347444116771, 0.38775761252579294, 0.38698116163762036, 0.3862049839839587, 0.38543053264677835, 0.384656447377888, 0.383882709370013, 0.38311045546234085, 0.38233967677206376, 0.3815694494239752, 0.3808006012726105, 0.38003242934869264, 0.37926440107722137, 0.3784967365521792, 0.37773032571958426, 0.3769642343204209, 0.37620051430692336, 0.375437626761074, 0.37467524864237417, 0.3739129274802202, 0.3731509970780876, 0.37239080406217856, 0.37163087548503443, 0.37087099481178626, 0.3701111661739832, 0.3693527012063081, 0.36859482459535625, 0.367839620530043, 0.36708524014568467, 0.3663310061509983, 0.3655781887641518, 0.3648258944266827, 0.36407394833798584, 0.3633221981315495, 0.3625706746498196, 0.36182012013307324, 0.3610699959901809, 0.3603202806268528, 0.35957161911905156, 0.35882329543028857, 0.3580765860293183, 0.3573301037078131, 0.35658374673295923, 0.3558377003228572, 0.35509295734603735, 0.3543490328086152, 0.3536055199248253, 0.3528631927085288, 0.3521210197350732, 0.35137916506765465, 0.3506385163030638, 0.3498980724291998, 0.3491578090709647, 0.3484177020774521, 0.3476777242607195, 0.3469391759965536, 0.34620109241338176, 0.3454645911748826, 0.3447286898522319, 0.343993015915614, 0.34325851826932796, 0.3425253103605236, 0.3417927178717694, 0.34106092113605496, 0.34032929721480887, 0.33959812209136997, 0.33886803280182193, 0.3381402156487366, 0.33741274935537136, 0.33668582004091385, 0.3359590443131463, 0.33523268313558235, 0.33450686411308933, 0.3337825714967064, 0.3330583572047931, 0.33233461598762526, 0.33161157038458655, 0.3308914947884962, 0.3301716431109666, 0.3294529750134179, 0.3287348269104332, 0.3280178747840584, 0.32730203604247954, 0.3265867835727218, 0.3258721308617419, 0.3251576560320395, 0.3244449918062102, 0.323732375705986, 0.32302012585055134, 0.3223084583410953, 0.32159880772900085, 0.32088988430770576, 0.3201815235527352, 0.31947334410970074, 0.31876575332017554, 0.3180582717314646, 0.31735093388215097, 0.3166436284703259, 0.31593766140191787, 0.31523256250668996, 0.3145278090228481, 0.31382341959189897, 0.31311977148485964, 0.3124164462958616, 0.31171351176245576, 0.3110108492422722, 0.3103085985579474, 0.30960713349691243, 0.30890741371778524, 0.3082077411465438, 0.3075087111161716, 0.30681146600424825, 0.3061144897810951, 0.30541873579294837, 0.30472345205271967, 0.3040286341859122, 0.3033339508814151, 0.3026407023975467, 0.3019483112738077, 0.30125597303065726, 0.30056407283367187, 0.29987223599061064, 0.2991809939727186, 0.29849060409713196, 0.29780054817120816, 0.29711065647492135, 0.29642088597800875, 0.2957320173730551, 0.29504330342520607, 0.2943555494321009, 0.2936679164800308, 0.2929815546953254, 0.2922955143485347, 0.29161025308522753, 0.29092507016377883, 0.2902404598313973, 0.28955618893424095, 0.2888731414504425, 0.2881902789815512, 0.28750841894100887, 0.28682675386609946, 0.2861462320699283, 0.28546585393673407, 0.28478573601161283, 0.28410770999842805, 0.2834313483452205, 0.2827559076130796, 0.28208065663124793, 0.28140685259367926, 0.2807332867816969, 0.2800605172706071, 0.27938784834454033, 0.2787153458860805, 0.27804290610324184, 0.27737111741732434, 0.276699869219183, 0.2760289282099822, 0.27535929000087883, 0.27469021151402473, 0.2740212789188246, 0.2733527254021927, 0.2726843019868432, 0.27201602884531384, 0.27134779837298134, 0.27067959470205377, 0.27001163698591973, 0.2693440447207586, 0.26867808994380665, 0.2680122919008343, 0.2673474219884907, 0.2666861871163344, 0.2660250438374157, 0.2653645870523672, 0.2647059472545279, 0.2640479097145814, 0.263390002201518, 0.2627323593783558, 0.2620750600691033, 0.2614185994479937, 0.26076262087076924, 0.26010677889026707, 0.25945186432720097, 0.2587972439174436, 0.2581431198995085, 0.2574891851196507, 0.2568353318387453, 0.25618158571424926, 0.2555280600621044, 0.254876182045164, 0.2542244518106501, 0.25357368470241504, 0.2529235244633961, 0.25227398728151296, 0.2516248192858961, 0.25097590463701813, 0.25032716342020306, 0.24967861379400408, 0.24903094636728043, 0.24838402604184515, 0.24773784699813547, 0.24709221417579325, 0.24644672899629658, 0.2458024661729787, 0.24515846887847786, 0.24451468531371567, 0.24387154443223888, 0.2432290088644986, 0.24258678651241564, 0.24194496511168145, 0.24130356329080493, 0.24066242983075994, 0.24002163252181782, 0.23938285261469364, 0.23874482113051457, 0.2381073845658216, 0.23747045682268575, 0.23683397086636626, 0.23619754001569024, 0.2355613939000922, 0.23492530412157533, 0.23428944838386967, 0.23365451246339705, 0.23302034191279247, 0.2323876987789177, 0.23175530593322377, 0.23112448757337725, 0.2304939788447768, 0.22986373207713556, 0.2292348131694018, 0.22860659283989823, 0.22797871999104186, 0.22735127329922686, 0.2267238631792597, 0.22609682553050262, 0.22547087307960903, 0.22484495559711049, 0.22421935093408005, 0.22359382807090622, 0.2229684201233752, 0.22234441011854994, 0.22172075851802941, 0.2210979442096184, 0.22047568454662633, 0.2198536145569695, 0.21923181991615429, 0.21861091194376064, 0.21799098923576454, 0.21737140120185808, 0.21675259304022235, 0.21613384402030547, 0.2155151924905095, 0.21489662563050174, 0.21427849802817273, 0.21366130837880642, 0.21304562592571577, 0.21243055842304112, 0.21181641629213602, 0.21120361032787857, 0.21059093786946928, 0.20997906284410053, 0.20936734792518316, 0.20875605280460682, 0.2081449833844828, 0.20753411442382155, 0.20692331025562666, 0.20631270127, 0.20570257436094955, 0.20509290032157793, 0.20448395748354717, 0.20387552886766633, 0.2032674398411123, 0.2026600347154433, 0.202052870061836, 0.20144574384137767, 0.20084012068617896, 0.2002349488602739, 0.19963082963791573, 0.19902681847504106, 0.1984230541619643, 0.1978196857601198, 0.19721821857451954, 0.19661679806415988, 0.19601553525269017, 0.19541619973105595, 0.19481723392732336, 0.19421842826617425, 0.19361965278272938, 0.19302089975629216, 0.19242255956597923, 0.19182509971290146, 0.19122775778174556, 0.19063053325847037, 0.1900334472005847, 0.18943674538590197, 0.18884129126253596, 0.1882461426139634, 0.18765174983916266, 0.1870577062948362, 0.18646459384329134, 0.18587155646399905, 0.18527915769618297, 0.18468729566126882, 0.18409621922413263, 0.1835058444676025, 0.18291556494804093, 0.18232615658298562, 0.18173720807712615, 0.18114863004658108, 0.18056122787613987, 0.17997421047413067, 0.17938859631873005, 0.1788043347398294, 0.17822048725076564, 0.1776371472017223, 0.17705417568965187, 0.17647151007185174, 0.17588929804245534, 0.1753072368991896, 0.17472528861122333, 0.17414401242771307, 0.17356374375206307, 0.17298363850623258, 0.17240389877340417, 0.1718242763791803, 0.17124511891975147, 0.17066651926220477, 0.17008851002119865, 0.16951176252872516, 0.1689356800763988, 0.16836039478389808, 0.1677855020863713, 0.16721115238814716, 0.16663710589059946, 0.16606370567913553, 0.1654905696763546, 0.16491770784943344, 0.16434505344946856, 0.16377301644680245, 0.1632022445319073, 0.1626316260774202, 0.16206131789852077, 0.16149157034063097, 0.16092264854287328, 0.1603542761160112, 0.15978599430035134, 0.15921795920747098, 0.15865045413337792, 0.1580832734918756, 0.1575174976093456, 0.15695221027779824, 0.1563871009317329, 0.15582243624134376, 0.15525835917485445, 0.15469566809331947, 0.15413401952327033, 0.15357319498544944, 0.15301258464805798, 0.15245204445316074, 0.1518917251046459, 0.15133199665055383, 0.15077249815702548, 0.15021367540377198, 0.1496555928371225, 0.14909761911797223, 0.14853993409588567, 0.1479824656594109, 0.14742511458385255, 0.1468680082992405, 0.14631104542496698, 0.1457546300541198, 0.14519927871679722, 0.14464421064087107, 0.1440899590927274, 0.14353584566510222, 0.1429822875303064, 0.1424288307258137, 0.1418773861361287, 0.14132614584554581, 0.14077510631304252, 0.14022512838547732, 0.1396754819757871, 0.13912622300174476, 0.13857715876917978, 0.13802840363665628, 0.13747978931173996, 0.13693147513031992, 0.1363838936612207, 0.1358380565764631, 0.13529262618383106, 0.13474845334964788, 0.13420471839965684, 0.13366105203173367, 0.13311773537118196, 0.1325745662718329, 0.1320315959836294, 0.13148888666520833, 0.13094750070077865, 0.13040631810562525, 0.12986536436582571, 0.12932601299978128, 0.1287872909889211, 0.12824943967331162, 0.12771214132345482, 0.12717541043587222, 0.12663878318585006, 0.1261022424476703, 0.12556578156488027, 0.12502961996899156, 0.12449385897119951, 0.1239582015425968, 0.12342259770823309, 0.12288720164228185, 0.12235272310968372, 0.12181838494152308, 0.12128445742609968, 0.12075076471419474, 0.12021744338222132, 0.11968432285730927, 0.1191516436850054, 0.11861963501894644, 0.11808879590955013, 0.1175588682336485, 0.11702932495070749, 0.11650007091777553, 0.11597134499755168, 0.11544279169502535, 0.11491445328548652, 0.11438664996243934, 0.11385956769742064, 0.11333308813576715, 0.11280682748971296, 0.11228124662784658, 0.11175597376858569, 0.11123120358458621, 0.11070707185572144, 0.11018412662035687, 0.10966130891011493, 0.10913868802931477, 0.10861671616730117, 0.1080952241694486, 0.10757489804470217, 0.10705635448713914, 0.10653831875528498, 0.10602041534001595, 0.10550291369764418, 0.10498595151162451, 0.10446943115862393, 0.10395322181152043, 0.10343751883818557, 0.10292339787264694, 0.10240986358271185, 0.10189645978420368, 0.10138317744641792, 0.10086999642886299, 0.1003573382861139, 0.09984492234124037, 0.09933276468731136, 0.09882081769127508, 0.09830914488410601, 0.09779771526523921, 0.0972866958593233, 0.09677586971007729, 0.0962653846405453, 0.09575657105152564, 0.09524891466778569, 0.09474166953395019, 0.09423469107708839, 0.09372799152537228, 0.09322166966754244, 0.09271678772684543, 0.09221258043663376, 0.09170863903019948, 0.0912053420978447, 0.09070279913635276, 0.09020050151688996, 0.0896985994306737, 0.08919698178220324, 0.08869638451156656, 0.08819595873553826, 0.08769587908022808, 0.08719605265528908, 0.08669643893708366, 0.08619711398238786, 0.08569932952840216, 0.08520441247723898, 0.08470964209846832, 0.08421520811063846, 0.08372141191649889, 0.08322796456675792, 0.0827348238310676, 0.0822420431998081, 0.0817497761975337, 0.08125808403158248, 0.08076668275783036, 0.08027562964555328, 0.07978514379777991, 0.07929500022843936, 0.07880604381602435, 0.0783180811137139, 0.07783069035185186, 0.07734370539115372, 0.07685706118947987, 0.07637067150804207, 0.0758855583331613, 0.0754011212918829, 0.07491705004185102, 0.07443395761175652, 0.07395136622930769, 0.07346920066459048, 0.07298770995978744, 0.0725067717033811, 0.07202643509042886, 0.07154658902170186, 0.07106710971460228, 0.07058810616022207, 0.0701095078356026, 0.06963126804041762, 0.06915358900117664, 0.06867630612080533, 0.06819940625698317, 0.06772305409821952, 0.06724783835866706, 0.06677340324048296, 0.06629943439024094, 0.06582699947396015, 0.06535492801369666, 0.06488325923474378, 0.06441219650304619, 0.06394154658342675, 0.06347171330477562, 0.06300263125310598, 0.06253401544302037, 0.06206592869985027, 0.061599027790558945, 0.061132766902674975, 0.06066754825961569, 0.060203968219761525, 0.05974098269319485, 0.05927855521766766, 0.05881854948818987, 0.05835907657237551, 0.057899982904778394, 0.057441634739697205, 0.05698375020217901, 0.056526423924194276, 0.05606965992815225, 0.05561401068242467, 0.05515908653659029, 0.05470476511648895, 0.054250993974480716, 0.05379781981072505, 0.053345576363975446, 0.052894299447145056, 0.05244378615462665, 0.051993945227862964, 0.05154509390473867, 0.0510981066053959, 0.05065183845163839, 0.05020650096041447, 0.049763496456585135, 0.049322246944379255, 0.04888212376997404, 0.048442733184448486, 0.04800449114236913, 0.04756709787400686, 0.04713095410165673, 0.04669632850081886, 0.04626252164332544, 0.04582961117611636, 0.04539814125341392, 0.04496766877431839, 0.04453920299174849, 0.044111896448519254, 0.043685683964966714, 0.043260572169216444, 0.042836700690455365, 0.042414138939858397, 0.041992778626224414, 0.041572778388827114, 0.041154914388815064, 0.04073868152503474, 0.040323907287957476, 0.0399106308282804, 0.03949888327856955, 0.039088732486938026, 0.03868030816816368, 0.03827431176001301, 0.03787020138182368, 0.03746776795218424, 0.037067447450682516, 0.03666919391978761, 0.03627287468262206, 0.035878381842316114, 0.035485931869884246, 0.035095593832553014, 0.03470919701725242, 0.03432492681995987, 0.03394290293203925, 0.03356346926333049, 0.03318637469089271, 0.03281155799167608, 0.03243917191380974, 0.03206917334859956, 0.031701954621484875, 0.03133733950274654, 0.030975796912862397, 0.03061711490100718, 0.030261709373436477, 0.02990925503167501, 0.029559830464372175, 0.0292136900199013, 0.028871148359723278, 0.028532475516060057, 0.028197675508057973, 0.02786672856270362, 0.02753984887227442, 0.027216700682436697, 0.026897679336587422, 0.026583085900174185, 0.026272726519016756, 0.025967093465196166, 0.02566632232833911, 0.025370470261518095, 0.0250800503948335, 0.02479470907814115, 0.024514817945358796, 0.024240740077705065, 0.023972445479588225, 0.02371013810272708, 0.023454089408326658, 0.02320382196208695, 0.022960156393080054, 0.022723148714884015, 0.022492806195065218, 0.022269974311907966, 0.022054604033431617, 0.021846430095031736, 0.02164541372896446, 0.021452317312590015, 0.021267342658204413, 0.021090460761709635, 0.020922074866286524, 0.02076249181124778, 0.020611704781354732, 0.020470367445394336, 0.020338278486789197, 0.02021475755234237, 0.020101088071434806, 0.01999956789519576, 0.019905578061463144, 0.019821170402907404, 0.01974640206477117, 0.019682847234100177, 0.01962975870034817, 0.019586562317134435, 0.019554835742757046, 0.019534209738889922, 0.019525284948406454, 0.019528496065512886]",EGB_XGB_GAM_CYCLIC_CYCLIC,synthetic_ordering1000,4,5,42,150
"['offset', 'x10', 'x3', 'x5', 'x1', 'x9', 'x7', 'x4', 'x8', 'x2', 'x6']","[0.7023820540789875, 0.6303138839134647, 0.5600301850916853, 0.4882787493571333, 0.4173454132095894, 0.346810678621152, 0.27730548447066894, 0.20754705694836156, 0.13813451848297173, 0.07110737281599719, 0.021252973062964763]",EGB_XGB_GAM_RANDOM_RANDOM,synthetic_ordering10,0,5,42,150
"['offset', 'x10', 'x3', 'x5', 'x1', 'x9', 'x7', 'x4', 'x8', 'x2', 'x6']","[0.6993877926414315, 0.6279479272582081, 0.5582537341265675, 0.4870967357263572, 0.41676878253710536, 0.34682325678945536, 0.27782322837420703, 0.2086627721153522, 0.1398488823441022, 0.07329957396230757, 0.02246806403033507]",EGB_XGB_GAM_RANDOM_RANDOM,synthetic_ordering10,1,5,42,150
"['offset', 'x3', 'x10', 'x5', 'x1', 'x9', 'x7', 'x4', 'x8', 'x2', 'x6']","[0.7132502859334683, 0.6402986340308591, 0.5672877720504484, 0.49596455309855064, 0.42392789206083753, 0.35231939748831376, 0.2817485431095165, 0.2109230414011979, 0.14061400484894987, 0.07246582165076354, 0.021110119427599574]",EGB_XGB_GAM_RANDOM_RANDOM,synthetic_ordering10,2,5,42,150
"['offset', 'x10', 'x3', 'x5', 'x1', 'x9', 'x7', 'x4', 'x8', 'x2', 'x6']","[0.7174612742975268, 0.6443743464911046, 0.5729277558929947, 0.4998854448316991, 0.427987091555321, 0.35626588183402613, 0.2854930125452854, 0.21445540399443058, 0.14379613132203903, 0.07532540733496612, 0.020950840332796476]",EGB_XGB_GAM_RANDOM_RANDOM,synthetic_ordering10,3,5,42,150
"['offset', 'x10', 'x3', 'x5', 'x1', 'x9', 'x7', 'x4', 'x8', 'x2', 'x6']","[0.7001086674469982, 0.6283546154929782, 0.5582807222398165, 0.4867912239361518, 0.4163459638282078, 0.3460382200120183, 0.2768099093168629, 0.20742318174619287, 0.13829656678216265, 0.07111140643746962, 0.01952849606551296]",EGB_XGB_GAM_RANDOM_RANDOM,synthetic_ordering10,4,5,42,150
"['offset', 'x36', 'x77', 'x7', 'x17', 'x32', 'x59', 'x43', 'x99', 'x42', 'x48', 'x35', 'x41', 'x81', 'x9', 'x24', 'x22', 'x38', 'x21', 'x82', 'x94', 'x91', 'x56', 'x2', 'x23', 'x11', 'x8', 'x28', 'x33', 'x71', 'x92', 'x12', 'x51', 'x97', 'x80', 'x72', 'x34', 'x14', 'x68', 'x30', 'x13', 'x53', 'x45', 'x78', 'x29', 'x44', 'x46', 'x18', 'x76', 'x66', 'x83', 'x100', 'x62', 'x87', 'x96', 'x27', 'x54', 'x6', 'x64', 'x58', 'x85', 'x86', 'x49', 'x73', 'x10', 'x88', 'x65', 'x31', 'x61', 'x89', 'x3', 'x1', 'x79', 'x25', 'x39', 'x57', 'x15', 'x84', 'x90', 'x5', 'x20', 'x63', 'x40', 'x93', 'x47', 'x98', 'x4', 'x74', 'x16', 'x60', 'x67', 'x19', 'x95', 'x55', 'x75', 'x26', 'x70', 'x52', 'x50', 'x37', 'x69']","[0.7023820540789875, 0.6953400088510501, 0.6870975514992532, 0.6789443288514612, 0.6708634258580465, 0.6630254435968475, 0.6552228052437884, 0.6474484012946954, 0.639743769460671, 0.6320437221340761, 0.6243594509370077, 0.6167510314404534, 0.6091455294452404, 0.601551158966896, 0.5939617577241625, 0.5864142968520767, 0.5789045029075555, 0.5714263475979868, 0.5639547284906911, 0.5565011949973624, 0.5490515509760069, 0.5416117454585231, 0.5341976525928626, 0.5268146631604129, 0.5194509526021654, 0.5120976267650428, 0.5047844066395222, 0.4974731085573282, 0.4901660112560445, 0.48286465749921637, 0.47557290375623523, 0.4682852084780812, 0.46100353462234744, 0.45373644121803663, 0.4464950970157594, 0.4392630141116775, 0.4320611755406662, 0.424876535843138, 0.41770781854779643, 0.4105550092804699, 0.4034062374630506, 0.39626776792737933, 0.38914465310889307, 0.3820354862280835, 0.37493096504874845, 0.3678273819489857, 0.36073071841223725, 0.35364395641885815, 0.3465603004755012, 0.3394931942015093, 0.33243059347280085, 0.3253789959234255, 0.31881843727953063, 0.3117933326830755, 0.30479987958091903, 0.29780759723868494, 0.2908391684070935, 0.2839075684890394, 0.27701065455603296, 0.2701180569067615, 0.26322893869786934, 0.2563443461692122, 0.24946827258556184, 0.24259501550839382, 0.23572804442243842, 0.22886623526590133, 0.22201714493710595, 0.21518246436731908, 0.2083699487245289, 0.20156094528720775, 0.1947561986361961, 0.18796226328062776, 0.18118264070279896, 0.17443403033660065, 0.1676919504700457, 0.16099394091143937, 0.1543147287302045, 0.14765443385938218, 0.14101744667532376, 0.1343915085757414, 0.12780849593609778, 0.12123808940733025, 0.11469931138347521, 0.1082109525076614, 0.10174047321687475, 0.09529415824508158, 0.0890233196161653, 0.08265510249017001, 0.07635931245070715, 0.07011088670831253, 0.06394727192614001, 0.05785822213721289, 0.05188616969650257, 0.04622807394566522, 0.04063027713744879, 0.03548091330824116, 0.030697148061599507, 0.02680824308589529, 0.02360046637669613, 0.021651809978262365, 0.021252973062964763]",EGB_XGB_GAM_RANDOM_RANDOM,synthetic_ordering100,0,5,42,150
"['offset', 'x36', 'x77', 'x7', 'x17', 'x32', 'x59', 'x99', 'x43', 'x42', 'x81', 'x41', 'x48', 'x35', 'x24', 'x22', 'x9', 'x21', 'x94', 'x91', 'x38', 'x82', 'x28', 'x56', 'x23', 'x92', 'x2', 'x11', 'x71', 'x97', 'x33', 'x51', 'x12', 'x80', 'x8', 'x34', 'x72', 'x44', 'x78', 'x68', 'x30', 'x14', 'x53', 'x45', 'x46', 'x18', 'x29', 'x83', 'x100', 'x13', 'x66', 'x62', 'x76', 'x87', 'x96', 'x54', 'x27', 'x73', 'x58', 'x49', 'x85', 'x10', 'x88', 'x64', 'x86', 'x65', 'x31', 'x6', 'x3', 'x61', 'x89', 'x25', 'x1', 'x79', 'x90', 'x39', 'x57', 'x84', 'x15', 'x63', 'x5', 'x93', 'x20', 'x98', 'x40', 'x16', 'x47', 'x74', 'x4', 'x19', 'x67', 'x60', 'x95', 'x55', 'x26', 'x75', 'x52', 'x70', 'x37', 'x50', 'x69']","[0.6993877926414315, 0.6923547302201838, 0.6841606136149587, 0.6760549474824669, 0.668066212771957, 0.6603061957982601, 0.6525888359453943, 0.6449118127674174, 0.6372566892281759, 0.6296462939023147, 0.6220475503420043, 0.6145141689708458, 0.6069869057067179, 0.599473139014685, 0.5919710690370905, 0.584483964552426, 0.5770291089423696, 0.5695795512907632, 0.5621433636645569, 0.5547131100622288, 0.5473061182268354, 0.5399020807752214, 0.5325415782723695, 0.5252350401123409, 0.5179390914245808, 0.5106468210469051, 0.5033619973563773, 0.4960978258309822, 0.48883767618291674, 0.4815965883594432, 0.4743700841921075, 0.46714959017640734, 0.4599414410104559, 0.45275093861373006, 0.44556783300802544, 0.43839161916897124, 0.4312547934458725, 0.42413823459819794, 0.41703621471361085, 0.40994490122165966, 0.4028548818839765, 0.39576685006192147, 0.3886796734649601, 0.3816071614470994, 0.3745407302959441, 0.3674816942448609, 0.36043563879552937, 0.3533956719233218, 0.3463705788317396, 0.339833753940379, 0.3328165280159663, 0.3258021277494821, 0.3187889890067983, 0.31178263211630447, 0.3048241102923317, 0.29788545654030746, 0.2909905542993105, 0.2841099123495208, 0.2772406560548585, 0.2703882755992842, 0.26353995987556716, 0.2566981160871433, 0.24986941690343875, 0.24304929341507664, 0.2362340950722697, 0.2294222619992529, 0.22263195347815898, 0.21586360188107456, 0.2091162143225581, 0.2023828873725321, 0.1956551468876831, 0.1889445289037249, 0.1822393012900113, 0.17556384687061538, 0.16889344235609577, 0.16226442347743397, 0.15565619081206955, 0.14906353404941305, 0.14248959579321127, 0.13593981876672168, 0.1294044674745327, 0.12288776388580709, 0.11639691214418794, 0.10993343094335992, 0.10369724674991235, 0.09731861488579938, 0.09096831351284844, 0.08467411125581771, 0.07841869930758784, 0.07222371657946436, 0.06609720278756116, 0.060091075646109146, 0.05418329753194507, 0.04859891419150711, 0.043065434286480006, 0.03786893337210826, 0.03318919756200857, 0.02896852982385006, 0.025738045802670074, 0.023447619904010814, 0.022468064030335067]",EGB_XGB_GAM_RANDOM_RANDOM,synthetic_ordering100,1,5,42,150
"['offset', 'x36', 'x77', 'x7', 'x17', 'x32', 'x59', 'x43', 'x99', 'x81', 'x48', 'x42', 'x41', 'x35', 'x24', 'x21', 'x9', 'x91', 'x22', 'x94', 'x38', 'x82', 'x56', 'x2', 'x28', 'x92', 'x23', 'x97', 'x8', 'x71', 'x12', 'x80', 'x11', 'x33', 'x51', 'x72', 'x44', 'x34', 'x68', 'x18', 'x46', 'x13', 'x30', 'x78', 'x14', 'x100', 'x45', 'x76', 'x83', 'x66', 'x29', 'x53', 'x62', 'x96', 'x87', 'x86', 'x58', 'x27', 'x85', 'x54', 'x6', 'x73', 'x64', 'x65', 'x10', 'x49', 'x88', 'x31', 'x89', 'x25', 'x61', 'x1', 'x3', 'x79', 'x90', 'x57', 'x39', 'x15', 'x84', 'x5', 'x20', 'x63', 'x40', 'x93', 'x47', 'x16', 'x19', 'x4', 'x74', 'x98', 'x60', 'x67', 'x95', 'x55', 'x26', 'x75', 'x52', 'x70', 'x37', 'x50', 'x69']","[0.7132502859334683, 0.7060385957912773, 0.6976262101308492, 0.689379975556329, 0.6812046129138603, 0.6732586065902548, 0.6653454168929455, 0.6574901303102323, 0.6496805494804812, 0.641872524263845, 0.6341077476769936, 0.6263449279168052, 0.6185881230905395, 0.6108349118654954, 0.6031344330979975, 0.5954941425850647, 0.5878843808757149, 0.580282261033525, 0.5726860999606832, 0.5650938403588873, 0.5575226189526157, 0.5499721266420103, 0.5424555325924074, 0.5349532846609023, 0.5274616927424276, 0.5199735580843039, 0.5125079013141732, 0.5050627144093699, 0.4976264444526917, 0.49019911440532166, 0.48281605769688724, 0.4754354442339922, 0.4680601480745185, 0.46069193116997853, 0.4533335964393101, 0.44597598268332195, 0.43867779093016407, 0.43139330233660894, 0.42411567729122057, 0.4168763657537722, 0.40963772935156484, 0.40241035532269315, 0.39519083782736114, 0.3879754168834874, 0.38076360815904403, 0.3735552951483731, 0.3669604922352801, 0.35975991988359424, 0.35256141659728274, 0.3453698607171273, 0.3381908295693464, 0.3310201333369616, 0.32385238013464074, 0.3167183140394013, 0.3095972707508466, 0.30253465784003003, 0.2955142259857974, 0.2884965640910199, 0.28148207256027696, 0.2744808267709668, 0.26748306384794324, 0.2604949499757583, 0.2535166901633175, 0.24654579444778474, 0.23957819240117786, 0.23261577069853115, 0.2256625070070414, 0.2187226443214017, 0.21179763116933353, 0.20489571584788285, 0.1980071080926188, 0.19112742822965292, 0.18425524606415922, 0.17739031948848955, 0.17058319645672443, 0.1637842190103426, 0.15701837566856133, 0.1502607956373433, 0.14354324606849225, 0.1368472512182334, 0.130189601266826, 0.1235449465051196, 0.11692523766095418, 0.11032514611392036, 0.1037439650761771, 0.0971971221209302, 0.0907224194110138, 0.08430167202406681, 0.07792245007843511, 0.07158601227458031, 0.06540901877338304, 0.05920773580126613, 0.05310649413310691, 0.04732080994738323, 0.0416227310061793, 0.036252065978608077, 0.0313771424537192, 0.027071827239345182, 0.023826800999269752, 0.02169245856310324, 0.021110119427599574]",EGB_XGB_GAM_RANDOM_RANDOM,synthetic_ordering100,2,5,42,150
"['offset', 'x36', 'x77', 'x7', 'x17', 'x59', 'x32', 'x99', 'x42', 'x43', 'x81', 'x41', 'x48', 'x35', 'x22', 'x9', 'x38', 'x21', 'x82', 'x94', 'x91', 'x24', 'x56', 'x2', 'x28', 'x12', 'x92', 'x23', 'x71', 'x33', 'x11', 'x8', 'x97', 'x80', 'x51', 'x34', 'x72', 'x78', 'x14', 'x68', 'x44', 'x30', 'x45', 'x29', 'x18', 'x53', 'x76', 'x46', 'x83', 'x62', 'x13', 'x66', 'x100', 'x96', 'x87', 'x27', 'x58', 'x54', 'x6', 'x73', 'x64', 'x49', 'x86', 'x85', 'x10', 'x65', 'x31', 'x88', 'x3', 'x61', 'x1', 'x25', 'x89', 'x79', 'x90', 'x39', 'x15', 'x57', 'x84', 'x20', 'x63', 'x5', 'x93', 'x40', 'x47', 'x74', 'x98', 'x4', 'x16', 'x19', 'x67', 'x60', 'x55', 'x95', 'x26', 'x75', 'x70', 'x52', 'x37', 'x50', 'x69']","[0.7174612742975268, 0.7102884396105105, 0.7018878865803503, 0.6936337082247006, 0.685426123294791, 0.677497954988269, 0.669573093392598, 0.6616643696612555, 0.6538148552112846, 0.6460014707917224, 0.6381943111699321, 0.6304290198425098, 0.6227041699279271, 0.6149886520262053, 0.6072777343769924, 0.599626499924421, 0.5919816278371451, 0.5843784206181576, 0.5767863573702197, 0.5692156969419463, 0.5616485463786592, 0.5540887693432749, 0.5465321022383418, 0.5390150449138298, 0.5315242097393021, 0.5240478756421083, 0.516612457742058, 0.5091794649131038, 0.501747745077096, 0.4943201156089374, 0.4868997303463301, 0.47948764881916855, 0.47207580275911676, 0.4646824397324031, 0.4573205903913388, 0.449968616143966, 0.4426608049081665, 0.4353561946714325, 0.4280655899582631, 0.42078297632763706, 0.41350752086264797, 0.4062385243549664, 0.3989899981667216, 0.391747793062519, 0.38450773796991466, 0.37728896594851247, 0.3700748706633166, 0.36286481084222966, 0.35565727291812677, 0.348454229735617, 0.3412601371717752, 0.3340763590314492, 0.32689694825135196, 0.32024636853321287, 0.3131105027070396, 0.3060208261541237, 0.2989616699503256, 0.29190371616391697, 0.28486084106038567, 0.27783861179410313, 0.27081914942275337, 0.2638155620000206, 0.25681775785568184, 0.24982699867445438, 0.24284513558573428, 0.23586938366398688, 0.22889730839636604, 0.22194178545168028, 0.2149912171473888, 0.20804507511194534, 0.20112809858029937, 0.1942137362698418, 0.18731439666968636, 0.1804417084617357, 0.17357786761723726, 0.16678962731965893, 0.16001096320543975, 0.1532473469755258, 0.1465158412007045, 0.13979378453317556, 0.13309992510891958, 0.12643382193125421, 0.11979242640341843, 0.11316336122666001, 0.10657420637144217, 0.10001253898544264, 0.09349629111644245, 0.08717006678680242, 0.08072122741050855, 0.07433494027996884, 0.06799646431676255, 0.06174265147094858, 0.05556872970522044, 0.049580083126944036, 0.043866377189042086, 0.038342415238271095, 0.03326097423639579, 0.02892289976474468, 0.025024252809495932, 0.022275979674836143, 0.020950840332796483]",EGB_XGB_GAM_RANDOM_RANDOM,synthetic_ordering100,3,5,42,150
"['offset', 'x36', 'x77', 'x7', 'x17', 'x32', 'x59', 'x99', 'x42', 'x43', 'x48', 'x81', 'x35', 'x41', 'x9', 'x22', 'x24', 'x82', 'x21', 'x91', 'x94', 'x38', 'x2', 'x56', 'x33', 'x28', 'x23', 'x71', 'x92', 'x12', 'x8', 'x97', 'x11', 'x80', 'x51', 'x72', 'x34', 'x68', 'x78', 'x46', 'x14', 'x18', 'x44', 'x53', 'x45', 'x66', 'x30', 'x13', 'x29', 'x83', 'x100', 'x76', 'x62', 'x96', 'x87', 'x73', 'x54', 'x58', 'x27', 'x64', 'x49', 'x86', 'x10', 'x6', 'x85', 'x3', 'x1', 'x61', 'x88', 'x65', 'x31', 'x25', 'x89', 'x79', 'x39', 'x90', 'x57', 'x15', 'x63', 'x84', 'x20', 'x93', 'x40', 'x5', 'x47', 'x16', 'x4', 'x74', 'x98', 'x60', 'x19', 'x67', 'x95', 'x55', 'x75', 'x26', 'x52', 'x70', 'x37', 'x50', 'x69']","[0.7001086674469982, 0.6930688232507793, 0.6848162492099813, 0.676693398511104, 0.6686739862352834, 0.6608592628525398, 0.6530991520762145, 0.6453398646710028, 0.6376290231130094, 0.6299672242655502, 0.6223144056484917, 0.6147193274770546, 0.6071294814237329, 0.5995774222636817, 0.592035296404591, 0.5845460369525467, 0.5770689890800522, 0.5695975579972449, 0.5621571279525939, 0.5547240671165169, 0.5473093579322355, 0.5398982912887101, 0.5324885057753374, 0.5251357367539875, 0.5177873270746289, 0.5104637459969122, 0.5031455951625098, 0.4958292526425984, 0.4885160963599507, 0.48125158361078696, 0.473999063680561, 0.46674731694857874, 0.45949780352015085, 0.4522586233646275, 0.4450342197645191, 0.4378207427850214, 0.43067682041759237, 0.42354460461864046, 0.41642147981862787, 0.4093026601719185, 0.4021865644749331, 0.39507875368884776, 0.3879771971613696, 0.38089657052506404, 0.3738171742931143, 0.3667411495984267, 0.35966739685401555, 0.35260105703923916, 0.3455366510342101, 0.338479009949128, 0.3314223764631088, 0.32492807935984813, 0.31790549365238785, 0.31091704671241044, 0.3039440356289766, 0.29699418620011553, 0.2900859262630604, 0.2831808979441104, 0.27628393210516283, 0.2693883388433664, 0.26249653942597334, 0.2556470488938535, 0.24880351645199938, 0.2419616701815785, 0.23513098290720838, 0.22830235390440745, 0.2215167192486977, 0.21473547702457435, 0.20795641597945475, 0.20118062598464206, 0.19441025800697606, 0.18764492612331982, 0.18090206492928448, 0.17416541560283655, 0.16745435126679567, 0.1607992912606196, 0.1541486319354447, 0.14753346096682327, 0.1409381695585838, 0.1343528231193305, 0.12778878037339855, 0.12123382937026242, 0.11471603032604892, 0.10823139850483543, 0.1017602052047585, 0.09533557260192595, 0.0889345486971084, 0.08258158373822291, 0.07627363973009159, 0.07010979914054827, 0.06393813192951361, 0.05783382806253391, 0.051814240699871776, 0.046056512124966226, 0.04038485002591707, 0.03515034669577541, 0.030158095059593378, 0.025788628161623348, 0.022452761658678353, 0.02020626098154605, 0.019528496065512962]",EGB_XGB_GAM_RANDOM_RANDOM,synthetic_ordering100,4,5,42,150
"['offset', 'x579', 'x64', 'x799', 'x527', 'x77', 'x903', 'x424', 'x170', 'x676', 'x655', 'x704', 'x420', 'x634', 'x673', 'x94', 'x504', 'x964', 'x954', 'x229', 'x851', 'x362', 'x19', 'x831', 'x871', 'x786', 'x758', 'x174', 'x665', 'x997', 'x460', 'x142', 'x666', 'x465', 'x975', 'x781', 'x927', 'x440', 'x17', 'x116', 'x462', 'x12', 'x790', 'x13', 'x991', 'x847', 'x846', 'x646', 'x342', 'x913', 'x448', 'x890', 'x823', 'x394', 'x616', 'x951', 'x23', 'x264', 'x732', 'x619', 'x784', 'x932', 'x475', 'x267', 'x36', 'x541', 'x761', 'x240', 'x427', 'x869', 'x42', 'x551', 'x897', 'x337', 'x320', 'x321', 'x355', 'x288', 'x212', 'x801', 'x645', 'x911', 'x459', 'x937', 'x209', 'x936', 'x522', 'x995', 'x265', 'x818', 'x121', 'x583', 'x478', 'x780', 'x562', 'x425', 'x67', 'x610', 'x319', 'x303', 'x216', 'x763', 'x432', 'x525', 'x407', 'x896', 'x57', 'x993', 'x998', 'x577', 'x261', 'x848', 'x145', 'x916', 'x106', 'x928', 'x361', 'x185', 'x557', 'x795', 'x734', 'x128', 'x147', 'x854', 'x686', 'x745', 'x891', 'x670', 'x92', 'x941', 'x132', 'x868', 'x164', 'x398', 'x762', 'x195', 'x894', 'x952', 'x986', 'x556', 'x113', 'x723', 'x971', 'x204', 'x103', 'x485', 'x821', 'x58', 'x254', 'x86', 'x684', 'x521', 'x3', 'x519', 'x477', 'x900', 'x977', 'x87', 'x948', 'x905', 'x693', 'x620', 'x875', 'x938', 'x886', 'x994', 'x100', 'x565', 'x144', 'x596', 'x967', 'x643', 'x538', 'x181', 'x84', 'x383', 'x149', 'x929', 'x430', 'x814', 'x893', 'x409', 'x794', 'x350', 'x582', 'x741', 'x134', 'x31', 'x335', 'x192', 'x809', 'x717', 'x307', 'x41', 'x152', 'x766', 'x669', 'x418', 'x247', 'x606', 'x935', 'x444', 'x329', 'x737', 'x376', 'x178', 'x353', 'x884', 'x720', 'x390', 'x816', 'x921', 'x334', 'x366', 'x306', 'x679', 'x721', 'x89', 'x811', 'x963', 'x250', 'x104', 'x828', 'x888', 'x118', 'x584', 'x429', 'x668', 'x640', 'x191', 'x901', 'x333', 'x336', 'x960', 'x604', 'x810', 'x66', 'x981', 'x450', 'x870', 'x177', 'x395', 'x765', 'x834', 'x114', 'x628', 'x293', 'x5', 'x484', 'x166', 'x463', 'x912', 'x223', 'x131', 'x787', 'x241', 'x500', 'x322', 'x323', 'x184', 'x623', 'x566', 'x613', 'x363', 'x578', 'x956', 'x217', 'x826', 'x11', 'x385', 'x47', 'x627', 'x558', 'x571', 'x290', 'x469', 'x807', 'x622', 'x564', 'x774', 'x213', 'x772', 'x739', 'x589', 'x74', 'x190', 'x14', 'x808', 'x850', 'x709', 'x416', 'x433', 'x372', 'x370', 'x652', 'x874', 'x227', 'x183', 'x599', 'x412', 'x153', 'x421', 'x892', 'x574', 'x730', 'x273', 'x793', 'x773', 'x982', 'x314', 'x449', 'x286', 'x633', 'x48', 'x592', 'x26', 'x908', 'x548', 'x862', 'x832', 'x861', 'x650', 'x318', 'x51', 'x270', 'x637', 'x271', 'x159', 'x380', 'x549', 'x567', 'x298', 'x922', 'x705', 'x6', 'x776', 'x978', 'x624', 'x193', 'x788', 'x516', 'x417', 'x587', 'x785', 'x798', 'x663', 'x819', 'x591', 'x866', 'x56', 'x453', 'x687', 'x189', 'x391', 'x305', 'x543', 'x804', 'x499', 'x588', 'x898', 'x550', 'x674', 'x953', 'x326', 'x775', 'x744', 'x873', 'x572', 'x285', 'x72', 'x767', 'x200', 'x435', 'x621', 'x252', 'x367', 'x381', 'x90', 'x696', 'x569', 'x915', 'x206', 'x840', 'x838', 'x575', 'x827', 'x468', 'x618', 'x641', 'x479', 'x729', 'x441', 'x725', 'x95', 'x176', 'x138', 'x130', 'x364', 'x698', 'x742', 'x268', 'x297', 'x534', 'x35', 'x789', 'x825', 'x860', 'x724', 'x593', 'x719', 'x708', 'x211', 'x536', 'x205', 'x688', 'x279', 'x595', 'x354', 'x33', 'x357', 'x54', 'x703', 'x940', 'x753', 'x511', 'x351', 'x675', 'x754', 'x701', 'x232', 'x226', 'x731', 'x824', 'x647', 'x561', 'x7', 'x218', 'x770', 'x714', 'x338', 'x248', 'x141', 'x148', 'x651', 'x60', 'x339', 'x330', 'x359', 'x231', 'x325', 'x251', 'x392', 'x855', 'x406', 'x371', 'x706', 'x140', 'x695', 'x983', 'x895', 'x122', 'x455', 'x877', 'x278', 'x881', 'x331', 'x783', 'x530', 'x443', 'x957', 'x349', 'x756', 'x230', 'x727', 'x91', 'x386', 'x626', 'x849', 'x162', 'x531', 'x523', 'x404', 'x902', 'x885', 'x49', 'x931', 'x111', 'x327', 'x135', 'x539', 'x999', 'x214', 'x451', 'x942', 'x236', 'x242', 'x642', 'x771', 'x98', 'x924', 'x295', 'x792', 'x764', 'x755', 'x833', 'x555', 'x586', 'x976', 'x876', 'x234', 'x791', 'x277', 'x712', 'x736', 'x294', 'x533', 'x512', 'x476', 'x168', 'x540', 'x52', 'x694', 'x414', 'x835', 'x69', 'x573', 'x779', 'x526', 'x943', 'x272', 'x311', 'x979', 'x9', 'x990', 'x716', 'x126', 'x53', 'x700', 'x389', 'x492', 'x692', 'x219', 'x858', 'x282', 'x544', 'x259', 'x196', 'x378', 'x498', 'x447', 'x576', 'x493', 'x509', 'x78', 'x426', 'x653', 'x532', 'x598', 'x99', 'x689', 'x239', 'x249', 'x123', 'x494', 'x974', 'x917', 'x947', 'x830', 'x968', 'x415', 'x396', 'x215', 'x233', 'x105', 'x958', 'x707', 'x167', 'x513', 'x59', 'x864', 'x612', 'x690', 'x466', 'x889', 'x346', 'x262', 'x280', 'x805', 'x984', 'x81', 'x457', 'x945', 'x315', 'x125', 'x291', 'x836', 'x883', 'x471', 'x944', 'x841', 'x109', 'x413', 'x39', 'x800', 'x661', 'x491', 'x865', 'x520', 'x50', 'x580', 'x691', 'x163', 'x615', 'x487', 'x199', 'x560', 'x777', 'x603', 'x629', 'x757', 'x659', 'x287', 'x748', 'x124', 'x685', 'x750', 'x82', 'x289', 'x515', 'x470', 'x930', 'x158', 'x464', 'x117', 'x844', 'x352', 'x635', 'x96', 'x201', 'x636', 'x966', 'x768', 'x283', 'x728', 'x143', 'x260', 'x85', 'x422', 'x107', 'x467', 'x678', 'x83', 'x747', 'x243', 'x434', 'x988', 'x224', 'x514', 'x182', 'x221', 'x348', 'x857', 'x328', 'x608', 'x408', 'x161', 'x503', 'x815', 'x399', 'x542', 'x256', 'x115', 'x21', 'x639', 'x188', 'x382', 'x751', 'x925', 'x393', 'x2', 'x597', 'x146', 'x220', 'x528', 'x46', 'x822', 'x154', 'x657', 'x155', 'x992', 'x752', 'x71', 'x697', 'x950', 'x373', 'x980', 'x324', 'x27', 'x343', 'x175', 'x369', 'x718', 'x228', 'x63', 'x198', 'x110', 'x160', 'x428', 'x344', 'x44', 'x263', 'x910', 'x664', 'x497', 'x439', 'x454', 'x535', 'x919', 'x129', 'x437', 'x614', 'x157', 'x431', 'x332', 'x648', 'x108', 'x743', 'x37', 'x384', 'x845', 'x401', 'x899', 'x554', 'x702', 'x16', 'x508', 'x22', 'x28', 'x340', 'x93', 'x313', 'x909', 'x452', 'x715', 'x246', 'x972', 'x609', 'x474', 'x547', 'x302', 'x269', 'x225', 'x1000', 'x879', 'x486', 'x45', 'x379', 'x341', 'x274', 'x119', 'x438', 'x24', 'x299', 'x387', 'x137', 'x713', 'x222', 'x472', 'x660', 'x458', 'x682', 'x8', 'x630', 'x203', 'x25', 'x970', 'x907', 'x496', 'x759', 'x79', 'x872', 'x797', 'x803', 'x151', 'x20', 'x559', 'x10', 'x316', 'x301', 'x388', 'x867', 'x735', 'x4', 'x581', 'x959', 'x410', 'x127', 'x829', 'x887', 'x506', 'x80', 'x136', 'x939', 'x210', 'x445', 'x856', 'x782', 'x482', 'x711', 'x245', 'x150', 'x345', 'x156', 'x632', 'x563', 'x258', 'x733', 'x880', 'x602', 'x722', 'x649', 'x699', 'x165', 'x904', 'x906', 'x65', 'x517', 'x317', 'x985', 'x368', 'x76', 'x989', 'x501', 'x537', 'x863', 'x473', 'x309', 'x304', 'x255', 'x631', 'x284', 'x179', 'x545', 'x667', 'x197', 'x483', 'x446', 'x839', 'x749', 'x973', 'x253', 'x187', 'x969', 'x40', 'x495', 'x654', 'x411', 'x955', 'x442', 'x987', 'x244', 'x546', 'x607', 'x347', 'x34', 'x529', 'x296', 'x266', 'x423', 'x600', 'x961', 'x15', 'x552', 'x672', 'x502', 'x194', 'x73', 'x68', 'x375', 'x292', 'x308', 'x1', 'x813', 'x853', 'x710', 'x62', 'x360', 'x683', 'x812', 'x524', 'x510', 'x585', 'x169', 'x760', 'x590', 'x837', 'x677', 'x553', 'x61', 'x949', 'x738', 'x281', 'x139', 'x365', 'x38', 'x400', 'x29', 'x878', 'x843', 'x656', 'x112', 'x644', 'x490', 'x436', 'x133', 'x208', 'x778', 'x769', 'x965', 'x796', 'x32', 'x594', 'x740', 'x934', 'x43', 'x207', 'x914', 'x238', 'x88', 'x505', 'x377', 'x638', 'x102', 'x671', 'x806', 'x300', 'x601', 'x946', 'x172', 'x658', 'x97', 'x461', 'x625', 'x275', 'x101', 'x923', 'x237', 'x820', 'x726', 'x180', 'x859', 'x611', 'x310', 'x70', 'x456', 'x30', 'x933', 'x996', 'x605', 'x518', 'x171', 'x488', 'x186', 'x480', 'x405', 'x680', 'x920', 'x817', 'x257', 'x568', 'x842', 'x570', 'x882', 'x489', 'x55', 'x918', 'x852', 'x662', 'x18', 'x397', 'x374', 'x746', 'x419', 'x481', 'x75', 'x276', 'x358', 'x312', 'x173', 'x507', 'x681', 'x802', 'x120', 'x962', 'x926', 'x356', 'x617', 'x235', 'x202', 'x403', 'x402']","[0.7023820540789875, 0.7017842651022193, 0.7004299098174499, 0.6991510693887549, 0.6979371387439509, 0.6967825127218332, 0.69563866238965, 0.6945116303880872, 0.6933897603809395, 0.692280380956214, 0.6912034753300452, 0.6901341565348619, 0.6890730921284556, 0.6880156059762093, 0.686959949682025, 0.6859089230658502, 0.6848727103843752, 0.6838383983922534, 0.682807010417922, 0.6817765575373, 0.6807497829285072, 0.6797259141443349, 0.6787032414925169, 0.677685308004467, 0.6766719320337045, 0.6756595753678282, 0.6746482294514705, 0.6736374416474596, 0.6726283148319071, 0.6716236880253161, 0.6706242317901582, 0.6696259611856538, 0.6686326837415931, 0.6676397626241103, 0.6666486512660542, 0.6656585916444678, 0.664672352870556, 0.6636916287448278, 0.6627128544686511, 0.6617354884369476, 0.6607633089963886, 0.6597948015212225, 0.6588283559971765, 0.6578642866955318, 0.6569063811146982, 0.6559508764368163, 0.6549968866074978, 0.6540449778343335, 0.6530934877823116, 0.6521434313499422, 0.6511934069139169, 0.6502437554721608, 0.649298916181647, 0.6483545815984447, 0.6474116779927102, 0.6464697810823169, 0.6455282499045024, 0.6445869059730183, 0.6436463764235819, 0.642706235755704, 0.6417675514158, 0.6408314069958926, 0.6398955061956073, 0.6389599301997727, 0.6380246684112396, 0.6370901573855118, 0.6361562485061396, 0.6352237352136793, 0.634294281407561, 0.6333676397724944, 0.6324435060685901, 0.6315199760498893, 0.6305965846518345, 0.6296732196363948, 0.6287510703492621, 0.6278293480424122, 0.6269085249169607, 0.6259880221682916, 0.625067933763249, 0.6241481895267657, 0.623230349142352, 0.6223154985906779, 0.621401009733032, 0.6204869939671724, 0.6195753143855763, 0.6186637302570567, 0.6177528134556184, 0.6168424007785177, 0.6159324960510234, 0.6150237556591523, 0.6141181695982152, 0.6132127710596116, 0.6123079211095603, 0.6114071335163869, 0.6105064780167123, 0.6096065143703422, 0.6087073312229309, 0.6078090081199656, 0.60691170348602, 0.6060147916963997, 0.6051187140063422, 0.6042226986285025, 0.6033278439757945, 0.6024333923177204, 0.601539480762955, 0.6006469597377789, 0.599754568614451, 0.5988626304738691, 0.5979730999991512, 0.5970841264568427, 0.5961953841041449, 0.595306828473563, 0.5944194769006089, 0.5935325019688547, 0.5926463876011157, 0.5917616331827236, 0.5908769876017634, 0.5899924380583762, 0.5891085481424004, 0.5882260786509569, 0.5873470144596062, 0.5864683004462947, 0.5855913442656451, 0.5847165043525536, 0.5838420017831174, 0.5829676853288307, 0.5820934670983794, 0.5812199757993741, 0.5803467757311429, 0.5794739457597256, 0.5786025467923528, 0.5777329078351873, 0.5768639681081775, 0.5759957012859261, 0.5751277975467549, 0.5742604138566774, 0.5733947727804659, 0.5725310331075527, 0.5716674029366823, 0.5708043009749265, 0.56994122804816, 0.5690781729454804, 0.5682158648626225, 0.56735426377192, 0.566494862190595, 0.5656370662618445, 0.5647794319469369, 0.5639221685020875, 0.5630657102272031, 0.5622098017554866, 0.5613539767021383, 0.5604988738790275, 0.5596442615007353, 0.5587909199136329, 0.5579377696041444, 0.5570857746008188, 0.5562355786503509, 0.555386898613978, 0.5545390218095152, 0.5536912746353417, 0.5528442742866444, 0.5519976923854099, 0.5511512204415523, 0.5503049253235414, 0.5494589678722654, 0.5486139986649772, 0.5477693444188425, 0.5469269645109583, 0.5460846054337083, 0.5452425417934214, 0.5444007113588705, 0.5435593208355856, 0.542718902434536, 0.5418802366207998, 0.5410420980548443, 0.5402043296929839, 0.5393669663446562, 0.5385305894744472, 0.5376942291234558, 0.5368582309442322, 0.5360224969693184, 0.5351869151437006, 0.5343521768056347, 0.5335174872041394, 0.532683656514411, 0.5318498439466636, 0.5310168226068758, 0.5301849587525572, 0.5293534236997912, 0.528522316816699, 0.5276957377108306, 0.5268702240699668, 0.5260458365840586, 0.5252215128813784, 0.5243972814756807, 0.5235732622668965, 0.5227493221554484, 0.521926212167913, 0.521103747107346, 0.5202815285878407, 0.51946070981131, 0.5186408205869579, 0.5178216625695318, 0.517003814641755, 0.5161860425838056, 0.5153685934176523, 0.5145514118689226, 0.5137345405591427, 0.5129181249882584, 0.512102479597958, 0.5112868944798103, 0.5104713195995513, 0.5096559309485892, 0.5088408425870358, 0.5080259775152415, 0.5072113492322636, 0.5063973531419848, 0.5055841876949178, 0.5047711964342374, 0.5039593915293752, 0.5031477701812809, 0.5023363804792431, 0.5015250588080146, 0.5007142075362656, 0.49990340821784485, 0.49909272251313863, 0.4982822250791536, 0.4974720974010629, 0.49666207596154865, 0.49585237092270223, 0.4950427936063866, 0.49423340857170983, 0.4934240476005905, 0.492615959073719, 0.4918079567725244, 0.49100025734807873, 0.4901935202436101, 0.48938680471016927, 0.48858031068128477, 0.4877741491382263, 0.4869685692510913, 0.48616315814967603, 0.4853582412152051, 0.48455475000627224, 0.48375130320317905, 0.48294863387912035, 0.482146309476678, 0.48134425457987035, 0.48054334630824874, 0.47974334213168324, 0.4789442627864924, 0.47814744044707796, 0.4773516847676184, 0.47655649475318657, 0.47576184530738774, 0.4749673252710315, 0.4741736190114645, 0.473379929368914, 0.47258685992397725, 0.4717942717441017, 0.4710019067118992, 0.4702107186544951, 0.4694197916027009, 0.4686289355618667, 0.46783854406420905, 0.4670489441831754, 0.4662594792857193, 0.4654710017621517, 0.46468267247895323, 0.463894378551081, 0.46310686239095866, 0.46231952824324124, 0.46153237035043193, 0.46074548381383845, 0.459959559277266, 0.4591737889564965, 0.45838843460147166, 0.4576034124537308, 0.45682013744479744, 0.4560374432752207, 0.4552551681097774, 0.45447417287225256, 0.4536932113084784, 0.45291292508926195, 0.4521328276708805, 0.4513528073507905, 0.4505727931171558, 0.4497936051665455, 0.44901463405251385, 0.44823578850102247, 0.4474573750396791, 0.44667899212552814, 0.4459014982676196, 0.4451242267332301, 0.444347017400412, 0.4435700638140082, 0.44279380870763985, 0.4420181514795304, 0.4412438141566088, 0.44046966669077975, 0.43969623946769154, 0.4389230711131717, 0.43815022109273194, 0.4373775918619596, 0.43660589844473574, 0.4358355768722804, 0.4350660366887276, 0.4342965527915082, 0.43352724270446286, 0.43275836714706717, 0.43198955004334133, 0.431221068259474, 0.43045294345218743, 0.42968485494357567, 0.4289171497873074, 0.4281497146668805, 0.4273825520632539, 0.4266160972042664, 0.4258507125491245, 0.42508556667410496, 0.4243210850127415, 0.4235572712846401, 0.4227939790178877, 0.4220308242293761, 0.42126779287083943, 0.4205052605836025, 0.41974280597914626, 0.41898043081586817, 0.41821815151421193, 0.4174560785314788, 0.41669402788162635, 0.4159322611016313, 0.41517172558864074, 0.4144114669041154, 0.41365181169352494, 0.4128922973829325, 0.41213350661023174, 0.41137501051755704, 0.4106174248873151, 0.40986017590363616, 0.4091032381548411, 0.4083463952241165, 0.40759086869327105, 0.4068357160478263, 0.40608065356504663, 0.40532620565577115, 0.4045727114386823, 0.4038193478995739, 0.4030660753720492, 0.4023129185708918, 0.401559837636014, 0.40080753698965355, 0.4000556255937638, 0.3993041666995074, 0.3985529980814029, 0.3978018394424092, 0.39705083669697544, 0.3963014874790989, 0.39555219392495805, 0.39480292388398525, 0.3940539791723989, 0.3933056816031452, 0.39255798588215635, 0.39181073034821423, 0.39106370184974265, 0.3903169676264483, 0.3895704303500698, 0.3888248737599085, 0.38807970890103893, 0.3873345893805188, 0.38659011877341437, 0.38584618633764983, 0.3851023440541393, 0.384358685030796, 0.38361589448999245, 0.38287326254905213, 0.38213069904116, 0.38138825954148253, 0.3806462353154319, 0.3799043680284826, 0.3791630708083726, 0.37842207981957876, 0.37768171285376734, 0.37694141206018605, 0.3762013600038422, 0.3754613652651645, 0.37472138763995494, 0.37398142359188447, 0.37324182109383436, 0.37250232428402535, 0.37176421254162256, 0.3710269531073696, 0.37029106399320216, 0.36955520529791563, 0.3688199051832248, 0.3680860633972769, 0.36735223082391205, 0.3666184934462338, 0.3658847760331262, 0.3651521428968018, 0.36442039801191173, 0.3636887217974968, 0.3629572880880022, 0.36222604058400326, 0.3614950195931088, 0.36076409889653116, 0.36003330610476625, 0.3593031752406442, 0.358574082306208, 0.35784511800011615, 0.35711616150328124, 0.3563873137332754, 0.35565861890849, 0.35493184907813197, 0.3542051990708019, 0.35347870308193147, 0.35275264258675915, 0.35202662786126154, 0.3513010162101082, 0.35057582844573254, 0.34985093633225356, 0.3491260984806271, 0.34840243979325386, 0.34767924912286113, 0.346956121183017, 0.34623337271614507, 0.34551068250295636, 0.3447889414895114, 0.34406733888388186, 0.34334612086548905, 0.34262499884667036, 0.3419050936306867, 0.3411852200443323, 0.3404653694717146, 0.33974553927934714, 0.3390258041694942, 0.3383079825639009, 0.33759050670342244, 0.3368737971192451, 0.3361572192027167, 0.33544089378919, 0.3347250753741523, 0.33400942335087164, 0.33329409017607436, 0.33257903169698155, 0.331864115031031, 0.3311494302099801, 0.3304355783397652, 0.32972238395085696, 0.3290094379838646, 0.32829662425159967, 0.32758493786016396, 0.3268734531078764, 0.32616237600694625, 0.3254516703755488, 0.3247413528596597, 0.3240312556391239, 0.3233215844616069, 0.32261222003619594, 0.32190294128562147, 0.3211942377410181, 0.3204858258599432, 0.3197778122503103, 0.31907060784625896, 0.31836356071337824, 0.31765686131614773, 0.3169502915699302, 0.31624419601773857, 0.3155397068078287, 0.31483526050021593, 0.31413191046406763, 0.31342886959267396, 0.31272602454595166, 0.3120232260711749, 0.31132054715858226, 0.3106179712516654, 0.30991549386776285, 0.30921304357625967, 0.3085109560956278, 0.3078093039003228, 0.3071079895797063, 0.3064067135801141, 0.3057059920861042, 0.305006292432774, 0.3043066686348459, 0.30360740596946106, 0.3029093588179776, 0.30221171610493963, 0.30151470412301934, 0.3008182367183248, 0.30012261314455374, 0.29942750313380506, 0.29873263571300224, 0.29803818877291866, 0.29734387649128496, 0.2966495890470236, 0.2959558715106495, 0.2952622810646332, 0.29456908533394344, 0.2938767627218197, 0.29318449382540723, 0.2924925568970348, 0.29180074567620506, 0.29110908253777207, 0.29041766131582336, 0.28972643924788455, 0.28903545366559436, 0.2883447242065594, 0.2876542296116561, 0.28696380907431945, 0.2862736037280397, 0.2855840563557453, 0.28489493805127036, 0.28420595486478184, 0.2835176069864039, 0.2828293769104207, 0.2821413349909371, 0.28145333710918097, 0.2807662237620971, 0.2800792064632791, 0.2793923376849433, 0.2787056570475147, 0.27801967809322364, 0.27733373714776244, 0.2766480952447185, 0.27596269259521006, 0.27527770792866635, 0.27459285081744517, 0.2739087104725106, 0.2732247082486917, 0.2725413057540724, 0.27185880168557647, 0.27117679496096814, 0.2704948748389113, 0.2698134236466497, 0.26913248826159314, 0.26845191677176805, 0.26777249447717394, 0.267093487676889, 0.26641466485006526, 0.265735901521287, 0.2650571951963532, 0.26437919986717523, 0.263701325114437, 0.26302414488979864, 0.26234713833902273, 0.2616702863773911, 0.26099360417964196, 0.2603169443073161, 0.25964052017292627, 0.2589643448154245, 0.25828826381842984, 0.25761237317421437, 0.25693651708585424, 0.2562608494319168, 0.2555856659696289, 0.2549107340893651, 0.25423648254870684, 0.2535632625317676, 0.25289015850714996, 0.25221761163958156, 0.2515453571721466, 0.2508733328262181, 0.25020145877528066, 0.24952969140415457, 0.24885817900722043, 0.2481869325502991, 0.24751574364535692, 0.24684555362442184, 0.2461758985397299, 0.24550671494400814, 0.24483786660706422, 0.24416923484599004, 0.24350082326170894, 0.24283319004268888, 0.24216560180587968, 0.2414983358146868, 0.24083113884818735, 0.2401640308549325, 0.23949707597071773, 0.23883016225485912, 0.23816364521368485, 0.23749790761727552, 0.23683233356305516, 0.23616693230345853, 0.23550193724888618, 0.2348370188282204, 0.2341722086468664, 0.23350744021977946, 0.23284272904151707, 0.2321783915855891, 0.23151553709877218, 0.2308529477260866, 0.23019067432011286, 0.22952872541973832, 0.2288669261794385, 0.22820541267906733, 0.22754423701913967, 0.22688325882943516, 0.2262226184236347, 0.22556227129196943, 0.2249027559866233, 0.2242432728116996, 0.2235841775838659, 0.22292520425706472, 0.22226646999035052, 0.22160774574591935, 0.22094930782838476, 0.22029102151732996, 0.21963343912013156, 0.21897721901843262, 0.21832174091305617, 0.217667013749824, 0.21701311748182686, 0.21635962201697367, 0.2157064263356373, 0.2150534321711957, 0.21440070934330524, 0.21374810379467904, 0.2130959768213062, 0.2124438700455578, 0.2117918787850139, 0.21114036119975976, 0.21048950978234163, 0.2098387915321426, 0.2091883996950736, 0.20853954658080184, 0.20789113662512199, 0.2072428819039245, 0.20659484343713655, 0.20594695988093423, 0.20529925478572741, 0.2046518220330977, 0.20400455867501932, 0.20335784262949108, 0.20271130157851772, 0.2020679940358435, 0.20142479854905973, 0.20078182733029798, 0.20013955459641253, 0.1994977380558893, 0.19885604981477206, 0.1982144038267225, 0.19757434172449315, 0.19693440287663405, 0.1962960920233815, 0.19565809178472693, 0.19502021637414796, 0.19438269264746966, 0.19374530692580372, 0.19310824812170288, 0.19247213732359242, 0.1918363744482043, 0.1912009009269172, 0.19056649836674155, 0.18993244793118913, 0.18929878502857964, 0.1886656705942854, 0.188032806699868, 0.18739998813018877, 0.18676772767820587, 0.1861359464343341, 0.18550550994548592, 0.18487531882941968, 0.18424550156029942, 0.18361653922989513, 0.1829882679900519, 0.18236008441488527, 0.18173244175169057, 0.1811049135145821, 0.1804776073183607, 0.17985117850592353, 0.17922482674111145, 0.1785985676298676, 0.1779730581237292, 0.17734840623005307, 0.17672415059004262, 0.1761001179684177, 0.1754768156780572, 0.1748542530189892, 0.17423171551057254, 0.17360922812953575, 0.17298707670146765, 0.17236507018910863, 0.1717440131815575, 0.17112306832156768, 0.1705023858768456, 0.16988337439194834, 0.1692658733430935, 0.1686491911371205, 0.16803307473542367, 0.16741704900863733, 0.1668018433295029, 0.16618677259855477, 0.1655729613321197, 0.16495925616871596, 0.16434670536432117, 0.16373426444984684, 0.1631221287415544, 0.16251046575814146, 0.1618988827842997, 0.16128776132348224, 0.1606767062522886, 0.1600657827734366, 0.1594556744940439, 0.15884562348264283, 0.15823566340625314, 0.1576260350118906, 0.157016484263034, 0.15640719961986385, 0.15579796532755752, 0.1551893868649442, 0.15458115508012735, 0.15397355054217146, 0.15336605757183383, 0.15275882738570448, 0.15215175553124816, 0.15154507983575047, 0.15093937639701793, 0.1503342992950639, 0.1497294302042418, 0.149125008972671, 0.148521680060896, 0.14791891865738296, 0.14731623050818604, 0.14671368338995977, 0.1461136136481967, 0.1455138707037952, 0.1449150201835216, 0.1443162729853172, 0.14371800785103853, 0.14312000507108957, 0.14252235318581233, 0.14192477884631619, 0.14132776746331768, 0.14073101967662932, 0.14013457695686896, 0.13953904936034311, 0.13894385947326637, 0.1383496405468377, 0.13775568213535802, 0.13716183661410314, 0.13656853507442832, 0.13597539244838036, 0.1353826518486593, 0.1347903826793805, 0.13419834660863544, 0.1336064143893944, 0.1330146215879311, 0.1324230190940874, 0.13183148249191612, 0.13124008427993547, 0.1306492245628338, 0.13017443363314754, 0.1295840522830818, 0.12899442213436835, 0.12840500292499185, 0.12781598295507166, 0.1272278383990001, 0.1266403200069044, 0.1260540062929962, 0.12546772761877523, 0.12488155325241206, 0.12429549114731339, 0.12370972010847162, 0.12312439481897902, 0.12253935069495166, 0.12195452899677346, 0.12137006384934669, 0.12078582301968072, 0.12020171960460592, 0.11961827095981985, 0.11903507747159872, 0.11845204445849727, 0.11786969592787502, 0.11728748321493555, 0.11670604435558146, 0.11612479269498087, 0.11554394155891792, 0.11496379339109256, 0.11438382223330752, 0.11380392052683368, 0.11322415651443751, 0.1126447868442667, 0.11206586027043486, 0.11148762678358613, 0.11090970328858202, 0.11033195102236824, 0.10975512798137106, 0.10917888763945355, 0.10860296318792799, 0.10802742729921505, 0.1074529079714809, 0.10688071351053124, 0.10630909802889307, 0.1057383269051659, 0.10516768165865953, 0.10459718370136503, 0.10402737086472506, 0.10345819936595542, 0.10288961192882565, 0.10232166653529262, 0.1017541853874318, 0.10118738992421294, 0.10062101453987264, 0.10005547880482486, 0.09949065404935208, 0.09892608426716139, 0.09836383722966208, 0.09780262089138007, 0.09724177909992708, 0.09668229786964812, 0.09612300891405105, 0.0955639694686797, 0.09500512645337385, 0.09444658806175239, 0.09388828812725096, 0.09333063145833709, 0.0927737559127081, 0.09221826185564637, 0.09166402827299043, 0.09111029027385739, 0.09055678413053646, 0.09000711390569152, 0.08945807060638009, 0.08890931096187188, 0.08836108071833473, 0.08781386078984794, 0.08726706194407213, 0.08672126834054654, 0.08617569532591213, 0.08563067068066955, 0.08508613494428952, 0.08454184512328479, 0.08399788839562454, 0.0834558213255633, 0.08291526355902769, 0.08237513478369635, 0.08183605712580022, 0.08129777668821936, 0.08076066712264787, 0.08022410715853608, 0.07968823459408723, 0.07915307350507744, 0.07861893141910092, 0.07808561584017647, 0.07755310845514875, 0.07702094268941974, 0.07649010183524628, 0.07595979301874478, 0.07542979946220117, 0.07490033635809976, 0.07437183872517389, 0.07384373065800257, 0.07331626980269869, 0.07278959351454378, 0.07226328149447397, 0.07173749323551704, 0.07121244002405375, 0.07068866058603875, 0.07016528533541218, 0.06964251380501302, 0.06912072469195765, 0.06860010906661354, 0.06808086397840589, 0.06756259387689309, 0.06704518241067137, 0.0665287436823477, 0.06601349402846336, 0.06549878954635126, 0.06498539227660342, 0.06447311844257063, 0.06396177278937415, 0.06345131151912427, 0.06294167781215199, 0.06243308419680367, 0.0619256728337232, 0.06141966555384846, 0.060915191290217795, 0.06041200332787491, 0.0599097848500495, 0.05941043583638997, 0.058911939540792456, 0.05841482050547606, 0.05791844800977447, 0.05742277338921463, 0.05692809978485099, 0.05643438920743271, 0.05594357611722925, 0.05545397478616928, 0.05496550864264466, 0.05447833110034123, 0.05399199843859356, 0.053506892707131375, 0.053023280736035294, 0.052541144583708004, 0.05206071916633479, 0.05158206469923684, 0.05110470807165391, 0.0506291564468819, 0.05015491105154097, 0.04968170482865673, 0.04920949469547988, 0.04873851302929479, 0.04826897390693814, 0.04780235715064571, 0.04733727074289806, 0.0468741375540735, 0.04641270235293147, 0.045952818477132534, 0.04549812048460474, 0.04504488494580518, 0.044594052929043185, 0.04414541418551442, 0.043698185372269674, 0.04325313578441526, 0.042810196781596005, 0.042368585669391015, 0.041929188216313626, 0.041491306099879145, 0.04105545583016023, 0.040621289732674364, 0.04018925512437524, 0.0397604962351929, 0.03933463005672637, 0.0389112384646889, 0.038490210503927764, 0.038071116736067806, 0.03765421189132328, 0.03724030084233822, 0.03682919131136403, 0.0364203420171887, 0.036015070075674414, 0.035612732759527053, 0.03521307360833409, 0.03481613593030652, 0.03442302841243326, 0.03403390463043092, 0.03364926149006376, 0.033267456892806795, 0.03288883300930585, 0.03251360202797809, 0.032141263779190056, 0.031772111089695416, 0.031407016460376, 0.03104569713590844, 0.03068836215652765, 0.030335418004488385, 0.029987086088828524, 0.029643131560422798, 0.02930364424213264, 0.02896849514497366, 0.028638753037613228, 0.028313934185507587, 0.027994048677770295, 0.027681062400834892, 0.027374239876237303, 0.027073188245391712, 0.026857225945818963, 0.02656579876544413, 0.026281333459505476, 0.026003713449121734, 0.02573229515848782, 0.02546649334785505, 0.025206852896496462, 0.024955026893877123, 0.024709032723419348, 0.024472242136073925, 0.024241543333746916, 0.02401826554734896, 0.023802073862513932, 0.02359324645507692, 0.023392958753342186, 0.023200529408140724, 0.023016190582403697, 0.022839670255020258, 0.02267162822276051, 0.02251070599794495, 0.02235773335450919, 0.022215664318172856, 0.022085129352221386, 0.021963544215041333, 0.02184940538589144, 0.02174227394248932, 0.021643153801147005, 0.021554121569674085, 0.021472707586450143, 0.02140112089821912, 0.021339535153951865, 0.02128550656490075, 0.0212386807837962, 0.0211994481670574, 0.021169377253908068, 0.021147710072571317, 0.02113469580343785, 0.02113201282423185, 0.021135673180395304, 0.02115012770838889, 0.02117331096760717, 0.02120340193648809, 0.021252973062964784]",EGB_XGB_GAM_RANDOM_RANDOM,synthetic_ordering1000,0,5,42,150
"['offset', 'x579', 'x64', 'x799', 'x527', 'x77', 'x424', 'x903', 'x170', 'x704', 'x676', 'x655', 'x673', 'x634', 'x964', 'x954', 'x420', 'x229', 'x504', 'x362', 'x94', 'x174', 'x786', 'x460', 'x851', 'x871', 'x831', 'x665', 'x997', 'x666', 'x758', 'x19', 'x142', 'x465', 'x927', 'x462', 'x440', 'x781', 'x116', 'x975', 'x823', 'x847', 'x17', 'x790', 'x13', 'x448', 'x991', 'x23', 'x394', 'x846', 'x732', 'x913', 'x646', 'x616', 'x267', 'x951', 'x784', 'x342', 'x288', 'x12', 'x264', 'x240', 'x42', 'x619', 'x475', 'x551', 'x355', 'x761', 'x337', 'x869', 'x320', 'x937', 'x932', 'x890', 'x897', 'x522', 'x427', 'x212', 'x36', 'x321', 'x67', 'x818', 'x645', 'x541', 'x121', 'x801', 'x319', 'x265', 'x478', 'x936', 'x459', 'x216', 'x425', 'x911', 'x780', 'x209', 'x583', 'x995', 'x145', 'x57', 'x303', 'x562', 'x610', 'x763', 'x896', 'x848', 'x993', 'x432', 'x868', 'x577', 'x164', 'x361', 'x941', 'x185', 'x407', 'x261', 'x525', 'x734', 'x916', 'x106', 'x58', 'x557', 'x132', 'x971', 'x928', 'x686', 'x723', 'x891', 'x398', 'x128', 'x994', 'x986', 'x795', 'x854', 'x998', 'x745', 'x147', 'x894', 'x670', 'x952', 'x204', 'x92', 'x86', 'x103', 'x195', 'x87', 'x905', 'x875', 'x684', 'x485', 'x113', 'x762', 'x596', 'x100', 'x977', 'x3', 'x519', 'x181', 'x938', 'x556', 'x521', 'x565', 'x134', 'x409', 'x967', 'x821', 'x383', 'x335', 'x620', 'x948', 'x538', 'x693', 'x31', 'x741', 'x430', 'x886', 'x418', 'x643', 'x900', 'x814', 'x254', 'x794', 'x178', 'x870', 'x350', 'x84', 'x477', 'x893', 'x144', 'x376', 'x149', 'x809', 'x333', 'x669', 'x118', 'x247', 'x717', 'x192', 'x152', 'x582', 'x960', 'x41', 'x334', 'x929', 'x104', 'x816', 'x191', 'x720', 'x888', 'x628', 'x353', 'x366', 'x307', 'x166', 'x395', 'x429', 'x604', 'x766', 'x584', 'x329', 'x114', 'x450', 'x606', 'x444', 'x935', 'x323', 'x810', 'x884', 'x66', 'x463', 'x721', 'x250', 'x737', 'x500', 'x390', 'x306', 'x640', 'x921', 'x293', 'x901', 'x834', 'x89', 'x177', 'x679', 'x668', 'x765', 'x363', 'x828', 'x622', 'x912', 'x709', 'x589', 'x484', 'x469', 'x981', 'x613', 'x416', 'x774', 'x558', 'x566', 'x11', 'x131', 'x627', 'x963', 'x5', 'x578', 'x623', 'x336', 'x217', 'x385', 'x564', 'x223', 'x652', 'x807', 'x184', 'x874', 'x47', 'x787', 'x190', 'x322', 'x412', 'x241', 'x449', 'x730', 'x826', 'x290', 'x956', 'x227', 'x633', 'x370', 'x811', 'x574', 'x213', 'x773', 'x14', 'x739', 'x273', 'x861', 'x624', 'x26', 'x372', 'x808', 'x183', 'x866', 'x793', 'x772', 'x298', 'x567', 'x318', 'x48', 'x637', 'x286', 'x850', 'x159', 'x6', 'x516', 'x153', 'x417', 'x599', 'x548', 'x380', 'x832', 'x433', 'x549', 'x687', 'x705', 'x51', 'x922', 'x571', 'x982', 'x326', 'x892', 'x550', 'x270', 'x206', 'x499', 'x305', 'x862', 'x421', 'x953', 'x898', 'x908', 'x314', 'x74', 'x592', 'x775', 'x572', 'x788', 'x479', 'x978', 'x271', 'x776', 'x804', 'x453', 'x569', 'x138', 'x641', 'x650', 'x696', 'x798', 'x189', 'x381', 'x543', 'x785', 'x860', 'x56', 'x252', 'x588', 'x367', 'x90', 'x873', 'x176', 'x285', 'x587', 'x575', 'x674', 'x819', 'x767', 'x593', 'x663', 'x714', 'x406', 'x95', 'x72', 'x827', 'x534', 'x468', 'x391', 'x268', 'x441', 'x840', 'x193', 'x35', 'x435', 'x200', 'x595', 'x744', 'x708', 'x591', 'x825', 'x364', 'x703', 'x940', 'x675', 'x701', 'x725', 'x536', 'x742', 'x647', 'x618', 'x719', 'x357', 'x621', 'x915', 'x359', 'x753', 'x205', 'x511', 'x54', 'x339', 'x561', 'x351', 'x729', 'x338', 'x122', 'x141', 'x838', 'x688', 'x231', 'x754', 'x226', 'x211', 'x698', 'x877', 'x731', 'x130', 'x330', 'x789', 'x824', 'x297', 'x354', 'x248', 'x111', 'x895', 'x724', 'x349', 'x770', 'x251', 'x7', 'x855', 'x755', 'x325', 'x771', 'x135', 'x140', 'x33', 'x232', 'x91', 'x279', 'x371', 'x957', 'x455', 'x278', 'x295', 'x218', 'x392', 'x404', 'x148', 'x162', 'x60', 'x783', 'x277', 'x942', 'x331', 'x530', 'x695', 'x876', 'x706', 'x230', 'x756', 'x881', 'x443', 'x539', 'x902', 'x327', 'x386', 'x885', 'x626', 'x555', 'x931', 'x523', 'x976', 'x651', 'x242', 'x586', 'x694', 'x983', 'x531', 'x98', 'x924', 'x999', 'x236', 'x533', 'x642', 'x512', 'x168', 'x791', 'x294', 'x315', 'x712', 'x792', 'x727', 'x974', 'x700', 'x52', 'x389', 'x196', 'x779', 'x943', 'x214', 'x414', 'x509', 'x653', 'x764', 'x249', 'x451', 'x272', 'x378', 'x234', 'x163', 'x123', 'x49', 'x849', 'x476', 'x540', 'x833', 'x81', 'x78', 'x239', 'x233', 'x498', 'x736', 'x858', 'x59', 'x689', 'x917', 'x573', 'x9', 'x125', 'x50', 'x219', 'x126', 'x311', 'x716', 'x883', 'x426', 'x692', 'x544', 'x835', 'x690', 'x979', 'x612', 'x492', 'x598', 'x947', 'x99', 'x864', 'x282', 'x39', 'x615', 'x576', 'x990', 'x262', 'x984', 'x526', 'x944', 'x259', 'x580', 'x447', 'x470', 'x493', 'x958', 'x280', 'x603', 'x124', 'x513', 'x215', 'x105', 'x53', 'x691', 'x629', 'x930', 'x167', 'x532', 'x494', 'x396', 'x457', 'x346', 'x830', 'x415', 'x466', 'x968', 'x520', 'x757', 'x69', 'x491', 'x707', 'x841', 'x800', 'x291', 'x413', 'x560', 'x805', 'x889', 'x865', 'x109', 'x107', 'x96', 'x678', 'x199', 'x82', 'x487', 'x352', 'x777', 'x636', 'x748', 'x836', 'x659', 'x747', 'x661', 'x945', 'x464', 'x201', 'x408', 'x289', 'x471', 'x143', 'x750', 'x966', 'x815', 'x85', 'x283', 'x422', 'x635', 'x434', 'x260', 'x685', 'x182', 'x117', 'x467', 'x514', 'x287', 'x988', 'x844', 'x328', 'x768', 'x608', 'x515', 'x161', 'x542', 'x158', 'x639', 'x115', 'x925', 'x2', 'x46', 'x752', 'x256', 'x83', 'x728', 'x221', 'x21', 'x224', 'x399', 'x597', 'x188', 'x324', 'x146', 'x664', 'x198', 'x503', 'x63', 'x857', 'x751', 'x220', 'x822', 'x439', 'x382', 'x160', 'x243', 'x657', 'x614', 'x71', 'x155', 'x528', 'x348', 'x697', 'x393', 'x110', 'x718', 'x950', 'x228', 'x10', 'x27', 'x431', 'x909', 'x44', 'x175', 'x154', 'x910', 'x759', 'x129', 'x344', 'x373', 'x93', 'x879', 'x108', 'x713', 'x263', 'x203', 'x535', 'x992', 'x137', 'x37', 'x384', 'x497', 'x454', 'x437', 'x919', 'x743', 'x907', 'x428', 'x899', 'x970', 'x343', 'x508', 'x387', 'x845', 'x24', 'x980', 'x22', 'x648', 'x715', 'x609', 'x16', 'x369', 'x332', 'x401', 'x157', 'x151', 'x630', 'x119', 'x28', 'x246', 'x340', 'x222', 'x702', 'x486', 'x316', 'x482', 'x1000', 'x959', 'x302', 'x45', 'x8', 'x660', 'x559', 'x299', 'x867', 'x379', 'x452', 'x274', 'x313', 'x341', 'x547', 'x797', 'x554', 'x345', 'x269', 'x79', 'x127', 'x445', 'x474', 'x225', 'x438', 'x210', 'x150', 'x782', 'x472', 'x829', 'x496', 'x136', 'x301', 'x803', 'x735', 'x985', 'x458', 'x887', 'x245', 'x682', 'x545', 'x25', 'x410', 'x872', 'x581', 'x972', 'x632', 'x506', 'x4', 'x258', 'x733', 'x388', 'x317', 'x368', 'x442', 'x602', 'x563', 'x880', 'x722', 'x65', 'x649', 'x80', 'x20', 'x187', 'x955', 'x517', 'x711', 'x699', 'x304', 'x179', 'x939', 'x667', 'x473', 'x423', 'x483', 'x156', 'x839', 'x15', 'x266', 'x501', 'x600', 'x529', 'x863', 'x40', 'x537', 'x165', 'x989', 'x631', 'x76', 'x856', 'x411', 'x446', 'x296', 'x347', 'x904', 'x546', 'x969', 'x677', 'x309', 'x502', 'x197', 'x244', 'x906', 'x495', 'x654', 'x607', 'x34', 'x253', 'x813', 'x961', 'x284', 'x552', 'x255', 'x68', 'x710', 'x672', 'x73', 'x308', 'x683', 'x375', 'x62', 'x194', 'x749', 'x1', 'x987', 'x524', 'x973', 'x760', 'x553', 'x133', 'x61', 'x169', 'x853', 'x878', 'x949', 'x812', 'x29', 'x281', 'x510', 'x837', 'x656', 'x585', 'x738', 'x38', 'x208', 'x292', 'x360', 'x740', 'x43', 'x207', 'x112', 'x139', 'x365', 'x400', 'x436', 'x644', 'x32', 'x590', 'x946', 'x769', 'x965', 'x934', 'x796', 'x490', 'x238', 'x843', 'x594', 'x377', 'x300', 'x820', 'x101', 'x171', 'x180', 'x601', 'x97', 'x778', 'x605', 'x505', 'x914', 'x237', 'x806', 'x172', 'x88', 'x638', 'x461', 'x671', 'x923', 'x658', 'x397', 'x275', 'x489', 'x402', 'x726', 'x611', 'x933', 'x518', 'x996', 'x488', 'x70', 'x30', 'x102', 'x312', 'x310', 'x257', 'x859', 'x570', 'x918', 'x186', 'x625', 'x456', 'x920', 'x817', 'x662', 'x882', 'x680', 'x842', 'x18', 'x405', 'x480', 'x617', 'x55', 'x235', 'x358', 'x403', 'x852', 'x75', 'x481', 'x926', 'x746', 'x374', 'x507', 'x356', 'x419', 'x173', 'x681', 'x802', 'x202', 'x276', 'x962', 'x120', 'x568']","[0.6993877926414315, 0.6987982661008497, 0.6974586442874999, 0.6961976487812049, 0.6949811139967499, 0.6938318409888343, 0.6926875599561733, 0.6915689268046236, 0.6904562238138164, 0.689353211538679, 0.6882826433755271, 0.6872140594433881, 0.6861592665605784, 0.6851081004116558, 0.6840626252213802, 0.6830173297878037, 0.6819775937015633, 0.6809401621876083, 0.6799090012761981, 0.6788823568776594, 0.6778633403691786, 0.6768452487711356, 0.6758328759994305, 0.6748227623272778, 0.6738143355933748, 0.6728086640621702, 0.6718032922308685, 0.6708003201428984, 0.6697997220276922, 0.6688041313324747, 0.6678105786903948, 0.6668173384546635, 0.6658265767834604, 0.6648424934089037, 0.6638601921420775, 0.6628849071782539, 0.6619107052127948, 0.66093753314119, 0.6599664548707965, 0.6589956821619014, 0.6580253974454764, 0.6570642792150817, 0.6561099101616291, 0.655156110209042, 0.6542026289633859, 0.6532501704142906, 0.6522999584388127, 0.6513558170444365, 0.6504118742473651, 0.6494679937036908, 0.648526033019398, 0.6475855619776962, 0.6466462694997753, 0.6457082551023721, 0.6447706301823337, 0.6438357386817773, 0.6429009257190034, 0.6419663752306527, 0.6410318364883079, 0.6400987662608876, 0.639166080231515, 0.6382345073160794, 0.6373049463995258, 0.6363766990610237, 0.635449220483812, 0.6345234217072905, 0.6335991169496161, 0.6326758937801579, 0.631752726057257, 0.6308300379022356, 0.6299078710068083, 0.6289867531220548, 0.6280657676771989, 0.6271453098918888, 0.6262252146385208, 0.6253055368402723, 0.6243864330687859, 0.6234679234318138, 0.6225513658163441, 0.6216382552732197, 0.6207251777046751, 0.6198125131606914, 0.6189016718877589, 0.617991962158319, 0.617084274514768, 0.6161770517692619, 0.6152704689429306, 0.6143652785731399, 0.613461196544628, 0.6125580874725304, 0.6116551643351492, 0.6107523539678076, 0.6098520247134718, 0.6089518577979885, 0.6080534158615747, 0.6071551266940263, 0.6062582415923434, 0.6053621092702398, 0.6044681183645454, 0.6035771482481184, 0.6026868539573151, 0.6017983988640222, 0.6009105207197246, 0.6000226870188645, 0.599137901914446, 0.5982541769835831, 0.5973712349093308, 0.5964885808634466, 0.5956059898930046, 0.594723478657896, 0.5938440751196608, 0.5929651894415439, 0.5920876415365466, 0.591211382110133, 0.5903351350436565, 0.5894591046516673, 0.5885842343756299, 0.5877107771924966, 0.5868395356320594, 0.5859689828773124, 0.5850985233792863, 0.5842292314470547, 0.5833601826458638, 0.5824914443052315, 0.5816228446372363, 0.5807545299412991, 0.579886383057565, 0.5790197742456609, 0.5781534162689816, 0.5772874889964853, 0.5764216938079492, 0.5755572830707981, 0.5746930461282634, 0.573828929758348, 0.5729649055484729, 0.5721012776160701, 0.5712385000926026, 0.5703761028637161, 0.5695154963174788, 0.5686563287406806, 0.5677978276394948, 0.5669419631755903, 0.5660875660163702, 0.5652339518612501, 0.5643809239909374, 0.5635288672571716, 0.5626770084096795, 0.5618258698949479, 0.5609748802622494, 0.5601255697851454, 0.5592764829843266, 0.5584295829496738, 0.5575826980616954, 0.5567359950109072, 0.5558893601159458, 0.5550428685940237, 0.554196749335081, 0.553351121305135, 0.5525074477978993, 0.5516638560958683, 0.550820492851685, 0.549979190628835, 0.5491382773305448, 0.5482981506991705, 0.5474604575175595, 0.5466229391544042, 0.5457878413259122, 0.5449532122420153, 0.5441187787785916, 0.5432847005197025, 0.5424508752533777, 0.5416172618096474, 0.5407847077433656, 0.5399534280355998, 0.5391228810514976, 0.5382924820121389, 0.5374637872809999, 0.5366360661750375, 0.5358087120404692, 0.534981897607348, 0.5341551308588319, 0.5333287603747086, 0.5325028082084186, 0.531677058969079, 0.5308524399952189, 0.530028403230937, 0.5292045585617327, 0.528381452679714, 0.5275595204734024, 0.5267378385313521, 0.5259165299606574, 0.5250966148261221, 0.5242786515888955, 0.5234610646954282, 0.5226436186981294, 0.5218262155374448, 0.5210092570265838, 0.5201923341107084, 0.5193754575254572, 0.5185588347738903, 0.5177423242180151, 0.5169267386509202, 0.5161111938542912, 0.5152966836778117, 0.5144830055859546, 0.5136695013113881, 0.5128567434915227, 0.5120441143526192, 0.5112322512891837, 0.5104214690188312, 0.5096108819328562, 0.5088012657964245, 0.5079924841047548, 0.5071844711974078, 0.5063765453718427, 0.5055689806908882, 0.504761483372842, 0.5039541377265352, 0.503147188805086, 0.5023405004741589, 0.5015344210443362, 0.5007287812610401, 0.4999236156815405, 0.4991185692137225, 0.49831385878263285, 0.49750931751350863, 0.4967067887326848, 0.4959061217575253, 0.4951056856822859, 0.4943055322326078, 0.49350566150309927, 0.4927060369769293, 0.4919067153594419, 0.4911074190614364, 0.4903099215616883, 0.4895126441277804, 0.48871572680950814, 0.48791910306035585, 0.4871228129298727, 0.48632658895112557, 0.4855308141054072, 0.48473515527056044, 0.4839395969851565, 0.4831442167534575, 0.4823491318892045, 0.48155537888059835, 0.4807619556869859, 0.479969313893199, 0.47917706438477153, 0.4783854538754339, 0.4775950456621648, 0.476805948158369, 0.4760180961559502, 0.47523030738887906, 0.47444309295977954, 0.4736563325194407, 0.47287065955470203, 0.47208521744118187, 0.4712998450829981, 0.47051463981214703, 0.4697294893557585, 0.46894523161779694, 0.4681616358335688, 0.4673781616280911, 0.46659489431723816, 0.46581251895941544, 0.4650302708409296, 0.4642481086083589, 0.4634660021473193, 0.46268413440137285, 0.46190231565709483, 0.46112075357496246, 0.46033966741548693, 0.45955864463027746, 0.458778186314441, 0.45799796338691007, 0.45721790357218134, 0.45643793183040426, 0.4556580714869491, 0.4548783496124222, 0.45409911444990864, 0.45332029908063276, 0.45254231478692913, 0.45176443978926084, 0.45098824661610754, 0.4502121690025265, 0.44943709796430376, 0.44866231930893574, 0.4478875798902673, 0.44711308435466346, 0.4463407265390505, 0.4455693318345017, 0.44479810896473737, 0.44402692433582824, 0.44325672293320306, 0.44248691686826264, 0.441717224199414, 0.44094798676095487, 0.44017905728447804, 0.43941013983938293, 0.4386412725376995, 0.4378727495121889, 0.437105025632876, 0.4363375207853414, 0.43557063836502874, 0.4348046935090881, 0.4340390041568297, 0.43327381524234254, 0.4325086800717391, 0.4317455197431315, 0.4309825179836953, 0.43021968052207704, 0.42945700781116497, 0.42869470476434274, 0.4279335641850388, 0.42717318787858943, 0.4264131022048998, 0.4256536689913721, 0.42489437927387796, 0.4241352425868756, 0.42337638477960166, 0.42261803274283166, 0.42186035810494976, 0.42110290158117514, 0.420346870417712, 0.41959094465195995, 0.4188358124605778, 0.41808073095765136, 0.4173259933806589, 0.4165713893687492, 0.41581727178937383, 0.4150633100339782, 0.41430951816748063, 0.4135558260684717, 0.41280291576902084, 0.4120503131080709, 0.4112979358318286, 0.4105456672061507, 0.40979421900400076, 0.40904313250128777, 0.40829239062386563, 0.40754193797540417, 0.40679303551010276, 0.40604415394034693, 0.40529554003574714, 0.4045469948777562, 0.4037986330761652, 0.4030510559457075, 0.4023035884401643, 0.40155677883272806, 0.4008114950016908, 0.40006621704973744, 0.3993209590032439, 0.39857578623597745, 0.39783081547640764, 0.39708591130754767, 0.39634153617312085, 0.3955975350103275, 0.3948536632135157, 0.3941101150139621, 0.3933669642229746, 0.39262389334779474, 0.3918815388940607, 0.39113924515220827, 0.3903971552078859, 0.38965520197014253, 0.3889138510560608, 0.3881729091395087, 0.38743251623879593, 0.38669235185285583, 0.38595236744351846, 0.385213664058506, 0.3844753624861592, 0.38373816652696563, 0.38300112182454593, 0.3822641801950346, 0.38152848235332265, 0.38079315648592527, 0.3800582915238853, 0.37932345799101347, 0.37858911364470893, 0.37785535712218776, 0.37712172580047587, 0.37638839088139303, 0.3756552226408039, 0.3749224709866777, 0.37418983670993455, 0.37345901981792046, 0.37272822225307456, 0.371997964558678, 0.3712679305621904, 0.3705379932952143, 0.36980825592792294, 0.36907905837683636, 0.36835095481703867, 0.3676232122516288, 0.3668959936206955, 0.36616886675637667, 0.36544187137938133, 0.3647151776687102, 0.363988697488095, 0.3632626485195132, 0.362537020179633, 0.36181157137886805, 0.3610864213592859, 0.36036177859880303, 0.3596372486690734, 0.3589128858994457, 0.3581888207352753, 0.35746532628134264, 0.3567421084936771, 0.3560192367788857, 0.3552967428707025, 0.3545744078888295, 0.35385217068403896, 0.3531300667381929, 0.352407995196684, 0.3516860843599214, 0.35096422363662555, 0.35024347791130434, 0.34952280381936845, 0.34880232271954636, 0.3480833738728635, 0.3473646383742657, 0.34664595808398063, 0.3459277368152665, 0.34521114290290333, 0.3444947376200967, 0.3437787388673493, 0.34306277608307373, 0.3423472746077425, 0.3416320093717003, 0.3409171868309627, 0.3402025569005253, 0.33948822985983657, 0.338773928648689, 0.3380600437446657, 0.3373464458882549, 0.3366329093645886, 0.33591939834885254, 0.33520602854808695, 0.33449294301831456, 0.33378214880558615, 0.3330716655961108, 0.33236195828651327, 0.3316523706725147, 0.3309434687391751, 0.33023485682862075, 0.32952680305616017, 0.32881928626751133, 0.3281121895518282, 0.32740515510753115, 0.32669947438167135, 0.3259942121154966, 0.32528899741351675, 0.32458434474029396, 0.3238798714733078, 0.3231764216812712, 0.3224733783549715, 0.3217703945353803, 0.3210680950174349, 0.32036616184074573, 0.3196642785768061, 0.3189630534070499, 0.31826203662770336, 0.31756103926414125, 0.316860147864694, 0.3161594398132394, 0.31545905516220224, 0.3147587963762604, 0.314059273925426, 0.31336010582005375, 0.31266100636788186, 0.3119619687424845, 0.3112633815340523, 0.3105649936388713, 0.30986757421178934, 0.309170851059669, 0.30847439893856315, 0.30777797961038594, 0.3070817498132528, 0.30638597009018465, 0.3056902891433005, 0.30499599485335444, 0.3043018730624126, 0.3036082873785606, 0.30291548730505563, 0.30222286285138406, 0.30153034327579725, 0.3008380827272004, 0.3001462478471245, 0.2994546077825265, 0.29876314117361685, 0.29807171679096156, 0.2973803524344018, 0.2966890473112279, 0.295997788272129, 0.29530694551477715, 0.2946162710154926, 0.29392638792063486, 0.2932368461102497, 0.29254828403063077, 0.29186005588507313, 0.2911734677438235, 0.290487558108793, 0.2898031546974513, 0.28911903218205987, 0.288434938800965, 0.2877512694570266, 0.2870677732195204, 0.2863843104946183, 0.2857010160128802, 0.2850177413136069, 0.28433459671134526, 0.28365153645210384, 0.2829693903379777, 0.2822875049892967, 0.2816061295671457, 0.2809247910181529, 0.2802440390653885, 0.27956359806084213, 0.27888393657580357, 0.2782049894178242, 0.2775264676494732, 0.27684924620656326, 0.27617215346958734, 0.2754954348060522, 0.2748195687829981, 0.2741437506729244, 0.2734683700591671, 0.2727930297169537, 0.2721177945042783, 0.2714426628340894, 0.2707678046592046, 0.2700931522330408, 0.26941967357597124, 0.26874630515243403, 0.2680730125281032, 0.2673998316350475, 0.2667266857324769, 0.2660536407276122, 0.2653806865127063, 0.26470797544786784, 0.26403545638271936, 0.2633632440677676, 0.2626915488001207, 0.2620199741931269, 0.2613485593827187, 0.260677658214742, 0.2600069254840851, 0.25933627421011446, 0.2586657024822021, 0.2579952049680699, 0.25732491722611905, 0.2566548306274098, 0.2559868609933551, 0.2553193576182399, 0.2546519335407854, 0.253984614754842, 0.25331733920875626, 0.2526503144851825, 0.2519834151303781, 0.251316582766564, 0.2506498624212051, 0.2499832283029608, 0.24931707130836606, 0.24865159558861855, 0.2479861722897226, 0.24732132314160252, 0.24665665857521418, 0.24599241090403737, 0.24532824619295393, 0.24466435633937586, 0.24400121088314108, 0.24333813569664958, 0.24267565131179758, 0.2420131521728608, 0.24135082398044094, 0.24068910376509714, 0.2400277800722462, 0.23936675083002276, 0.23870576836714694, 0.2380448391223954, 0.23738437440333796, 0.23672392359181352, 0.23606390030904972, 0.23540403977623897, 0.2347442419434727, 0.23408570437360718, 0.23342757974959527, 0.23276982303821384, 0.23211280158308237, 0.2314561271746004, 0.23079952893513492, 0.23014326341746455, 0.22948701469011742, 0.22883095961921196, 0.22817499125690488, 0.2275205067871222, 0.2268665658386073, 0.22621264215101924, 0.22555958379359675, 0.2249068257209148, 0.22425466353410023, 0.22360363683719864, 0.22295286100649042, 0.222302542856887, 0.22165257434365218, 0.2210027050456016, 0.220353121227355, 0.21970377713671618, 0.21905468986289248, 0.21840621163412774, 0.21775837079192747, 0.2171109936908241, 0.21646523842187226, 0.21582090337100682, 0.21517661528637916, 0.21453315623782776, 0.21388980371113958, 0.2132467484627086, 0.21260506978235555, 0.21196398011418732, 0.21132320520766706, 0.2106825401037396, 0.2100421586916988, 0.2094019949274292, 0.20876232491695518, 0.20812283592465836, 0.20748360044357286, 0.20684446488566954, 0.20620571099976276, 0.20556727384890952, 0.20492897794808645, 0.20429102126704776, 0.20365328147561298, 0.20301577250288083, 0.2023786196382859, 0.2017435422780129, 0.20110869859697977, 0.2004740397729115, 0.19983978876369524, 0.1992056935596126, 0.19857177626169778, 0.19793803660909395, 0.19730477992116835, 0.19667239305913667, 0.19604041016522827, 0.19540911460459146, 0.1947781933630575, 0.19414801927707795, 0.19351857956824545, 0.1928892374447761, 0.192260033518505, 0.19163126846773346, 0.19100384744630902, 0.19037680568201587, 0.18975015353078567, 0.18912359843948384, 0.18849732939891467, 0.18787257483226305, 0.18724803337690507, 0.1866247394216048, 0.18600274880209952, 0.1853808025049629, 0.1847589004347237, 0.18413722714623293, 0.18351580374584833, 0.18289461591135428, 0.18227366348984786, 0.1816529508923049, 0.1810324656328711, 0.18041236372839634, 0.1797929240618437, 0.1791739124865437, 0.1785550545140216, 0.1779367501497554, 0.17731852549183075, 0.17670038453610618, 0.17608313047828572, 0.17546593735781515, 0.1748488739673605, 0.17423248131618366, 0.17361744387437006, 0.17300246888681106, 0.17238763498386053, 0.17177302751066195, 0.17115866551382264, 0.17054440579298824, 0.16993027390628146, 0.1693162082220657, 0.16870243307501726, 0.16808999496738095, 0.16747789975265664, 0.16686606545097563, 0.16625442739033516, 0.16564311016816435, 0.16503218222983895, 0.1644213807096329, 0.16381121620639644, 0.1632011730122302, 0.16259122196145248, 0.16198280192586764, 0.1613749656220199, 0.16076779131322344, 0.16016071285778552, 0.15955385390793006, 0.15894705911870902, 0.15834207795143926, 0.1577371493498348, 0.15713277691547672, 0.1565287530006807, 0.15592556753018888, 0.15532261798115365, 0.15472021142521766, 0.1541178666641595, 0.1535162671839249, 0.1529162625298202, 0.15231671254489967, 0.15171777292611696, 0.1511199740219735, 0.15052238545501198, 0.1499250822426802, 0.14932808448648072, 0.14873126788487828, 0.1481345450293168, 0.147538074819565, 0.14694200885616668, 0.14634614926289372, 0.1457506264364493, 0.14515535115336062, 0.14456024111097132, 0.1439654240487011, 0.14337103775826457, 0.14277685975758705, 0.14218284077578164, 0.1415895466520491, 0.14099815596375928, 0.1404075124899497, 0.13981698869879464, 0.13922673399352395, 0.1386366458313168, 0.13804776290242202, 0.13745929972183638, 0.13687096908917246, 0.13628283233945634, 0.13569499674757268, 0.13510757734842682, 0.13452049316280326, 0.13393352344190387, 0.13334745032626527, 0.1327622502442191, 0.13217719650865817, 0.1315923686519894, 0.13100795295198714, 0.13042379387996433, 0.12984050175066958, 0.1292578393346798, 0.12867538166001985, 0.12809394434802787, 0.12751337450462286, 0.12704416381776173, 0.12646384780119915, 0.12588362969390138, 0.12530456169655718, 0.12472627534758877, 0.12414826013641894, 0.12357095567421435, 0.12299406137411231, 0.12241740101176432, 0.12184149584879335, 0.12126709567766739, 0.12069305900476429, 0.12011995763167381, 0.11954699058226068, 0.11897408946692188, 0.11840184723163445, 0.11783041605323137, 0.11725958001050604, 0.11668886297353828, 0.11611880146944357, 0.1155490405163659, 0.11497964751687861, 0.11441048861499498, 0.11384192017152046, 0.11327452801723566, 0.11270750318243809, 0.1121409672654719, 0.11157471113072842, 0.11100876862658872, 0.11044324456759923, 0.10987820169514029, 0.10931382612379767, 0.10874965199500435, 0.10818580393147055, 0.10762230084764698, 0.10705920578375284, 0.10649639067822604, 0.10593381100957042, 0.10537143108091333, 0.10480990012792668, 0.10424859487080772, 0.10368746412891465, 0.10312780145971627, 0.10256880563098443, 0.10201035943633005, 0.10145215067073741, 0.10089461944044888, 0.10033765939307782, 0.09978150678467274, 0.09922578751457112, 0.09867070814746225, 0.09811595957075703, 0.09756151685521224, 0.09700820450083573, 0.0964558972174729, 0.0959037626682693, 0.09535203499950662, 0.09480080250048954, 0.09425007400274653, 0.09369988034404973, 0.09315208722484658, 0.0926046360210835, 0.0920576165470459, 0.09151097643168593, 0.09096534162120107, 0.09042107003311828, 0.08987854765591488, 0.0893368727978048, 0.08879549240235463, 0.08825528552202479, 0.08771641268844481, 0.0871779568100552, 0.08663973173272907, 0.0861017219366761, 0.08556440775347046, 0.08502766713559877, 0.08449150146796003, 0.08395642625242884, 0.08342188974420374, 0.08288845856107659, 0.08235559382861814, 0.08182330473892606, 0.08129239457733554, 0.08076217637831908, 0.08023240627239958, 0.07970344019847445, 0.07917502462770658, 0.0786469124147566, 0.07811996296346371, 0.07759354643452433, 0.0770686927125065, 0.07654436365197753, 0.07602048767647229, 0.07549704533323477, 0.074975792084755, 0.07445528247039072, 0.07393626884720599, 0.0734180556626452, 0.07290059265269738, 0.07238444792384496, 0.07186954215625217, 0.07135563022190138, 0.07084237383794927, 0.07033089432440075, 0.06981999783293677, 0.06930956203262197, 0.06880027679199352, 0.06829157270786637, 0.06778407526996455, 0.06727808738243163, 0.06677266660923714, 0.06626806402051515, 0.06576402117434806, 0.06526095949621995, 0.06475858575288745, 0.06425691344010033, 0.06375677453577172, 0.0632577225752486, 0.06276096691590931, 0.06226603957413427, 0.06177248021232401, 0.06128070729941706, 0.06078963073230063, 0.060299734271494945, 0.059810800720057976, 0.0593249997371327, 0.058840569126516314, 0.05835715794832153, 0.057874645956016595, 0.05739328641194665, 0.056913725840860574, 0.05643522498144922, 0.055957860873344874, 0.055481971318172806, 0.055006857678707693, 0.05453311848086929, 0.05406035915598854, 0.05358865833391611, 0.05311806849055746, 0.052648411546251536, 0.05217992886537189, 0.05171407620335291, 0.05124948255193705, 0.050786730281444835, 0.05032706734228655, 0.049869111319155404, 0.04941234268628946, 0.048957047806968725, 0.04850329826284101, 0.048050797091303096, 0.04760038487611651, 0.04715269959095707, 0.04670777462121571, 0.04626478547577299, 0.04582364552293354, 0.04538493294569961, 0.04494781606215718, 0.04451235995337248, 0.04407985039129953, 0.04364863821363751, 0.043219122861832895, 0.04279244207161549, 0.04236775591999461, 0.04194481200882778, 0.04152368782280891, 0.04110505873217003, 0.04069039832229203, 0.0402779877087592, 0.03986745380939079, 0.039459452836338164, 0.039053460676337894, 0.038649722936189984, 0.038248877365513204, 0.037852135250875864, 0.03745771288661249, 0.03706567419798001, 0.036676001037114846, 0.03628958148111104, 0.03590587000784254, 0.035525038754910254, 0.03514829341996557, 0.03477448431284444, 0.03440416879820142, 0.03403702194541696, 0.03367320334996566, 0.03331367149395836, 0.03295773991407594, 0.03260537841629548, 0.03225702260822126, 0.03191199262080378, 0.03157073392638037, 0.03123446456131903, 0.03090274421430565, 0.030575183577692778, 0.03025191073228222, 0.029934159574826723, 0.029700194708549704, 0.029392490124271118, 0.029089729473027987, 0.028792006869357373, 0.028501403671365316, 0.028215701821734173, 0.02793615652708459, 0.027661787403581984, 0.02739352854837891, 0.02713072830379618, 0.026873935915206804, 0.026623001722668193, 0.02638002968365728, 0.026143199136301545, 0.025913269932593668, 0.025692295524989226, 0.025477786019050146, 0.025270761201565864, 0.025070136235534144, 0.02487647707602979, 0.024689560750829093, 0.024509942703790123, 0.02433789956043182, 0.02417360422411416, 0.024016722820297442, 0.023867430301605416, 0.023725802143064134, 0.023591454792669355, 0.023466548400660217, 0.023348811351288235, 0.023238200537613763, 0.023133947109762725, 0.023037029878918414, 0.022947637270997273, 0.022865936538312984, 0.02279325147402191, 0.022728358370266287, 0.022668742083826434, 0.022616496217090633, 0.022571397624327603, 0.022534049343437283, 0.022503562964057214, 0.02248324823154003, 0.022468064030335102]",EGB_XGB_GAM_RANDOM_RANDOM,synthetic_ordering1000,1,5,42,150
"['offset', 'x579', 'x64', 'x799', 'x527', 'x77', 'x903', 'x424', 'x170', 'x676', 'x655', 'x704', 'x420', 'x673', 'x954', 'x964', 'x94', 'x504', 'x634', 'x362', 'x19', 'x666', 'x229', 'x871', 'x758', 'x851', 'x460', 'x786', 'x174', 'x142', 'x831', 'x665', 'x975', 'x781', 'x997', 'x465', 'x440', 'x927', 'x823', 'x462', 'x116', 'x790', 'x732', 'x448', 'x12', 'x17', 'x913', 'x13', 'x991', 'x394', 'x619', 'x784', 'x267', 'x646', 'x951', 'x342', 'x847', 'x761', 'x427', 'x23', 'x869', 'x42', 'x616', 'x475', 'x288', 'x264', 'x897', 'x36', 'x846', 'x936', 'x240', 'x890', 'x321', 'x337', 'x541', 'x478', 'x425', 'x459', 'x355', 'x932', 'x937', 'x522', 'x265', 'x67', 'x319', 'x551', 'x212', 'x209', 'x583', 'x645', 'x320', 'x780', 'x818', 'x911', 'x216', 'x801', 'x57', 'x432', 'x185', 'x145', 'x121', 'x995', 'x562', 'x763', 'x896', 'x916', 'x928', 'x303', 'x147', 'x795', 'x407', 'x610', 'x577', 'x734', 'x398', 'x106', 'x848', 'x891', 'x525', 'x941', 'x361', 'x854', 'x745', 'x58', 'x868', 'x261', 'x986', 'x557', 'x971', 'x998', 'x164', 'x132', 'x993', 'x670', 'x86', 'x128', 'x686', 'x195', 'x538', 'x952', 'x92', 'x821', 'x620', 'x894', 'x762', 'x113', 'x519', 'x556', 'x948', 'x684', 'x204', 'x485', 'x3', 'x521', 'x905', 'x967', 'x103', 'x134', 'x181', 'x565', 'x994', 'x723', 'x875', 'x693', 'x977', 'x87', 'x741', 'x596', 'x900', 'x383', 'x430', 'x418', 'x31', 'x100', 'x794', 'x929', 'x254', 'x643', 'x814', 'x250', 'x886', 'x717', 'x669', 'x477', 'x335', 'x409', 'x816', 'x938', 'x353', 'x350', 'x334', 'x152', 'x766', 'x893', 'x41', 'x809', 'x720', 'x737', 'x84', 'x149', 'x104', 'x329', 'x144', 'x333', 'x192', 'x444', 'x668', 'x935', 'x679', 'x178', 'x89', 'x582', 'x828', 'x247', 'x450', 'x390', 'x884', 'x870', 'x306', 'x429', 'x604', 'x191', 'x118', 'x395', 'x47', 'x613', 'x606', 'x960', 'x901', 'x463', 'x628', 'x888', 'x293', 'x721', 'x376', 'x584', 'x307', 'x114', 'x558', 'x336', 'x765', 'x227', 'x241', 'x921', 'x808', 'x366', 'x810', 'x217', 'x640', 'x627', 'x623', 'x811', 'x912', 'x166', 'x323', 'x963', 'x500', 'x11', 'x484', 'x826', 'x363', 'x66', 'x449', 'x177', 'x416', 'x566', 'x14', 'x184', 'x981', 'x622', 'x787', 'x652', 'x273', 'x385', 'x190', 'x709', 'x834', 'x322', 'x290', 'x213', 'x571', 'x131', 'x26', 'x469', 'x774', 'x5', 'x772', 'x564', 'x412', 'x807', 'x578', 'x223', 'x730', 'x874', 'x866', 'x153', 'x862', 'x372', 'x589', 'x370', 'x183', 'x633', 'x286', 'x956', 'x549', 'x850', 'x318', 'x314', 'x574', 'x271', 'x624', 'x739', 'x51', 'x793', 'x572', 'x599', 'x159', 'x48', 'x832', 'x74', 'x687', 'x861', 'x56', 'x270', 'x773', 'x421', 'x922', 'x6', 'x908', 'x380', 'x637', 'x548', 'x873', 'x433', 'x892', 'x305', 'x391', 'x775', 'x650', 'x441', 'x982', 'x592', 'x206', 'x200', 'x744', 'x688', 'x663', 'x189', 'x543', 'x804', 'x569', 'x567', 'x725', 'x767', 'x641', 'x298', 'x591', 'x90', 'x978', 'x326', 'x898', 'x453', 'x705', 'x417', 'x516', 'x819', 'x550', 'x381', 'x588', 'x252', 'x838', 'x534', 'x696', 'x714', 'x789', 'x776', 'x618', 'x621', 'x953', 'x367', 'x798', 'x840', 'x788', 'x205', 'x785', 'x729', 'x575', 'x193', 'x479', 'x593', 'x915', 'x674', 'x176', 'x675', 'x587', 'x268', 'x72', 'x742', 'x95', 'x825', 'x130', 'x364', 'x860', 'x435', 'x499', 'x940', 'x698', 'x138', 'x824', 'x753', 'x339', 'x468', 'x701', 'x724', 'x33', 'x703', 'x232', 'x827', 'x297', 'x357', 'x35', 'x226', 'x279', 'x770', 'x354', 'x708', 'x595', 'x719', 'x754', 'x895', 'x351', 'x122', 'x140', 'x7', 'x330', 'x561', 'x285', 'x877', 'x331', 'x731', 'x455', 'x211', 'x392', 'x647', 'x755', 'x536', 'x54', 'x242', 'x60', 'x651', 'x539', 'x876', 'x511', 'x162', 'x231', 'x141', 'x404', 'x406', 'x359', 'x523', 'x771', 'x325', 'x695', 'x338', 'x251', 'x386', 'x135', 'x218', 'x626', 'x248', 'x706', 'x371', 'x277', 'x792', 'x443', 'x983', 'x855', 'x349', 'x295', 'x881', 'x653', 'x236', 'x833', 'x957', 'x931', 'x692', 'x779', 'x52', 'x230', 'x214', 'x327', 'x976', 'x98', 'x942', 'x111', 'x999', 'x531', 'x311', 'x278', 'x148', 'x712', 'x555', 'x586', 'x530', 'x234', 'x924', 'x196', 'x91', 'x943', 'x49', 'x123', 'x756', 'x902', 'x168', 'x426', 'x389', 'x979', 'x414', 'x451', 'x990', 'x533', 'x526', 'x642', 'x864', 'x378', 'x512', 'x294', 'x9', 'x974', 'x716', 'x540', 'x315', 'x69', 'x272', 'x849', 'x783', 'x39', 'x576', 'x830', 'x163', 'x764', 'x78', 'x736', 'x509', 'x470', 'x233', 'x513', 'x126', 'x885', 'x835', 'x476', 'x944', 'x466', 'x498', 'x791', 'x984', 'x580', 'x598', 'x493', 'x415', 'x917', 'x53', 'x282', 'x457', 'x700', 'x694', 'x59', 'x280', 'x447', 'x262', 'x689', 'x215', 'x109', 'x858', 'x81', 'x691', 'x125', 'x544', 'x532', 'x492', 'x958', 'x707', 'x259', 'x947', 'x629', 'x883', 'x615', 'x249', 'x690', 'x727', 'x520', 'x841', 'x422', 'x239', 'x494', 'x748', 'x635', 'x661', 'x805', 'x491', 'x346', 'x167', 'x291', 'x836', 'x413', 'x50', 'x844', 'x889', 'x99', 'x757', 'x612', 'x573', 'x396', 'x968', 'x487', 'x945', 'x750', 'x287', 'x96', 'x603', 'x560', 'x219', 'x199', 'x124', 'x471', 'x747', 'x289', 'x182', 'x800', 'x636', 'x930', 'x467', 'x117', 'x201', 'x71', 'x777', 'x107', 'x865', 'x752', 'x115', 'x283', 'x822', 'x514', 'x105', 'x82', 'x352', 'x678', 'x815', 'x46', 'x260', 'x608', 'x143', 'x659', 'x161', 'x464', 'x857', 'x434', 'x83', 'x966', 'x542', 'x158', 'x728', 'x63', 'x515', 'x685', 'x768', 'x328', 'x988', 'x85', 'x243', 'x657', 'x220', 'x221', 'x597', 'x129', 'x503', 'x110', 'x21', 'x224', 'x664', 'x324', 'x614', 'x408', 'x454', 'x27', 'x639', 'x393', 'x428', 'x373', 'x909', 'x910', 'x256', 'x155', 'x399', 'x2', 'x175', 'x925', 'x160', 'x919', 'x431', 'x263', 'x198', 'x146', 'x899', 'x154', 'x528', 'x950', 'x751', 'x343', 'x718', 'x348', 'x369', 'x382', 'x44', 'x188', 'x715', 'x535', 'x992', 'x24', 'x743', 'x713', 'x37', 'x439', 'x340', 'x554', 'x508', 'x980', 'x151', 'x246', 'x879', 'x157', 'x907', 'x1000', 'x401', 'x497', 'x972', 'x225', 'x735', 'x119', 'x609', 'x10', 'x332', 'x472', 'x344', 'x630', 'x228', 'x697', 'x45', 'x581', 'x970', 'x547', 'x79', 'x486', 'x313', 'x8', 'x108', 'x16', 'x782', 'x269', 'x845', 'x410', 'x93', 'x387', 'x384', 'x437', 'x28', 'x482', 'x648', 'x137', 'x22', 'x496', 'x660', 'x20', 'x379', 'x274', 'x203', 'x222', 'x702', 'x4', 'x829', 'x136', 'x341', 'x682', 'x803', 'x474', 'x438', 'x25', 'x388', 'x797', 'x955', 'x759', 'x632', 'x867', 'x368', 'x302', 'x316', 'x299', 'x856', 'x458', 'x559', 'x959', 'x210', 'x301', 'x411', 'x506', 'x545', 'x445', 'x939', 'x722', 'x127', 'x452', 'x65', 'x839', 'x501', 'x733', 'x563', 'x76', 'x345', 'x887', 'x317', 'x258', 'x711', 'x245', 'x985', 'x517', 'x150', 'x80', 'x529', 'x989', 'x423', 'x880', 'x165', 'x649', 'x284', 'x631', 'x863', 'x187', 'x872', 'x156', 'x904', 'x667', 'x304', 'x602', 'x600', 'x699', 'x906', 'x672', 'x40', 'x179', 'x495', 'x442', 'x969', 'x253', 'x266', 'x537', 'x347', 'x34', 'x710', 'x446', 'x473', 'x15', 'x483', 'x552', 'x255', 'x813', 'x197', 'x607', 'x296', 'x677', 'x309', 'x73', 'x244', 'x749', 'x987', 'x654', 'x510', 'x502', 'x973', 'x62', 'x68', 'x169', 'x308', 'x546', 'x683', 'x878', 'x961', 'x853', 'x656', 'x194', 'x133', 'x837', 'x524', 'x29', 'x949', 'x375', 'x281', 'x738', 'x1', 'x292', 'x740', 'x760', 'x400', 'x590', 'x365', 'x208', 'x553', 'x38', 'x61', 'x796', 'x275', 'x112', 'x377', 'x820', 'x843', 'x436', 'x43', 'x812', 'x360', 'x965', 'x769', 'x644', 'x139', 'x207', 'x490', 'x300', 'x594', 'x946', 'x88', 'x32', 'x585', 'x171', 'x97', 'x934', 'x605', 'x238', 'x172', 'x806', 'x237', 'x601', 'x505', 'x402', 'x923', 'x101', 'x489', 'x488', 'x658', 'x611', 'x726', 'x102', 'x638', 'x778', 'x933', 'x180', 'x397', 'x70', 'x914', 'x518', 'x570', 'x310', 'x859', 'x312', 'x30', 'x671', 'x461', 'x257', 'x625', 'x456', 'x996', 'x920', 'x882', 'x918', 'x18', 'x403', 'x662', 'x186', 'x680', 'x405', 'x817', 'x55', 'x568', 'x358', 'x235', 'x617', 'x75', 'x480', 'x852', 'x926', 'x419', 'x746', 'x481', 'x356', 'x374', 'x202', 'x276', 'x173', 'x962', 'x120', 'x681', 'x802', 'x842', 'x507']","[0.7132502859334683, 0.7126390365712035, 0.7112564640407109, 0.7099516194280819, 0.7087143329748316, 0.7075425331536129, 0.7063821116765511, 0.7052248594273504, 0.7040730545345647, 0.7029536751103763, 0.7018527472494496, 0.7007534248690231, 0.6996590655005779, 0.6985867001496711, 0.6975149240577923, 0.6964468885894225, 0.6953811282288223, 0.6943235904433351, 0.6932701033122677, 0.6922178031409018, 0.6911696098406472, 0.6901371025587697, 0.689104618780255, 0.6880748213155351, 0.6870465640692839, 0.6860186972927357, 0.6849912121746353, 0.6839650855490594, 0.6829427565843837, 0.681922952480003, 0.6809061049565672, 0.6798907676012298, 0.6788759949915936, 0.6778623123150783, 0.6768574762458629, 0.6758599248739383, 0.6748657544605495, 0.6738730952035413, 0.6728822501877063, 0.6718914429822084, 0.6709054976137834, 0.6699227117951005, 0.6689412384866876, 0.6679604818085461, 0.6669797495470102, 0.6660020159257625, 0.6650254172500084, 0.6640492260271256, 0.6630759841134529, 0.6621029859823423, 0.661135540331612, 0.6601683136397271, 0.6592017063788264, 0.6582376837594293, 0.6572744863519738, 0.6563115507503139, 0.65534908759575, 0.6543881730891897, 0.6534276570977332, 0.6524673291085754, 0.6515091105647243, 0.6505522142060637, 0.6495959263185308, 0.6486396823302095, 0.6476878690748952, 0.6467376993684832, 0.6457877384641963, 0.6448382662797676, 0.6438888013187823, 0.6429396700164293, 0.641993463705408, 0.6410478779951279, 0.6401082767435006, 0.6391688907641176, 0.6382298494444235, 0.637295376178194, 0.636362037707021, 0.6354288472384503, 0.6344974496314887, 0.6335670605737499, 0.6326369324063924, 0.6317069888119154, 0.630777448405188, 0.6298486574094831, 0.6289213036556727, 0.6279940224685158, 0.6270674150903901, 0.626142241813362, 0.625217538698602, 0.6242934536674243, 0.6233694850814144, 0.6224463948531314, 0.621523335976683, 0.6206032655834024, 0.6196850023902154, 0.6187674132044287, 0.6178499223628962, 0.6169340778845717, 0.6160192000751594, 0.6151053084320338, 0.6141925380714917, 0.6132802713595137, 0.6123695663658015, 0.6114602592363412, 0.61055157218964, 0.6096443549566669, 0.6087385597867704, 0.6078335383884582, 0.6069292866664091, 0.6060259304553491, 0.6051244970828046, 0.6042231600799353, 0.6033219947811501, 0.6024215643330447, 0.6015211532815388, 0.6006225185349565, 0.5997246260857975, 0.5988268727118488, 0.5979297747207277, 0.597032885205229, 0.5961360281817998, 0.5952398992518868, 0.5943437894207859, 0.5934494963355211, 0.5925574825868933, 0.5916665302328673, 0.5907762927155928, 0.5898862073903672, 0.588997156124333, 0.5881098517453967, 0.5872227143652731, 0.5863356255791051, 0.5854500940075097, 0.5845648324588236, 0.5836808372452398, 0.5827981719316084, 0.5819165482059504, 0.581037084681281, 0.5801583270266281, 0.5792800774221443, 0.5784023896594639, 0.577525439234438, 0.5766490966743186, 0.5757728041501283, 0.5748965838478892, 0.5740208897848748, 0.5731457852907553, 0.5722715739712598, 0.5713982504547747, 0.5705250603391601, 0.5696534682245173, 0.5687829099930614, 0.5679127222037457, 0.567043450183277, 0.566174383268371, 0.5653056520080899, 0.5644374547365597, 0.5635705096496635, 0.5627037966614113, 0.5618394275961767, 0.5609755544852935, 0.5601121427672252, 0.559248925835303, 0.5583860514147201, 0.5575231855898904, 0.5566609380622703, 0.5558012731915452, 0.5549436029562012, 0.5540863397019361, 0.5532301789459876, 0.5523743517959241, 0.5515197508824329, 0.5506658191517726, 0.5498122818768553, 0.5489597249672752, 0.5481075373946145, 0.5472563757982006, 0.5464053605644433, 0.5455548737197728, 0.5447046170419546, 0.5438562096786546, 0.5430079181114853, 0.5421599758321682, 0.5413125690219965, 0.5404655709528563, 0.5396187279712804, 0.5387723229403908, 0.5379268853148398, 0.5370821513279433, 0.5362382221341275, 0.5353963341860388, 0.5345548488317781, 0.5337143606725886, 0.5328739117014866, 0.5320339051037679, 0.5311950495347701, 0.5303568196496037, 0.5295200865508816, 0.5286834401681529, 0.5278476283586163, 0.5270119448519126, 0.5261763374044824, 0.5253410654522561, 0.524505818954927, 0.5236721139152997, 0.5228394447892408, 0.5220080887023146, 0.5211770568943627, 0.5203461660194928, 0.5195152835769828, 0.5186847180523857, 0.5178555000824362, 0.5170264545343901, 0.5161978535875223, 0.5153702281358832, 0.514543787079092, 0.5137178208017608, 0.5128922530123846, 0.5120678271914038, 0.5112439778505211, 0.5104208636152286, 0.5095978395835131, 0.5087748987671217, 0.5079527114498581, 0.5071307967850207, 0.5063097084362258, 0.5054887782867147, 0.5046688431502949, 0.5038492705355319, 0.5030297698978808, 0.5022104788376959, 0.5013913947326477, 0.500572508957459, 0.49975425264737944, 0.4989361334800249, 0.4981191417073816, 0.4973022906595205, 0.49648580273227394, 0.4956714290233167, 0.4948572355887766, 0.49404329459445323, 0.49323026619108035, 0.49241734546833327, 0.491604845923681, 0.49079275040674025, 0.4899809072965185, 0.489169392915936, 0.48835926620553505, 0.48755029939290656, 0.4867415638762682, 0.48593304725835956, 0.4851249601848868, 0.4843178554912476, 0.48351142622810894, 0.4827055647195874, 0.48190031720826987, 0.4810951683583642, 0.4802901748418422, 0.47948558805727765, 0.47868161882692484, 0.47787802047504957, 0.47707462727184297, 0.47627165122038395, 0.4754697351040341, 0.4746678911275263, 0.4738660583975073, 0.47306431269003596, 0.4722626265456346, 0.4714614846173052, 0.47066064561775783, 0.4698604807061014, 0.4690604725485304, 0.4682605824324586, 0.4674615904652398, 0.4666626635914589, 0.46586391836074204, 0.4650652271430201, 0.46426746977329403, 0.4634697386739409, 0.4626721785080095, 0.4618755218435884, 0.4610791484400966, 0.4602833727084862, 0.4594878184765697, 0.45869244241035684, 0.45789718567837556, 0.4571026938664663, 0.456308416841671, 0.45551465067410124, 0.45472117449876126, 0.4539278939413062, 0.45313471987065845, 0.4523429999249033, 0.4515517715299088, 0.4507610081594844, 0.4499704419486636, 0.4491801107009583, 0.4483912956501724, 0.4476031891497948, 0.446815088267314, 0.4460271160367648, 0.4452392586403037, 0.4444515390064987, 0.44366419014500835, 0.4428768719991292, 0.4420909271772691, 0.44130561448579564, 0.4405203981415986, 0.439736552550797, 0.43895479043176494, 0.43817357479870434, 0.43739247546126747, 0.4366114432716868, 0.4358306058621341, 0.43504992133473114, 0.4342693570297499, 0.4334888263680714, 0.43270835080184855, 0.43192792529760893, 0.43114766890914263, 0.4303677282989372, 0.42958839689355277, 0.428809179720909, 0.428030264625243, 0.42725211547702435, 0.42647444864769946, 0.4256978513937634, 0.4249217026500485, 0.42414570382844563, 0.4233703336147259, 0.4225956167708899, 0.4218223872601615, 0.42104973095742526, 0.42027721867286816, 0.419505051622582, 0.4187336021200925, 0.41796311704747086, 0.41719275696039954, 0.4164225689184631, 0.4156529627419385, 0.4148855215382432, 0.4141187088343076, 0.4133525180805697, 0.41258686396340816, 0.4118222141043189, 0.4110575935862069, 0.4102931748769576, 0.40952901998447633, 0.4087652092674184, 0.408001751450355, 0.4072389760843883, 0.406476335285277, 0.4057142984093872, 0.4049526154488931, 0.4041910776610429, 0.40343004364947893, 0.40266915292505356, 0.4019083062944621, 0.40114765409012004, 0.4003871442218112, 0.3996266492479565, 0.3988665706735304, 0.3981067935501354, 0.39734737057780484, 0.3965888536287664, 0.39583080871605547, 0.3950733318886726, 0.3943164946302473, 0.3935599396722515, 0.39280353203608287, 0.392047416569076, 0.391291864040068, 0.39053665366125656, 0.38978327566996274, 0.3890299553010231, 0.3882769262985444, 0.3875240023945563, 0.3867714206740747, 0.38601884912009454, 0.3852663524736746, 0.3845141767575666, 0.3837625609260998, 0.3830110095147227, 0.38226009882248685, 0.38150926091238113, 0.3807586178325072, 0.3800092417232147, 0.3792599403628306, 0.3785108197617121, 0.37776249809472756, 0.3770143685583499, 0.3762669266601924, 0.37552021293979393, 0.37477482202645, 0.37402971035707444, 0.37328490706473894, 0.3725402785179308, 0.37179687274804024, 0.37105353287593584, 0.3703102523273238, 0.36956701530963115, 0.36882385641760806, 0.3680809500912627, 0.3673387186654699, 0.36659660350008905, 0.36585466136961287, 0.3651140077787051, 0.36437357880947485, 0.36363316475458823, 0.36289294595195787, 0.3621531338187878, 0.3614139029669895, 0.3606747573767037, 0.3599365519642266, 0.35919898504009645, 0.3584622034286983, 0.3577256649887944, 0.3569892828838372, 0.3562529769197866, 0.3555169955597248, 0.35478114511984477, 0.3540456346549326, 0.3533101694995216, 0.35257523245860767, 0.35184032310235247, 0.3511054467673194, 0.3503708647125973, 0.34963629767646076, 0.34890260642818277, 0.34816895659416425, 0.34743626538232847, 0.34670394535402566, 0.34597200102377257, 0.34524012409531335, 0.3445083745368065, 0.3437773844433633, 0.3430470576341769, 0.3423168161564938, 0.34158771730827747, 0.34086032440993125, 0.34013353749862124, 0.3394068750349757, 0.3386802190011239, 0.33795443613067033, 0.33722887687798203, 0.33650346256872604, 0.33577831639002054, 0.33505439282603583, 0.3343307394503118, 0.333607415817099, 0.3328841291657892, 0.3321613201039886, 0.33143871501224037, 0.33071617294906097, 0.32999367454202855, 0.32927175046679236, 0.32855026192983056, 0.3278290154926625, 0.32710858961674777, 0.3263888445500174, 0.3256691250038865, 0.3249497998749002, 0.32423051217223026, 0.3235125562661066, 0.32279466876308965, 0.32207832074299003, 0.3213627185385752, 0.3206478811256892, 0.31993341071124604, 0.319219272092203, 0.31850570600509054, 0.31779219868138003, 0.317079184493692, 0.31636652642772156, 0.31565487402911746, 0.3149435477069637, 0.31423266642211617, 0.3135219286924661, 0.31281135271147004, 0.3121011629120242, 0.3113912022340235, 0.3106824033404695, 0.3099741289456267, 0.30926594515657635, 0.30855851603291556, 0.30785121581215774, 0.3071441890029564, 0.30643755747595813, 0.30573111206589665, 0.3050247260218269, 0.3043189199402991, 0.30361314803123335, 0.3029075185354255, 0.30220199085039384, 0.30149651653437826, 0.3007915346978694, 0.3000866475110697, 0.29938184418451297, 0.2986770850149792, 0.2979724341742674, 0.2972683565378575, 0.29656482998490746, 0.29586164864242287, 0.295158650481738, 0.2944561447676063, 0.29375443707748167, 0.29305326857773495, 0.29235247212073673, 0.2916525386595644, 0.2909533214857594, 0.2902542586213465, 0.2895553605363862, 0.2888571728946324, 0.2881590334644379, 0.2874611562748486, 0.2867637640204367, 0.2860668554694106, 0.2853700396693064, 0.28467341842025473, 0.2839770976070512, 0.2832810690351612, 0.2825852285839894, 0.28188964774388725, 0.2811942582536151, 0.28049928613911373, 0.27980474545143175, 0.27911055644614874, 0.27841684689633667, 0.277723264337449, 0.27703052324276195, 0.27633813608043134, 0.27564634282023776, 0.27495468241464, 0.2742632312316465, 0.27357274834646483, 0.27288280677821597, 0.2721929393931748, 0.2715034598928754, 0.2708144097149232, 0.27012559930160124, 0.26943692225902804, 0.2687487819018494, 0.2680608078820876, 0.26737322143831227, 0.2666858918874806, 0.2659986285719511, 0.26531168293391066, 0.2646249947750251, 0.2639392168817924, 0.2632534910600931, 0.26256780012990816, 0.2618821836049027, 0.26119689378162037, 0.26051165772225937, 0.2598269117239487, 0.2591427625985784, 0.2584592810142994, 0.2577758944513038, 0.2570928179624101, 0.25641056697671755, 0.25572839286023663, 0.2550465360284215, 0.2543647269936217, 0.253683486096582, 0.25300271930391177, 0.2523225253637648, 0.2516424169232479, 0.2509624370700853, 0.2502825474023483, 0.24960316715717204, 0.24892410812451718, 0.24824588224211103, 0.24756793069710725, 0.24689003834299642, 0.2462122182791584, 0.24553477937812393, 0.2448574503139964, 0.24418053188618943, 0.243503764352881, 0.24282728946844323, 0.24215083238437732, 0.24147490303919888, 0.2407995472906725, 0.24012435467220486, 0.23945102899716642, 0.2387777270680062, 0.23810450259544463, 0.2374316542062871, 0.23675924666765857, 0.23608690463056287, 0.23541459288100167, 0.23474315973816204, 0.23407264659137353, 0.23340226896768396, 0.2327319777447438, 0.232061969283191, 0.23139202703814876, 0.2307231594729838, 0.23005438396445282, 0.22938617124364805, 0.228718019845116, 0.22805057364699352, 0.22738327494092886, 0.226716346724395, 0.22604945859789158, 0.2253827605342842, 0.22471629016675912, 0.2240502437075617, 0.22338464728743923, 0.22271974144012985, 0.2220550825964188, 0.22139140538490176, 0.22072859343334336, 0.22006596161880262, 0.21940373305667724, 0.21874168225801555, 0.2180805113548901, 0.21741976369864136, 0.21675912650745177, 0.21609970750898344, 0.21544120165902816, 0.2147829603011252, 0.21412508005127745, 0.2134678429984326, 0.21281117515905915, 0.21215509242229766, 0.21149905758154083, 0.2108430449914624, 0.21018723926562446, 0.20953266466148823, 0.2088787427741664, 0.20822501412629044, 0.20757171693616033, 0.2069191030014903, 0.20626676255415496, 0.2056144709729018, 0.20496278635219556, 0.20431151064651756, 0.20366070270721942, 0.20301018154159592, 0.2023600405979253, 0.20171001011384584, 0.20106014219279336, 0.20041050100252536, 0.1997613798564836, 0.19911236897592446, 0.19846412978941239, 0.19781592987934996, 0.19716830499800184, 0.19652075270768554, 0.1958738078078142, 0.19522705972886287, 0.1945806845920866, 0.19393483955211588, 0.1932890597954213, 0.19264555760294377, 0.1920022705369873, 0.19135906842545605, 0.1907164581872814, 0.19007397971468093, 0.18943236644138686, 0.18879098807539388, 0.18814998301547559, 0.18750920453540076, 0.18686929208222336, 0.18622968822137667, 0.18559014073489027, 0.1849519376208401, 0.18431381553442408, 0.18367637305165257, 0.18303911249319724, 0.18240234472037814, 0.18176636479997563, 0.18113058200631096, 0.18049624790290067, 0.17986229187705757, 0.17922851829872213, 0.17859581396716334, 0.17796361495408347, 0.17733151452074017, 0.1766995433409374, 0.17606982174660313, 0.1754404092818409, 0.17481101218521847, 0.17418279073638704, 0.17355482891923402, 0.17292699135827497, 0.17229937808265533, 0.1716718069610691, 0.17104435302930818, 0.17041757573115363, 0.1697910878018292, 0.16916478038505986, 0.16853903833966924, 0.16791389715577737, 0.16729004916399548, 0.1666674502051535, 0.16604558359188704, 0.16542400507033111, 0.16480294507077198, 0.16418202928069053, 0.1635613841067538, 0.16294110627661648, 0.162320961111046, 0.16170099133803653, 0.16108132620609178, 0.16046180608371982, 0.1598423937475856, 0.15922438337039732, 0.1586064699998899, 0.15798977436416123, 0.15737417358089367, 0.156758641174657, 0.15614454794251623, 0.15553055985840195, 0.15491674592801807, 0.15430335403577686, 0.15369036371292477, 0.15307830273015954, 0.15246669870434917, 0.1518553518637908, 0.151244234446688, 0.15063363975543165, 0.15002349212391153, 0.14941440377505646, 0.14880692912093615, 0.14819968895924013, 0.14759292076176056, 0.1469864944712533, 0.14638069103997653, 0.14577522349704772, 0.14516994565002872, 0.14456535146545496, 0.1440920852901166, 0.1434885834130296, 0.1428855894038882, 0.1422829874296299, 0.14168125989182198, 0.14107967965822904, 0.14047864576107158, 0.1398778705910711, 0.13927719524412216, 0.13867700249858872, 0.1380769686960073, 0.13747737719426664, 0.13687790724093976, 0.13627871021505558, 0.13567982293077033, 0.13508103430029325, 0.13448239624069797, 0.13388420774744758, 0.13328824562852037, 0.13269257322478714, 0.13209712740669435, 0.13150231897396827, 0.1309081526367553, 0.13031445799525535, 0.1297208383634995, 0.12912852198478827, 0.12853686574748382, 0.1279452925714005, 0.1273542167212285, 0.12676366608951564, 0.12617330071486244, 0.12558312010465153, 0.1249931340902556, 0.1244034585475758, 0.12381388214418297, 0.12322457733449327, 0.12263587228796047, 0.12204845629416256, 0.12146118265737758, 0.12087425841488164, 0.12028789560315589, 0.11970176821000918, 0.11911584064025943, 0.118530156861365, 0.11794489660836056, 0.11735993308495736, 0.11677519064277374, 0.11619085314643152, 0.11560721174770229, 0.1150239867640178, 0.11444124492152395, 0.11386004523230207, 0.11327946752168074, 0.11269947982304515, 0.1121197347064324, 0.11154015882271051, 0.11096101471415762, 0.11038350948995534, 0.10980613302342297, 0.10922894953085234, 0.10865210671350282, 0.10807575537946719, 0.10749957814055837, 0.10692383463819244, 0.1063485065892841, 0.105774367845674, 0.1052006561690108, 0.10462744712958677, 0.10405470834234348, 0.10348296445928366, 0.10291164404202562, 0.1023414124369101, 0.10177193215079514, 0.10120284558336122, 0.10063443750087746, 0.10006705932878439, 0.09949995619408014, 0.09893303737289835, 0.09836634891951264, 0.09780020664462895, 0.09723502313815467, 0.09667070690056806, 0.09610657987400706, 0.0955430880498134, 0.0949802090454739, 0.09441834552062528, 0.09385687619144867, 0.09329581465114302, 0.09273498184285649, 0.0921745071962809, 0.09161513395656082, 0.09105618509282316, 0.09049769811967748, 0.089940203371863, 0.0893830893087434, 0.08882664956910756, 0.08827103534169925, 0.08771626455400351, 0.08716188976089534, 0.08660846226691096, 0.08605526216826977, 0.08550259043474696, 0.08495023668048353, 0.08440048939112865, 0.0838510536658205, 0.08330197383118414, 0.08275336076443934, 0.08220508070462168, 0.08165742948645094, 0.08111130215252946, 0.08056544429917353, 0.08002147028589841, 0.07947911860109505, 0.07893775200059928, 0.07839770852110126, 0.0778586693234937, 0.07732006107293728, 0.07678293391540975, 0.07624640378828097, 0.07571070848328156, 0.07517581763566526, 0.07464199672925693, 0.07410945571427156, 0.07357761185959735, 0.07304809064346986, 0.07252041361180374, 0.07199316473785229, 0.07146661505967307, 0.07094052230959998, 0.07041481466505836, 0.06988956546098682, 0.06936474328310976, 0.06884037059226791, 0.06831651564096189, 0.06779496026162332, 0.06727407564787596, 0.06675364945458226, 0.0662345565052172, 0.06571634730742766, 0.06519879717490532, 0.06468199616624848, 0.06416578958352374, 0.06365071894207255, 0.06313667846374396, 0.06262362041471382, 0.06211151215375763, 0.0616001950544434, 0.06108975688164994, 0.06058248314016024, 0.06007584735529492, 0.059570136595818016, 0.059065520715113624, 0.05856265472153282, 0.05806085600705814, 0.0575603537363261, 0.057060842734835845, 0.05656345423131714, 0.05606913580217282, 0.05557599765744329, 0.05508390799278187, 0.05459269331611048, 0.05410390218800596, 0.05361648375333281, 0.05313089006911434, 0.05264690719998757, 0.052163862383641096, 0.05168303390142637, 0.051203667953474204, 0.05072532106427115, 0.050248452919203095, 0.04977365976286248, 0.049300130781671045, 0.04882851337491163, 0.048358218124477145, 0.047890396773667285, 0.04742589941590967, 0.04696334044302201, 0.046502935140508274, 0.046044745667723506, 0.04558838548169432, 0.04513335988353747, 0.044679617622791226, 0.04422764357726903, 0.0437774861513929, 0.043329011666179224, 0.04288254058342957, 0.04243778393205957, 0.041994666399428504, 0.04155333152479071, 0.041113803265527805, 0.04067607155455007, 0.040240314759467426, 0.03980731733708433, 0.039376145029711936, 0.03894700947951973, 0.03852051312274718, 0.03809678945532065, 0.0376773817556594, 0.037261790864822376, 0.036848653253808976, 0.036438162309966035, 0.03603145982391142, 0.03562747868380254, 0.03522784433307495, 0.03483135493229598, 0.0344374707325134, 0.034046751610426994, 0.0336593297146078, 0.033275216796221446, 0.03289470796300111, 0.03251766803694589, 0.032144120368516736, 0.03177386120827561, 0.03140809671486863, 0.031046759694606157, 0.030689239575842017, 0.030335464299712494, 0.02998611403046403, 0.02964092947386975, 0.029299913035336054, 0.028964607219258927, 0.028633951817109978, 0.028308277255263498, 0.027987445440921032, 0.027672146397691826, 0.027363505214514208, 0.027060738369762572, 0.02676400379064822, 0.026473896652890752, 0.026189325298716346, 0.02591128869489948, 0.025639654791574987, 0.025374139887052092, 0.02511623321374829, 0.024865522225072843, 0.024679012452176824, 0.024440855762436257, 0.024210489019286723, 0.02398803893872128, 0.0237719239703119, 0.023563310070793122, 0.02336272944051351, 0.023170313286052478, 0.022986629620167526, 0.02281269019950436, 0.022647703995459387, 0.022490321271511498, 0.022341098299264613, 0.022199867958185394, 0.022066663794006704, 0.021942036905160698, 0.02182683775014492, 0.021720353750746837, 0.021622188510379576, 0.021532731482367055, 0.021452860883907406, 0.021381220062162275, 0.021316902213960216, 0.02126002743637922, 0.021212546675913248, 0.021172799683090278, 0.02113990362001811, 0.021113827149181415, 0.021101085996974828, 0.021090051582860897, 0.021085923363469632, 0.02108913663857468, 0.02111011942759953]",EGB_XGB_GAM_RANDOM_RANDOM,synthetic_ordering1000,2,5,42,150
"['offset', 'x579', 'x64', 'x799', 'x77', 'x527', 'x903', 'x424', 'x170', 'x676', 'x655', 'x704', 'x420', 'x673', 'x634', 'x94', 'x504', 'x964', 'x954', 'x362', 'x786', 'x229', 'x460', 'x758', 'x19', 'x997', 'x174', 'x665', 'x831', 'x871', 'x851', 'x666', 'x781', 'x927', 'x465', 'x462', 'x142', 'x975', 'x440', 'x116', 'x991', 'x823', 'x17', 'x394', 'x790', 'x847', 'x448', 'x732', 'x342', 'x646', 'x13', 'x951', 'x12', 'x846', 'x913', 'x784', 'x616', 'x267', 'x890', 'x475', 'x240', 'x264', 'x42', 'x23', 'x36', 'x869', 'x619', 'x761', 'x288', 'x645', 'x337', 'x897', 'x551', 'x541', 'x932', 'x320', 'x522', 'x801', 'x209', 'x427', 'x936', 'x818', 'x478', 'x212', 'x911', 'x459', 'x610', 'x937', 'x780', 'x319', 'x763', 'x425', 'x355', 'x583', 'x121', 'x57', 'x321', 'x265', 'x995', 'x562', 'x67', 'x145', 'x998', 'x185', 'x407', 'x432', 'x303', 'x734', 'x216', 'x928', 'x848', 'x896', 'x398', 'x577', 'x993', 'x164', 'x986', 'x132', 'x147', 'x525', 'x916', 'x106', 'x868', 'x261', 'x941', 'x854', 'x361', 'x875', 'x195', 'x58', 'x670', 'x557', 'x686', 'x128', 'x795', 'x891', 'x86', 'x977', 'x894', 'x204', 'x905', 'x745', 'x971', 'x103', 'x994', 'x967', 'x113', 'x952', 'x519', 'x762', 'x477', 'x821', 'x87', 'x938', 'x100', 'x684', 'x723', 'x556', 'x900', 'x134', 'x3', 'x485', 'x948', 'x814', 'x643', 'x521', 'x254', 'x92', 'x596', 'x409', 'x741', 'x893', 'x430', 'x565', 'x181', 'x538', 'x620', 'x335', 'x152', 'x816', 'x149', 'x350', 'x418', 'x693', 'x144', 'x41', 'x333', 'x329', 'x178', 'x31', 'x717', 'x929', 'x247', 'x794', 'x669', 'x383', 'x886', 'x334', 'x376', 'x766', 'x870', 'x720', 'x84', 'x353', 'x307', 'x604', 'x582', 'x104', 'x390', 'x293', 'x935', 'x395', 'x191', 'x366', 'x306', 'x606', 'x884', 'x192', 'x640', 'x809', 'x810', 'x921', 'x834', 'x668', 'x737', 'x888', 'x765', 'x584', 'x912', 'x250', 'x960', 'x89', 'x336', 'x444', 'x828', 'x721', 'x166', 'x981', 'x323', 'x114', 'x679', 'x118', 'x217', 'x5', 'x628', 'x184', 'x500', 'x131', 'x450', 'x363', 'x901', 'x787', 'x429', 'x227', 'x177', 'x613', 'x66', 'x47', 'x807', 'x463', 'x385', 'x623', 'x558', 'x469', 'x774', 'x622', 'x416', 'x811', 'x190', 'x241', 'x484', 'x26', 'x963', 'x14', 'x183', 'x322', 'x566', 'x850', 'x808', 'x627', 'x772', 'x564', 'x652', 'x412', 'x290', 'x739', 'x874', 'x709', 'x273', 'x922', 'x589', 'x213', 'x449', 'x892', 'x730', 'x793', 'x866', 'x286', 'x861', 'x633', 'x159', 'x11', 'x574', 'x826', 'x223', 'x624', 'x370', 'x578', 'x953', 'x153', 'x862', 'x548', 'x956', 'x908', 'x51', 'x270', 'x599', 'x372', 'x421', 'x650', 'x705', 'x74', 'x832', 'x380', 'x417', 'x982', 'x687', 'x978', 'x433', 'x592', 'x637', 'x48', 'x571', 'x641', 'x567', 'x381', 'x318', 'x775', 'x314', 'x569', 'x550', 'x773', 'x819', 'x663', 'x873', 'x479', 'x516', 'x572', 'x798', 'x391', 'x298', 'x56', 'x6', 'x453', 'x898', 'x326', 'x776', 'x305', 'x785', 'x788', 'x206', 'x804', 'x285', 'x193', 'x271', 'x587', 'x696', 'x543', 'x252', 'x499', 'x189', 'x767', 'x549', 'x72', 'x90', 'x536', 'x618', 'x840', 'x575', 'x593', 'x674', 'x441', 'x357', 'x367', 'x860', 'x827', 'x729', 'x591', 'x708', 'x714', 'x838', 'x435', 'x205', 'x364', 'x138', 'x588', 'x351', 'x725', 'x35', 'x595', 'x354', 'x95', 'x724', 'x744', 'x176', 'x200', 'x468', 'x54', 'x698', 'x534', 'x621', 'x701', 'x511', 'x742', 'x561', 'x753', 'x789', 'x268', 'x675', 'x330', 'x825', 'x703', 'x754', 'x232', 'x33', 'x824', 'x122', 'x406', 'x279', 'x297', 'x339', 'x148', 'x719', 'x855', 'x60', 'x915', 'x7', 'x731', 'x531', 'x688', 'x211', 'x349', 'x647', 'x455', 'x130', 'x359', 'x231', 'x783', 'x695', 'x338', 'x404', 'x331', 'x141', 'x248', 'x755', 'x770', 'x226', 'x626', 'x586', 'x111', 'x218', 'x877', 'x371', 'x940', 'x251', 'x443', 'x325', 'x140', 'x881', 'x876', 'x278', 'x957', 'x135', 'x386', 'x277', 'x539', 'x91', 'x230', 'x392', 'x792', 'x706', 'x651', 'x236', 'x49', 'x942', 'x295', 'x976', 'x895', 'x771', 'x653', 'x983', 'x242', 'x214', 'x52', 'x885', 'x327', 'x727', 'x999', 'x162', 'x533', 'x540', 'x234', 'x712', 'x476', 'x849', 'x694', 'x523', 'x756', 'x791', 'x555', 'x931', 'x294', 'x974', 'x451', 'x196', 'x924', 'x917', 'x943', 'x833', 'x414', 'x512', 'x9', 'x642', 'x689', 'x716', 'x530', 'x168', 'x902', 'x378', 'x315', 'x864', 'x990', 'x126', 'x835', 'x59', 'x764', 'x858', 'x98', 'x700', 'x498', 'x233', 'x123', 'x249', 'x311', 'x282', 'x736', 'x493', 'x39', 'x526', 'x544', 'x509', 'x779', 'x389', 'x573', 'x513', 'x830', 'x272', 'x415', 'x690', 'x346', 'x426', 'x81', 'x841', 'x69', 'x219', 'x447', 'x78', 'x691', 'x125', 'x612', 'x883', 'x944', 'x958', 'x979', 'x598', 'x53', 'x580', 'x968', 'x396', 'x466', 'x692', 'x239', 'x576', 'x947', 'x99', 'x492', 'x470', 'x494', 'x984', 'x215', 'x532', 'x889', 'x259', 'x291', 'x262', 'x280', 'x707', 'x615', 'x50', 'x109', 'x96', 'x603', 'x457', 'x661', 'x491', 'x520', 'x800', 'x487', 'x413', 'x629', 'x167', 'x163', 'x124', 'x560', 'x930', 'x105', 'x805', 'x748', 'x865', 'x844', 'x836', 'x471', 'x777', 'x352', 'x757', 'x199', 'x750', 'x201', 'x434', 'x83', 'x221', 'x158', 'x659', 'x728', 'x289', 'x107', 'x945', 'x115', 'x608', 'x685', 'x287', 'x635', 'x464', 'x514', 'x422', 'x636', 'x182', 'x515', 'x747', 'x768', 'x82', 'x260', 'x117', 'x143', 'x408', 'x966', 'x528', 'x639', 'x399', 'x467', 'x63', 'x678', 'x161', 'x542', 'x815', 'x597', 'x657', 'x224', 'x393', 'x283', 'x988', 'x328', 'x664', 'x2', 'x857', 'x21', 'x373', 'x243', 'x198', 'x146', 'x71', 'x382', 'x85', 'x925', 'x348', 'x220', 'x439', 'x751', 'x919', 'x154', 'x46', 'x718', 'x188', 'x256', 'x454', 'x822', 'x503', 'x324', 'x752', 'x343', 'x155', 'x431', 'x697', 'x909', 'x27', 'x160', 'x110', 'x614', 'x950', 'x980', 'x910', 'x497', 'x175', 'x369', 'x344', 'x428', 'x44', 'x992', 'x263', 'x384', 'x535', 'x743', 'x129', 'x899', 'x313', 'x879', 'x45', 'x16', 'x225', 'x22', 'x108', 'x437', 'x702', 'x93', 'x157', 'x713', 'x1000', 'x970', 'x401', 'x8', 'x609', 'x508', 'x299', 'x24', 'x387', 'x119', 'x340', 'x829', 'x28', 'x682', 'x246', 'x486', 'x203', 'x222', 'x269', 'x797', 'x715', 'x735', 'x472', 'x10', 'x867', 'x648', 'x803', 'x554', 'x37', 'x151', 'x907', 'x630', 'x452', 'x445', 'x845', 'x228', 'x25', 'x316', 'x547', 'x79', 'x581', 'x341', 'x136', 'x438', 'x332', 'x345', 'x660', 'x482', 'x458', 'x733', 'x410', 'x985', 'x474', 'x274', 'x150', 'x379', 'x959', 'x137', 'x506', 'x210', 'x80', 'x301', 'x302', 'x245', 'x872', 'x563', 'x972', 'x20', 'x887', 'x496', 'x759', 'x649', 'x388', 'x939', 'x258', 'x856', 'x632', 'x782', 'x127', 'x880', 'x722', 'x545', 'x4', 'x631', 'x156', 'x368', 'x317', 'x423', 'x559', 'x165', 'x40', 'x955', 'x187', 'x411', 'x839', 'x989', 'x501', 'x537', 'x65', 'x304', 'x529', 'x76', 'x904', 'x711', 'x602', 'x699', 'x495', 'x15', 'x284', 'x969', 'x607', 'x473', 'x179', 'x266', 'x255', 'x446', 'x517', 'x863', 'x600', 'x483', 'x347', 'x672', 'x667', 'x906', 'x197', 'x502', 'x253', 'x987', 'x654', 'x813', 'x973', 'x296', 'x546', 'x710', 'x68', 'x961', 'x194', 'x524', 'x73', 'x34', 'x375', 'x309', 'x169', 'x308', 'x38', 'x442', 'x1', 'x949', 'x365', 'x244', 'x510', 'x749', 'x553', 'x62', 'x878', 'x677', 'x760', 'x683', 'x360', 'x853', 'x837', 'x552', 'x133', 'x29', 'x656', 'x812', 'x738', 'x139', 'x208', 'x281', 'x590', 'x43', 'x585', 'x490', 'x112', 'x843', 'x740', 'x207', 'x377', 'x400', 'x101', 'x292', 'x32', 'x61', 'x88', 'x436', 'x644', 'x965', 'x594', 'x796', 'x397', 'x601', 'x946', 'x934', 'x180', 'x769', 'x172', 'x238', 'x300', 'x275', 'x611', 'x820', 'x461', 'x638', 'x671', 'x778', 'x505', 'x237', 'x726', 'x859', 'x605', 'x923', 'x489', 'x658', 'x914', 'x171', 'x806', 'x102', 'x996', 'x933', 'x97', 'x312', 'x456', 'x70', 'x402', 'x310', 'x625', 'x488', 'x30', 'x570', 'x882', 'x405', 'x518', 'x186', 'x817', 'x920', 'x842', 'x918', 'x257', 'x480', 'x403', 'x662', 'x680', 'x358', 'x852', 'x55', 'x746', 'x568', 'x617', 'x235', 'x75', 'x926', 'x276', 'x18', 'x419', 'x481', 'x802', 'x120', 'x202', 'x507', 'x356', 'x374', 'x962', 'x681', 'x173']","[0.7174612742975268, 0.7168491300444396, 0.7154763809418312, 0.7141797262718932, 0.7129417516387521, 0.7117763537842164, 0.7106134294159817, 0.7094647569895313, 0.7083223276586533, 0.7071887380103412, 0.706072655767659, 0.7049764195389145, 0.7038959782944033, 0.7028186915149489, 0.7017452944160498, 0.7006823263651523, 0.6996207610051212, 0.6985634966088572, 0.6975086815036868, 0.6964586465521253, 0.695410333769255, 0.6943760002071683, 0.6933417130928972, 0.6923080258414704, 0.6912806055221661, 0.6902534515648845, 0.6892278622092629, 0.6882023054366889, 0.6871780081650047, 0.686154541011414, 0.6851347721052656, 0.6841225591940984, 0.6831109174523913, 0.6821034215004559, 0.6810968050578579, 0.680098752159604, 0.6791017479842244, 0.6781074386099691, 0.677114524266362, 0.6761269698199233, 0.6751435708973968, 0.6741639391072111, 0.6731864022502787, 0.6722112292435338, 0.6712395552275713, 0.6702685564064897, 0.6692998225701997, 0.6683327213368553, 0.667366095194603, 0.666399823285176, 0.6654343379511516, 0.6644707513127742, 0.6635078384186694, 0.6625467104835447, 0.6615867159686709, 0.6606271640159772, 0.6596719266061783, 0.6587176704658831, 0.6577645243776659, 0.6568137910812163, 0.6558636504239961, 0.6549135997457625, 0.6539650893187825, 0.6530168770070945, 0.6520686835231655, 0.6511233294799216, 0.6501780604271926, 0.6492346190359228, 0.648291810338749, 0.6473507743208794, 0.6464099213559803, 0.6454695364841679, 0.6445295902436611, 0.6435905934327691, 0.6426523962843531, 0.6417145831058412, 0.6407777850845752, 0.6398419967258436, 0.6389064916599474, 0.6379726627089646, 0.6370390890706503, 0.6361056818387557, 0.635173999727996, 0.6342426374643529, 0.633311707304253, 0.6323810044707024, 0.631451768027341, 0.6305247557494867, 0.6295994763369667, 0.628676634598901, 0.6277538784682788, 0.6268318849144483, 0.6259126959389977, 0.6249943803886324, 0.6240767178367606, 0.6231613511440958, 0.6222469744224222, 0.6213326387272932, 0.6204189215912385, 0.6195052649209629, 0.6185949674640747, 0.6176860879208548, 0.6167777133151084, 0.6158705073376141, 0.6149643482123066, 0.6140612653250287, 0.613158306992212, 0.6122553527914115, 0.6113528621770615, 0.610451266946325, 0.6095502984479807, 0.608649872523453, 0.6077497980199678, 0.6068513063383538, 0.6059531439530319, 0.6050556752006626, 0.6041586815298218, 0.6032638775378434, 0.6023695691098884, 0.6014756168351304, 0.6005831295404018, 0.599692617453797, 0.598802391321122, 0.5979122862457423, 0.597022520964445, 0.5961333333165346, 0.5952447469268864, 0.5943562189998729, 0.5934681129024828, 0.592581958435674, 0.5916964933619393, 0.590811918026559, 0.5899274813482005, 0.5890447729609468, 0.5881620793936391, 0.5872794750974896, 0.5863979421486432, 0.58551666118614, 0.5846373409641562, 0.5837582643093142, 0.5828798449003544, 0.5820014995591173, 0.5811232022877709, 0.58024564697796, 0.5793700769363316, 0.5784956547652482, 0.5776218031169165, 0.5767507202477665, 0.575879804672694, 0.5750108127428726, 0.5741420808714194, 0.573273962269026, 0.5724059821498083, 0.5715381329673622, 0.5706705314636829, 0.5698040478505116, 0.5689387029680011, 0.5680733682773217, 0.5672084914892541, 0.5663453678390109, 0.5654825213481429, 0.5646198770035651, 0.5637577839868241, 0.562896928088998, 0.5620368360820889, 0.561176756629334, 0.5603172847367606, 0.5594584148573157, 0.558599678059349, 0.5577409914274389, 0.5568839883697018, 0.556028429246085, 0.5551731677701857, 0.5543199562731252, 0.5534668711243642, 0.5526143333386622, 0.551762572941113, 0.5509131854168283, 0.5500643964043151, 0.5492159374138652, 0.5483689449955341, 0.5475223753770272, 0.5466771710560508, 0.5458320862988446, 0.5449880326970609, 0.5441442246694187, 0.5433011511788046, 0.5424585532608223, 0.5416161392993705, 0.5407739041012272, 0.5399325357777256, 0.5390926311082828, 0.5382534436520295, 0.5374147916056126, 0.5365772327203245, 0.5357398779325993, 0.5349032925655989, 0.5340667510460895, 0.5332315546679757, 0.5323964522760501, 0.5315615859124583, 0.5307276208332999, 0.5298941364259672, 0.5290608352863994, 0.5282276192123632, 0.5273946450130974, 0.526561712786584, 0.5257290287223796, 0.5248977456935024, 0.5240666430162884, 0.5232368689823361, 0.522407428702815, 0.521579121947228, 0.5207509450008689, 0.5199231594336323, 0.5190958210627494, 0.5182690872691994, 0.5174426954187489, 0.5166168458985485, 0.5157916408762948, 0.5149669399439828, 0.5141430002245571, 0.5133190884460839, 0.5124957955476028, 0.5116728602426438, 0.5108504384199458, 0.5100285775492293, 0.5092069895757687, 0.508386167272391, 0.507565392917964, 0.5067448184175776, 0.5059243431017041, 0.5051044797908611, 0.5042849011869552, 0.503466187184814, 0.5026477722018965, 0.5018293984143445, 0.5010110422058387, 0.5001943169710358, 0.49937767433366714, 0.4985615515303495, 0.49774594133134636, 0.49693072029092367, 0.4961158567622379, 0.4953014466810643, 0.49448765917642556, 0.4936741259008186, 0.49286070430311324, 0.492047685104242, 0.49123483757669545, 0.4904231520840195, 0.48961189325136667, 0.4888017300073603, 0.48799170246732854, 0.4871821476747656, 0.48637338306495104, 0.4855650276701877, 0.48475687007279544, 0.48394963674038927, 0.48314292032189465, 0.4823364546064695, 0.48153072810151665, 0.4807264016878118, 0.4799222876281797, 0.47911867599357294, 0.4783152306012814, 0.47751184477057734, 0.4767087078226156, 0.47590573651307194, 0.4751034034156247, 0.47430117863268517, 0.4734993439472878, 0.4726985515325681, 0.47189802639272477, 0.4710976266585815, 0.4702983204440053, 0.46950028226665474, 0.4687036044418756, 0.46790793338858827, 0.46711230337224513, 0.46631692465020125, 0.46552203784365875, 0.46472768501984074, 0.46393445690725593, 0.46314227000049557, 0.4623501349190936, 0.4615583664253839, 0.4607669187944143, 0.4599754990483925, 0.4591842044330201, 0.45839301375775965, 0.45760186642511097, 0.4568110942897842, 0.45602075397643105, 0.45523051235234974, 0.45444040939550107, 0.4536508059264804, 0.4528617731347458, 0.4520735797234954, 0.45128604805129885, 0.45049870096422096, 0.4497115195778899, 0.44892449598267636, 0.44813748119044916, 0.44735189743163495, 0.4465663382677632, 0.4457809101265605, 0.44499620199620754, 0.4442120010147173, 0.44342866262450564, 0.44264563394131434, 0.4418627311438318, 0.4410802456979549, 0.44029817811035576, 0.4395161932467546, 0.43873429886119, 0.4379529285915543, 0.4371718522847531, 0.4363913938740244, 0.43561160685948425, 0.43483265204972155, 0.43405454733452536, 0.4332773793189968, 0.43250024345733334, 0.43172319616544835, 0.43094651039607956, 0.43016988113725824, 0.42939366148547997, 0.4286176366650258, 0.42784257659308206, 0.4270681308904151, 0.42629416945994975, 0.4255202529484751, 0.42474648082713473, 0.42397326150520315, 0.42320033597953566, 0.42242767169840484, 0.4216554730818738, 0.4208834256860599, 0.4201114611672192, 0.41934010141622013, 0.41856902144745767, 0.41779802982711034, 0.41702706556818014, 0.41625767947053866, 0.41548840342797794, 0.41471919440535376, 0.4139504768755543, 0.413184355005105, 0.41241839530143865, 0.4116526292913168, 0.41088761316568473, 0.41012304233783825, 0.4093591331621306, 0.40859551154211293, 0.4078321451680036, 0.4070692455906656, 0.4063073484823792, 0.4055454711904274, 0.4047839719894401, 0.40402254432328505, 0.40326155047442236, 0.4025016193577325, 0.40174210704816915, 0.4009831091552067, 0.400224230053505, 0.3994660313252412, 0.39870784129041426, 0.39795061962260586, 0.39719358751500955, 0.3964370520842136, 0.3956814534268209, 0.39492609373467363, 0.3941707638883827, 0.393415535838261, 0.39266041102773414, 0.3919058516268527, 0.3911536581117539, 0.3904014786352962, 0.3896496273047705, 0.38889788397591357, 0.3881462464590845, 0.3873950352191847, 0.3866447640766491, 0.3858953161437619, 0.3851459554717083, 0.3843968370287972, 0.38364800799520293, 0.38289972016341417, 0.38215227462877105, 0.38140494966912647, 0.38065818861199635, 0.3799114705517917, 0.37916515671092954, 0.3784189584817736, 0.377672790374941, 0.3769266779057716, 0.37618105048473865, 0.37543548409385236, 0.37469002827247944, 0.37394496992749654, 0.3732007475453904, 0.372457412474228, 0.3717141399310458, 0.37097116152352716, 0.3702283860737125, 0.3694858331293474, 0.3687437943041783, 0.36800179801630906, 0.36726010137057197, 0.36651894477015623, 0.3657780345902969, 0.3650376421892377, 0.3642973791071448, 0.3635574673058178, 0.36281834369796695, 0.36207975460888975, 0.3613427328825168, 0.3606059686674073, 0.3598692305350911, 0.35913273792295275, 0.35839663804421423, 0.35766063649488705, 0.3569246448277645, 0.3561890573821775, 0.3554534844594018, 0.3547187663648813, 0.35398474792332874, 0.3532508469443242, 0.352517175567381, 0.3517835993042114, 0.35105087820720937, 0.35031830882459997, 0.34958575578055734, 0.34885366230259734, 0.3481218391431745, 0.34739009069691085, 0.34665943902652435, 0.34592912265936915, 0.34519889960434086, 0.3444686808085771, 0.34373891588590966, 0.3430095374485554, 0.34228053803429925, 0.34155234192678596, 0.3408245301965609, 0.3400969440280718, 0.3393698116049721, 0.3386437748218658, 0.33791777604020845, 0.3371920124706097, 0.3364673124922685, 0.3357429495184222, 0.33501896310023965, 0.33429523887807283, 0.3335720398682829, 0.332849205326893, 0.33212682744708233, 0.33140492669182536, 0.3306830509496075, 0.32996182683600783, 0.3292409722026606, 0.32852092460429716, 0.3278015332104296, 0.3270832232321735, 0.326365228411768, 0.32564725460841665, 0.3249294842290425, 0.32421273488984037, 0.32349677279664074, 0.3227808959835538, 0.3220651453971427, 0.32134972405705764, 0.32063443870782216, 0.3199191946425011, 0.3192042549304873, 0.31848941054668506, 0.317774961206445, 0.31706073142578733, 0.31634681064570414, 0.31563305950046694, 0.31491989444193424, 0.31420714408512485, 0.3134950639469441, 0.31278325508117855, 0.31207197393661273, 0.31136090161548907, 0.3106498422808908, 0.3099388221513583, 0.3092281385860049, 0.3085188388706128, 0.30780964441380554, 0.3071004904751477, 0.30639278259111047, 0.3056855377119318, 0.3049789294739234, 0.30427286706840173, 0.3035669187952713, 0.302861240765139, 0.30215566907239233, 0.3014502495757385, 0.30074553466973103, 0.3000410212231993, 0.29933711827638637, 0.2986332869789723, 0.29792953550004436, 0.29722584842842875, 0.2965222113697949, 0.2958191521845512, 0.2951162443330619, 0.2944138638362239, 0.2937117628967635, 0.2930101643138077, 0.29230858512862523, 0.29160717106091383, 0.29090625282489513, 0.29020554071044674, 0.2895056692847044, 0.2888064246090851, 0.28810793577978566, 0.28740981991055814, 0.28671183723801646, 0.2860148869639577, 0.28531803418834883, 0.28462199666612215, 0.28392759561083025, 0.2832336104499018, 0.2825404946716302, 0.28184758166341023, 0.2811546823658625, 0.2804624478666059, 0.27977038065485227, 0.2790783662533421, 0.27838639348518923, 0.2776944571975086, 0.27700285425723614, 0.27631191716418446, 0.27562107547832015, 0.27493064343997786, 0.2742409603973588, 0.2735517400890392, 0.2728628863671517, 0.2721740927766699, 0.2714853259450501, 0.2707965603976145, 0.2701082311546803, 0.2694204014579371, 0.26873278012207785, 0.2680452589295704, 0.26735786858278177, 0.26667062948235204, 0.2659838108026808, 0.26529731015280267, 0.26461099310148084, 0.263924809600568, 0.26323905972496503, 0.2625534827568914, 0.26186843467789056, 0.26118420389282476, 0.2605001890387937, 0.25981659518611433, 0.25913336400383374, 0.2584503049517358, 0.2577673565810376, 0.2570844203250621, 0.2564018733451115, 0.25571982332598636, 0.2550378677409029, 0.25435599477881427, 0.25367444770659525, 0.25299298071946597, 0.25231181204116476, 0.2516314382850948, 0.2509513499793008, 0.25027174467535923, 0.24959248450182953, 0.24891334571159546, 0.24823435468796423, 0.2475554959487696, 0.2468767451190102, 0.24619839220916576, 0.24552048143388114, 0.2448426583399825, 0.2441648784982434, 0.24348722011408952, 0.24280974211190326, 0.24213240636419187, 0.24145515153240535, 0.24077808138701787, 0.2401015143058364, 0.2394255706677756, 0.23875005798252105, 0.23807459890548793, 0.23739937403608785, 0.23672450203622247, 0.23604981200131703, 0.2353752624582373, 0.2347013637126804, 0.2340275790581388, 0.2333539746506548, 0.23268049127892476, 0.23200729241171425, 0.23133518466970746, 0.23066423045685183, 0.22999347655058974, 0.22932314219538616, 0.22865325113600032, 0.22798364170701788, 0.22731429856334714, 0.22664534706895464, 0.2259769112659104, 0.22530899478540237, 0.22464119527854703, 0.2239741305406391, 0.22330789256266687, 0.22264256954139786, 0.221977765786339, 0.22131495587775707, 0.22065219087633833, 0.21999102091920797, 0.21933003928336514, 0.2186696664266939, 0.21800935018453602, 0.21734930339362246, 0.21668990965327362, 0.21603074911738776, 0.2153720338525673, 0.21471369259299838, 0.2140558420094089, 0.21339801794896696, 0.21274024368688968, 0.21208324734787035, 0.21142649892955348, 0.2107699626777383, 0.21011359462973872, 0.20945751867725115, 0.20880198126728622, 0.20814659768654406, 0.20749131261819312, 0.20683632478831793, 0.20618159788352106, 0.20552754356190522, 0.2048738367016437, 0.2042202207671509, 0.20356736876421538, 0.2029150896620759, 0.20226300309344877, 0.20161134604572947, 0.20095988396937153, 0.2003088498005192, 0.19965866949296204, 0.19900974905261698, 0.1983611768101812, 0.19771286958440007, 0.1970647304596566, 0.19641688535992954, 0.19576914834052025, 0.19512260298156525, 0.19447645361098487, 0.19383050071488575, 0.1931847671527503, 0.19253907578272955, 0.1918936427498639, 0.19124954807902841, 0.19060569634437255, 0.18996191673882915, 0.18931830421703216, 0.18867527295699185, 0.18803276714407907, 0.1873903047443391, 0.18674794314407592, 0.18610623484948205, 0.18546491514657762, 0.1848244113559063, 0.1841847252444782, 0.18354569692606393, 0.18290731419367565, 0.182269415862977, 0.18163154475173593, 0.1809944061326729, 0.18035891992949538, 0.17972371637976767, 0.1790886556235203, 0.17845365905982202, 0.1778196916072459, 0.1771866394450525, 0.17655391483742527, 0.17592297663480114, 0.1752927722245779, 0.17466260315292068, 0.17403344369255017, 0.17340499268889126, 0.17277661454183288, 0.1721485604432272, 0.17152083321221684, 0.17089425353384968, 0.1702679072926405, 0.16964171439011874, 0.16901570350159983, 0.1683899461163285, 0.16776473314831922, 0.1671396167925992, 0.16651591890385115, 0.16589269997304748, 0.16527031701527686, 0.16464802550705698, 0.1640271344717653, 0.1634069005083607, 0.16278752352746856, 0.1621683877963587, 0.16155102905032967, 0.16093396192539677, 0.16031723233723463, 0.1597007740009235, 0.15908455193376805, 0.15846847773992287, 0.15785296094747528, 0.15723861722506655, 0.15662434563452277, 0.15601020025886855, 0.15539662373729382, 0.154783604150007, 0.15417094197512515, 0.15355843220304313, 0.15294678801364142, 0.15233533160138465, 0.15172461851266178, 0.1511142889931207, 0.15050461129497678, 0.14989562072640167, 0.14928680486573273, 0.14867826518816177, 0.14806986021904026, 0.14746254648391294, 0.14685533541150733, 0.14624825693573498, 0.14564166153685348, 0.14515275493933044, 0.1445465160300519, 0.14394053742092638, 0.14333469783869518, 0.14272892809792417, 0.1421250495994507, 0.1415214022651777, 0.14091843452126276, 0.14031600371563988, 0.13971397915660588, 0.13911204639012775, 0.13851036931803512, 0.13790971029263543, 0.13730953516459596, 0.13671047666041375, 0.13611151589373527, 0.13551368447394913, 0.13491614865997215, 0.13431912451935996, 0.13372231277811347, 0.13312573123170118, 0.13252936596585116, 0.131933255034443, 0.1313373290828338, 0.13074152552082208, 0.13014606644254417, 0.12955102392201975, 0.12895616650432587, 0.12836158417169602, 0.12776782548418986, 0.12717436469017296, 0.12658142858755866, 0.12598864939505677, 0.12539702022534088, 0.12480589129334473, 0.12421488406900025, 0.12362504934007386, 0.12303633271444114, 0.12244774253309189, 0.12185925185541022, 0.12127141270351775, 0.12068386598439497, 0.12009662172321803, 0.11951008878123939, 0.11892366045880487, 0.11833797325212876, 0.11775318371450891, 0.11716860517274241, 0.11658441125489578, 0.11600195614397178, 0.11541989212475684, 0.11483837348364036, 0.11425705267857372, 0.11367617493717587, 0.11309554953990737, 0.11251559097132272, 0.11193593520973105, 0.11135654638539814, 0.11077742276082261, 0.11019844400771404, 0.10961961263071585, 0.10904116148132936, 0.10846290530112233, 0.10788477171168266, 0.10730689680493226, 0.10672941806907794, 0.10615222128709063, 0.10557529491144262, 0.10499866032579408, 0.10442227579427624, 0.1038462585537481, 0.10327098200141994, 0.1026960061624018, 0.1021214868907225, 0.10154720690004318, 0.100973402306074, 0.10040068489211937, 0.09982845551574146, 0.0992564656674561, 0.09868509406575503, 0.09811495508229187, 0.09754549138838409, 0.09697708962493948, 0.09640898566166198, 0.09584126058834698, 0.0952742899318559, 0.09470784471421467, 0.09414240818898671, 0.0935783629262167, 0.09301453857103202, 0.09245270382437744, 0.09189120366948424, 0.09133057713735142, 0.09077091845685177, 0.09021196204438153, 0.08965443254528092, 0.08909762943289408, 0.08854111694920212, 0.08798496023036367, 0.08742972991394976, 0.08687522732645035, 0.08632250200392445, 0.08577009722493624, 0.08521797626165073, 0.08466681159444986, 0.0841160709367042, 0.08356634347450347, 0.0830170534061425, 0.08246855855094083, 0.08192056711130949, 0.08137345614987418, 0.08082725041224288, 0.08028176164943603, 0.07973840379126404, 0.07919566593484709, 0.0786536715341244, 0.07811221404771407, 0.07757159805370906, 0.0770323787211446, 0.07649404955780849, 0.0759560210167026, 0.07541880399429095, 0.07488191957861792, 0.07434614445588116, 0.07381094564897714, 0.07327713578279543, 0.07274413403815526, 0.07221195795512918, 0.07168036016519092, 0.07114981083162292, 0.0706199988436517, 0.07009105785817459, 0.06956288371968215, 0.069035230623881, 0.06850926902716342, 0.06798510291841235, 0.06746234691956539, 0.06694168290363872, 0.06642156457501877, 0.0659024175257582, 0.06538380102175595, 0.06486752631751559, 0.06435206440042217, 0.0638383630189227, 0.06332539281181158, 0.0628132381643769, 0.06230213554162379, 0.06179287807438373, 0.06128418016179693, 0.060776010382069034, 0.0602688110733122, 0.05976249020346955, 0.05925718004504397, 0.05875276676400315, 0.05824929580243325, 0.057746416919096474, 0.05724421627864047, 0.05674278172473957, 0.056243683760858205, 0.05574544605193638, 0.055248528603237194, 0.054752776736197106, 0.05425930646754306, 0.05376689888762316, 0.05327542256839177, 0.05278481051221379, 0.05229773291995814, 0.051812333475960023, 0.05132814290809548, 0.050845849626789646, 0.05036467971471994, 0.04988657659039217, 0.049410523424562466, 0.04893627115187133, 0.04846308979484684, 0.04799095956792684, 0.04752110358529094, 0.04705261039282698, 0.04658527018133332, 0.046119436806788414, 0.04565517080343423, 0.04519274632526545, 0.04473240739874465, 0.04427414376076966, 0.0438173847484603, 0.04336249889832884, 0.04290927749809197, 0.04245896455407365, 0.042010731104092265, 0.04156442863193291, 0.04112065210163983, 0.040679613164935444, 0.04024161966368891, 0.03980544040055983, 0.03937253932610395, 0.03894211960792964, 0.03851399395182132, 0.038087856999122295, 0.03766421073560542, 0.03724335210925994, 0.03682473450065909, 0.03640907565230813, 0.03599733041048402, 0.03558804598656327, 0.03518111939180663, 0.034776719661669724, 0.03437599102150286, 0.03397892927801565, 0.03358524145210663, 0.033194417123715785, 0.03280666397062571, 0.03242244723373258, 0.03204173024363032, 0.03166469837659527, 0.03129124259391028, 0.03092216760319589, 0.030557101198141378, 0.030197094750055085, 0.02993930450777487, 0.02958850024767298, 0.029242086007536312, 0.02890295306680458, 0.028571083032057704, 0.028243756272969028, 0.027923283245242583, 0.027611203956215746, 0.02730398110776693, 0.027001962851517878, 0.026704911962444768, 0.026413254748328653, 0.026127430901529386, 0.025847076456079626, 0.025573851418209798, 0.02530666108774669, 0.025045749698106367, 0.024792530558862984, 0.024545516480961985, 0.024305657898498728, 0.02407290563159667, 0.023846957951438243, 0.023627602346888016, 0.0234156449025561, 0.023213165501080147, 0.023019141570453455, 0.022833418339635935, 0.02265727453406125, 0.022488281753354454, 0.022327472285919116, 0.022174163606063897, 0.022029384356628167, 0.021895122766684316, 0.021771660409517734, 0.02165603751409548, 0.021549580324883556, 0.021450675015902025, 0.021359270805816347, 0.021277386915900403, 0.021206109588782888, 0.02114205731140816, 0.021085359846691163, 0.02103695753140073, 0.02099847552951202, 0.02097040548886749, 0.02095084033279641]",EGB_XGB_GAM_RANDOM_RANDOM,synthetic_ordering1000,3,5,42,150
"['offset', 'x579', 'x64', 'x799', 'x77', 'x527', 'x903', 'x424', 'x170', 'x676', 'x704', 'x634', 'x420', 'x94', 'x673', 'x964', 'x655', 'x229', 'x504', 'x954', 'x871', 'x362', 'x19', 'x997', 'x174', 'x665', 'x786', 'x460', 'x851', 'x666', 'x758', 'x831', 'x975', 'x142', 'x927', 'x781', 'x465', 'x462', 'x440', 'x116', 'x17', 'x823', 'x991', 'x12', 'x13', 'x847', 'x448', 'x790', 'x342', 'x732', 'x394', 'x951', 'x267', 'x23', 'x42', 'x646', 'x616', 'x320', 'x784', 'x846', 'x913', 'x619', 'x264', 'x761', 'x890', 'x288', 'x475', 'x427', 'x551', 'x869', 'x541', 'x240', 'x645', 'x67', 'x121', 'x36', 'x936', 'x522', 'x209', 'x321', 'x897', 'x212', 'x801', 'x355', 'x319', 'x818', 'x265', 'x459', 'x911', 'x337', 'x932', 'x478', 'x937', 'x995', 'x583', 'x780', 'x425', 'x562', 'x303', 'x145', 'x57', 'x185', 'x763', 'x896', 'x928', 'x610', 'x993', 'x848', 'x407', 'x891', 'x998', 'x432', 'x941', 'x734', 'x916', 'x216', 'x132', 'x106', 'x795', 'x868', 'x854', 'x686', 'x147', 'x525', 'x128', 'x577', 'x261', 'x905', 'x670', 'x971', 'x398', 'x361', 'x875', 'x745', 'x164', 'x994', 'x58', 'x86', 'x986', 'x195', 'x684', 'x762', 'x103', 'x557', 'x521', 'x977', 'x92', 'x100', 'x967', 'x821', 'x519', 'x485', 'x894', 'x409', 'x952', 'x596', 'x113', 'x3', 'x723', 'x204', 'x938', 'x900', 'x565', 'x87', 'x254', 'x350', 'x556', 'x181', 'x538', 'x643', 'x620', 'x134', 'x477', 'x948', 'x144', 'x430', 'x84', 'x886', 'x717', 'x893', 'x376', 'x741', 'x41', 'x794', 'x149', 'x353', 'x693', 'x814', 'x152', 'x333', 'x720', 'x766', 'x816', 'x418', 'x192', 'x247', 'x335', 'x929', 'x307', 'x334', 'x809', 'x178', 'x31', 'x582', 'x383', 'x628', 'x870', 'x329', 'x306', 'x669', 'x366', 'x104', 'x293', 'x250', 'x191', 'x960', 'x395', 'x89', 'x640', 'x114', 'x429', 'x884', 'x584', 'x118', 'x241', 'x450', 'x921', 'x912', 'x668', 'x604', 'x606', 'x66', 'x679', 'x888', 'x765', 'x737', 'x810', 'x463', 'x901', 'x444', 'x166', 'x935', 'x177', 'x834', 'x721', 'x566', 'x47', 'x336', 'x787', 'x390', 'x811', 'x190', 'x963', 'x322', 'x828', 'x363', 'x613', 'x500', 'x5', 'x623', 'x11', 'x981', 'x826', 'x217', 'x26', 'x558', 'x131', 'x484', 'x469', 'x807', 'x184', 'x227', 'x874', 'x223', 'x652', 'x416', 'x774', 'x323', 'x622', 'x14', 'x730', 'x412', 'x808', 'x370', 'x772', 'x773', 'x709', 'x385', 'x449', 'x861', 'x372', 'x578', 'x183', 'x574', 'x564', 'x273', 'x793', 'x956', 'x627', 'x286', 'x785', 'x589', 'x213', 'x433', 'x982', 'x599', 'x290', 'x739', 'x159', 'x908', 'x592', 'x421', 'x6', 'x153', 'x637', 'x850', 'x922', 'x318', 'x549', 'x832', 'x687', 'x650', 'x51', 'x953', 'x206', 'x48', 'x571', 'x548', 'x624', 'x305', 'x892', 'x314', 'x633', 'x270', 'x417', 'x705', 'x767', 'x74', 'x572', 'x285', 'x866', 'x804', 'x978', 'x775', 'x298', 'x862', 'x898', 'x516', 'x873', 'x696', 'x499', 'x56', 'x550', 'x819', 'x567', 'x271', 'x90', 'x788', 'x380', 'x479', 'x381', 'x391', 'x674', 'x587', 'x588', 'x543', 'x663', 'x569', 'x189', 'x641', 'x776', 'x252', 'x364', 'x798', 'x326', 'x200', 'x453', 'x193', 'x72', 'x593', 'x742', 'x435', 'x840', 'x725', 'x575', 'x367', 'x827', 'x621', 'x591', 'x441', 'x703', 'x708', 'x595', 'x205', 'x915', 'x618', 'x789', 'x354', 'x719', 'x138', 'x688', 'x534', 'x95', 'x825', 'x838', 'x176', 'x54', 'x714', 'x130', 'x351', 'x824', 'x729', 'x211', 'x511', 'x698', 'x35', 'x268', 'x357', 'x860', 'x561', 'x647', 'x744', 'x675', 'x406', 'x724', 'x297', 'x770', 'x468', 'x359', 'x855', 'x731', 'x141', 'x701', 'x122', 'x753', 'x940', 'x536', 'x251', 'x231', 'x338', 'x754', 'x232', 'x455', 'x7', 'x248', 'x392', 'x877', 'x924', 'x226', 'x555', 'x706', 'x957', 'x339', 'x33', 'x755', 'x279', 'x331', 'x404', 'x651', 'x443', 'x371', 'x91', 'x895', 'x135', 'x230', 'x330', 'x277', 'x792', 'x386', 'x111', 'x60', 'x148', 'x531', 'x349', 'x278', 'x626', 'x976', 'x476', 'x325', 'x140', 'x530', 'x218', 'x162', 'x756', 'x942', 'x881', 'x540', 'x539', 'x98', 'x771', 'x327', 'x295', 'x52', 'x695', 'x234', 'x214', 'x783', 'x523', 'x49', 'x236', 'x168', 'x902', 'x716', 'x586', 'x974', 'x727', 'x533', 'x943', 'x694', 'x876', 'x983', 'x712', 'x885', 'x9', 'x242', 'x414', 'x123', 'x835', 'x764', 'x512', 'x642', 'x653', 'x931', 'x700', 'x494', 'x849', 'x999', 'x311', 'x689', 'x979', 'x39', 'x272', 'x69', 'x498', 'x196', 'x736', 'x294', 'x451', 'x53', 'x958', 'x59', 'x573', 'x426', 'x947', 'x917', 'x779', 'x315', 'x544', 'x346', 'x99', 'x576', 'x509', 'x447', 'x800', 'x378', 'x833', 'x791', 'x830', 'x389', 'x239', 'x526', 'x990', 'x415', 'x78', 'x598', 'x858', 'x50', 'x280', 'x883', 'x470', 'x466', 'x81', 'x493', 'x492', 'x259', 'x125', 'x167', 'x233', 'x984', 'x282', 'x215', 'x612', 'x864', 'x889', 'x262', 'x691', 'x580', 'x457', 'x968', 'x471', 'x661', 'x249', 'x690', 'x291', 'x124', 'x629', 'x692', 'x513', 'x126', 'x413', 'x944', 'x615', 'x750', 'x841', 'x865', 'x163', 'x199', 'x396', 'x945', 'x748', 'x836', 'x603', 'x532', 'x707', 'x805', 'x487', 'x560', 'x659', 'x109', 'x105', 'x107', 'x728', 'x491', 'x219', 'x520', 'x747', 'x352', 'x182', 'x82', 'x514', 'x464', 'x635', 'x685', 'x422', 'x777', 'x930', 'x289', 'x96', 'x287', 'x434', 'x408', 'x966', 'x143', 'x243', 'x224', 'x71', 'x768', 'x639', 'x844', 'x678', 'x757', 'x201', 'x115', 'x515', 'x636', 'x857', 'x158', 'x198', 'x988', 'x751', 'x283', 'x221', 'x467', 'x146', 'x542', 'x528', 'x83', 'x161', 'x21', 'x608', 'x63', 'x260', 'x815', 'x399', 'x85', 'x117', 'x220', 'x393', 'x597', 'x503', 'x188', 'x155', 'x950', 'x382', 'x657', 'x46', 'x348', 'x752', 'x925', 'x328', 'x2', 'x454', 'x129', 'x718', 'x664', 'x910', 'x373', 'x697', 'x27', 'x439', 'x256', 'x160', 'x343', 'x743', 'x324', 'x909', 'x16', 'x497', 'x157', 'x154', 'x44', 'x919', 'x431', 'x980', 'x110', 'x10', 'x822', 'x713', 'x535', 'x45', 'x369', 'x263', 'x93', 'x108', 'x340', 'x992', 'x228', 'x614', 'x428', 'x344', 'x28', 'x175', 'x508', 'x37', 'x1000', 'x401', 'x879', 'x970', 'x225', 'x486', 'x630', 'x715', 'x907', 'x452', 'x313', 'x24', 'x437', 'x899', 'x222', 'x22', 'x472', 'x332', 'x210', 'x79', 'x246', 'x648', 'x151', 'x438', 'x845', 'x384', 'x341', 'x609', 'x203', 'x302', 'x316', 'x972', 'x554', 'x410', 'x547', 'x119', 'x702', 'x8', 'x682', 'x759', 'x269', 'x458', 'x345', 'x387', 'x496', 'x797', 'x299', 'x482', 'x735', 'x301', 'x137', 'x388', 'x274', 'x25', 'x559', 'x581', 'x829', 'x20', 'x136', 'x474', 'x867', 'x258', 'x127', 'x379', 'x368', 'x872', 'x445', 'x782', 'x649', 'x733', 'x156', 'x660', 'x955', 'x856', 'x245', 'x506', 'x80', 'x959', 'x632', 'x699', 'x722', 'x985', 'x803', 'x4', 'x150', 'x545', 'x887', 'x563', 'x187', 'x347', 'x602', 'x473', 'x411', 'x939', 'x631', 'x65', 'x15', 'x537', 'x880', 'x317', 'x304', 'x446', 'x40', 'x969', 'x517', 'x863', 'x165', 'x667', 'x607', 'x711', 'x442', 'x906', 'x483', 'x989', 'x501', 'x179', 'x839', 'x197', 'x309', 'x654', 'x423', 'x904', 'x961', 'x813', 'x76', 'x600', 'x495', 'x255', 'x284', 'x1', 'x546', 'x987', 'x529', 'x973', 'x710', 'x73', 'x502', 'x34', 'x244', 'x510', 'x68', 'x749', 'x672', 'x552', 'x878', 'x253', 'x296', 'x677', 'x62', 'x266', 'x949', 'x853', 'x308', 'x194', 'x760', 'x553', 'x656', 'x169', 'x837', 'x683', 'x281', 'x365', 'x29', 'x524', 'x812', 'x375', 'x38', 'x208', 'x738', 'x292', 'x585', 'x740', 'x360', 'x207', 'x769', 'x843', 'x61', 'x133', 'x43', 'x400', 'x436', 'x590', 'x946', 'x112', 'x238', 'x934', 'x644', 'x275', 'x377', 'x139', 'x601', 'x490', 'x88', 'x32', 'x172', 'x965', 'x806', 'x923', 'x97', 'x820', 'x796', 'x300', 'x237', 'x778', 'x505', 'x489', 'x101', 'x171', 'x594', 'x605', 'x70', 'x397', 'x402', 'x658', 'x180', 'x611', 'x996', 'x488', 'x461', 'x726', 'x518', 'x638', 'x914', 'x859', 'x933', 'x102', 'x671', 'x625', 'x312', 'x456', 'x405', 'x920', 'x570', 'x310', 'x918', 'x30', 'x186', 'x882', 'x257', 'x18', 'x358', 'x680', 'x842', 'x480', 'x374', 'x817', 'x926', 'x746', 'x662', 'x852', 'x568', 'x419', 'x617', 'x235', 'x356', 'x802', 'x75', 'x481', 'x173', 'x507', 'x202', 'x681', 'x962', 'x276', 'x120', 'x55', 'x403']","[0.7001086674469982, 0.6995096613446705, 0.6981530862999205, 0.6968738354810476, 0.6956573615782317, 0.6944991262570851, 0.6933520149977981, 0.692219594118095, 0.6910928587540005, 0.6899829437900034, 0.6889037438753733, 0.6878388117189306, 0.686782899070563, 0.6857307408294693, 0.6846815827554708, 0.6836330258159248, 0.6825864238095765, 0.6815400011498952, 0.6804967777996794, 0.6794615739234786, 0.6784341341434589, 0.6774172961953104, 0.6764022320320585, 0.6753909287704946, 0.6743838596270308, 0.6733769259470407, 0.67237061656137, 0.6713656163085685, 0.6703611212828001, 0.6693609829112529, 0.6683611264037205, 0.6673627349220752, 0.6663653174723609, 0.6653782185030073, 0.6643959826555805, 0.6634164508068322, 0.6624369581320794, 0.6614608671405219, 0.6604886582683362, 0.6595177144871526, 0.6585495631106374, 0.6575903198162956, 0.6566332762663101, 0.6556774959494336, 0.654721920766141, 0.6537667456586097, 0.652811733797967, 0.6518576658903751, 0.6509045067629611, 0.6499543104228858, 0.6490065791134865, 0.648060980848986, 0.6471161776202271, 0.6461716870131534, 0.6452300379336474, 0.6442891804777652, 0.6433514484345478, 0.6424142923340003, 0.641477676364547, 0.6405411800335341, 0.6396049946074871, 0.6386705649844723, 0.6377361621931548, 0.6368023673100901, 0.6358692446578192, 0.634938506051269, 0.6340083959165396, 0.6330788195064596, 0.6321510882729648, 0.6312269591524697, 0.6303029781212687, 0.629381706573943, 0.6284609221087827, 0.6275412765980672, 0.6266229826585276, 0.6257047811045247, 0.6247870233182151, 0.6238694760179851, 0.6229525020305023, 0.6220357396622279, 0.6211209891802617, 0.6202068020600219, 0.6192934411820035, 0.618380484475632, 0.6174697203015064, 0.6165591265793842, 0.6156505332164309, 0.6147424189435072, 0.6138354292609641, 0.6129296898355262, 0.6120242738736464, 0.6111193864209346, 0.6102145271744946, 0.6093111843150946, 0.6084082300637574, 0.6075095075758998, 0.606611168877961, 0.6057136321979767, 0.6048171020874225, 0.6039208671033646, 0.603025523601584, 0.6021311113876952, 0.6012375929011494, 0.6003471341076746, 0.599458621125513, 0.5985723412638306, 0.5976862528621568, 0.5968012730304734, 0.5959170336053816, 0.5950344179711183, 0.594151876316101, 0.5932697266040051, 0.5923877559067037, 0.5915058091670586, 0.59062414600166, 0.5897427738773584, 0.5888614248718883, 0.5879804107426584, 0.5870995481608735, 0.5862207098293486, 0.585342347570091, 0.584464110103851, 0.5835889648794885, 0.5827152435708446, 0.5818420327650716, 0.5809689256075826, 0.5800968257551004, 0.5792252076088285, 0.578353615366251, 0.5774824382683023, 0.5766115359647961, 0.5757423281671313, 0.5748731870236611, 0.5740051354704093, 0.5731378361891133, 0.5722711857337621, 0.5714051186644837, 0.5705395581209302, 0.5696748800212456, 0.5688104589149128, 0.5679475357377086, 0.5670858273225228, 0.5662247710200141, 0.5653650891109128, 0.5645054493254297, 0.5636468568760421, 0.5627903055595685, 0.5619337649628015, 0.5610776607736842, 0.5602217788558795, 0.5593660047491619, 0.5585102708753389, 0.557654575910304, 0.5568001501513, 0.5559460468332864, 0.5550925450260824, 0.5542392615219174, 0.5533874277281574, 0.5525383302055976, 0.5516894955011172, 0.5508413722716626, 0.5499966853035292, 0.5491520822437086, 0.5483076637173251, 0.5474633961331694, 0.5466199088505043, 0.5457772493208599, 0.5449347566912197, 0.5440928236375325, 0.5432509441004347, 0.542409106444944, 0.541569745934442, 0.540731802930251, 0.5398944215184639, 0.5390573089246052, 0.5382237575650608, 0.5373908804264947, 0.5365586247095622, 0.5357279049117093, 0.5348983106789754, 0.5340689687255211, 0.533239996113105, 0.5324118169929266, 0.5315841465909876, 0.5307566240598486, 0.5299306219312837, 0.5291067159900595, 0.5282836720734702, 0.5274606673102231, 0.5266387775663638, 0.5258170223699861, 0.524995799223923, 0.524174939057452, 0.5233546724200949, 0.5225348322927047, 0.521715254229717, 0.5208957795723473, 0.5200770324597145, 0.5192586678965652, 0.5184417037398392, 0.5176247542071526, 0.516807899729652, 0.5159911282958888, 0.5151748252733939, 0.5143585695277395, 0.5135439475221144, 0.5127298229492925, 0.5119160151401579, 0.5111030517898045, 0.5102908558199115, 0.5094791596928513, 0.5086675662533181, 0.5078568255093729, 0.5070462316711353, 0.5062358962616667, 0.5054260204954206, 0.5046163368302082, 0.503807304895038, 0.5029983399393082, 0.5021897314062045, 0.5013811357994539, 0.5005731171837976, 0.4997662489500478, 0.49896120165248536, 0.498156461857837, 0.4973522750230832, 0.49654822828119355, 0.4957445486770247, 0.4949410853631068, 0.494137867682775, 0.49333478318757285, 0.4925318043337696, 0.49172956055963457, 0.4909276346409576, 0.4901257943281389, 0.4893250437450135, 0.488524541119023, 0.48772548107429753, 0.4869264417452172, 0.48612741664734455, 0.4853284606661787, 0.48452952083687745, 0.4837313026794924, 0.48293416818910406, 0.4821376383156556, 0.4813411455637248, 0.480545308371514, 0.47974953249314706, 0.47895419469848677, 0.4781589459876892, 0.4773644565202768, 0.47656998487111846, 0.4757762284515953, 0.47498331453520287, 0.47419139320575865, 0.47340044490974914, 0.4726107216654992, 0.47182161579543397, 0.47103307810898565, 0.47024457296325184, 0.4694571839398814, 0.468670528157964, 0.46788532749826556, 0.46710030703618377, 0.46631544077618975, 0.46553118750044903, 0.46474703390960503, 0.46396310943742947, 0.4631793278582976, 0.46239577750086586, 0.4616122962742449, 0.4608292268046432, 0.46004686631605474, 0.45926482869944224, 0.45848315866055905, 0.4577017648774498, 0.4569207205262346, 0.45614064931856824, 0.45536095950489974, 0.45458143790369415, 0.4538021087029496, 0.4530229781666222, 0.4522454235766837, 0.4514684129953099, 0.45069220651468717, 0.4499161314801711, 0.44914088569560223, 0.44836609726999443, 0.4475919681322076, 0.4468183075641243, 0.44604534707339455, 0.44527333962828086, 0.44450147406137325, 0.44373011617760627, 0.44295906386980666, 0.44218803617594066, 0.44141721510319687, 0.4406468212451024, 0.43987698187539276, 0.43910739996123743, 0.4383381345461839, 0.4375692903378391, 0.43680074129536334, 0.4360323202685669, 0.4352647201709955, 0.4344973385932162, 0.43373004138277504, 0.4329631777592569, 0.43219690703002406, 0.43143109672758706, 0.4306653954378235, 0.42990037239665024, 0.4291357147425449, 0.4283711674919847, 0.42760667834485605, 0.42684282094607545, 0.42607912506769546, 0.4253157621944505, 0.42455294965895984, 0.42379038291283644, 0.42302788706520666, 0.4222659944873109, 0.4215053667737083, 0.4207448472866611, 0.4199843689684667, 0.4192240322123937, 0.41846400124561467, 0.41770439769479706, 0.41694516216149136, 0.416186067697523, 0.41542746533141334, 0.4146689752206444, 0.4139110998912061, 0.4131536186704274, 0.41239629173513326, 0.41163915937301926, 0.4108828786363853, 0.4101278447027909, 0.40937282244015094, 0.4086181530484838, 0.40786365940099767, 0.40710939326780815, 0.4063558767773994, 0.40560279238445973, 0.40485050709425435, 0.404098879355681, 0.40334768385052494, 0.40259656588158416, 0.4018455071619196, 0.4010945174265719, 0.40034375520625476, 0.3995930093872129, 0.39884278539234386, 0.3980927736250022, 0.39734299870696455, 0.39659389975191156, 0.3958453282514654, 0.3950970679616579, 0.39434944672397526, 0.39360210997989514, 0.39285484502017287, 0.39210815655900944, 0.3913621360515488, 0.39061617732329346, 0.38987025461406183, 0.3891246347507037, 0.38837902250722495, 0.3876337094909627, 0.38688864347482743, 0.3861447840756533, 0.38540102698851425, 0.3846581841449846, 0.3839154278365687, 0.3831727595658544, 0.38243086589925895, 0.38168923221186885, 0.3809480700258283, 0.3802087851787997, 0.37947047698804526, 0.37873229223344973, 0.37799479062449437, 0.3772574178116609, 0.37652103852264746, 0.37578469731516706, 0.3750488083942939, 0.3743148109844363, 0.37358100267315986, 0.37284768581547384, 0.3721149364785919, 0.37138250813613444, 0.37065033948304477, 0.3699187618079344, 0.36918767377605316, 0.3684573294716357, 0.3677271354988933, 0.3669970068974129, 0.36626766530465515, 0.36553847348918184, 0.3648099168058481, 0.36408150847567095, 0.36335351532240623, 0.3626256330040861, 0.3618979955436785, 0.3611703861125687, 0.3604428625272038, 0.3597154843188398, 0.3589889177646128, 0.3582623764365571, 0.3575358813826087, 0.3568094435958205, 0.3560830963645843, 0.3553569185041474, 0.3546309434898628, 0.35390595765846405, 0.3531813494217861, 0.35245776575359233, 0.351734216350087, 0.3510107743248528, 0.35028751805870223, 0.3495644214993724, 0.3488413386489001, 0.34811843438974355, 0.347395840806048, 0.34667344639817216, 0.3459513971017958, 0.34523021985766494, 0.34450934960965374, 0.34378852381981045, 0.3430678708772207, 0.342348340189393, 0.34162884925935044, 0.3409106676888956, 0.34019274676557926, 0.3394752770546512, 0.3387583100263413, 0.3380413628867142, 0.3373253959368563, 0.33661012102681775, 0.33589542558248375, 0.3351808752246123, 0.33446647503220067, 0.3337536472705965, 0.33304092705257626, 0.33232869428410694, 0.3316164659296775, 0.3309052414243337, 0.3301948492543429, 0.3294847894315755, 0.328775045288588, 0.32806624197645273, 0.3273576403097789, 0.32664918377404817, 0.32594089746037797, 0.32523291429726386, 0.3245250874390356, 0.32381859721519585, 0.32311226789867165, 0.32240640588224534, 0.32170056181974716, 0.3209950556311718, 0.32028994263101607, 0.3195848819862586, 0.31887983723088376, 0.3181751345711841, 0.3174704429442315, 0.31676578053655086, 0.31606165545028314, 0.3153579537307769, 0.31465438829159376, 0.313950898161196, 0.3132474444410953, 0.31254451857919857, 0.3118416164694159, 0.3111389167981828, 0.31043669925479933, 0.30973466482624606, 0.30903284485533994, 0.30833110176252726, 0.3076299982178185, 0.30693028518634397, 0.30623074337731515, 0.30553138170198874, 0.3048320434613339, 0.3041329818071893, 0.3034341248543365, 0.3027364586078813, 0.3020388850748934, 0.30134165036606453, 0.30064455901402964, 0.2999487158439144, 0.29925337358914483, 0.29855813383348107, 0.29786299184433723, 0.2971682695122886, 0.2964742807550936, 0.2957810360432269, 0.2950880813243469, 0.2943952938210154, 0.29370269447827574, 0.2930103053198103, 0.292318086303415, 0.2916265970420029, 0.2909359453673931, 0.29024626280760035, 0.28955694345113, 0.2888677528804135, 0.2881789448868146, 0.28749043137702823, 0.2868019325981137, 0.28611389180673413, 0.2854260669881416, 0.2847388034274252, 0.2840515994485662, 0.28336479070005305, 0.282679256272677, 0.2819939803748332, 0.28130908120470105, 0.2806248250831302, 0.2799408137900285, 0.279257201486209, 0.2785744375497901, 0.2778923125335929, 0.2772103925684022, 0.2765285724919863, 0.27584766006443046, 0.27516722579965214, 0.27448683390527145, 0.2738070976887516, 0.2731278348547524, 0.2724492266597138, 0.27177082967860494, 0.27109249409498826, 0.2704146250687724, 0.26973699614751595, 0.26906083735802894, 0.26838470031362494, 0.2677090097182047, 0.2670334179540708, 0.2663580096620012, 0.2656830469124494, 0.2650085420148561, 0.26433432348302577, 0.2636602474238851, 0.26298652955473817, 0.26231284087227935, 0.2616392592888682, 0.2609658847050213, 0.2602926003191566, 0.25961936921895934, 0.2589465497034766, 0.25827408442538125, 0.2576027905838542, 0.25693169300165963, 0.256260780467493, 0.25559012071416815, 0.25491955668742594, 0.2542492269484688, 0.2535789834202188, 0.2529089165209964, 0.25223922179322655, 0.2515695626375425, 0.2509002150674097, 0.25023144763081306, 0.2495630166371422, 0.24889492876390387, 0.24822742874913706, 0.2475602527641616, 0.2468944262177764, 0.24622861095162712, 0.2455632651073604, 0.24489805860224617, 0.24423311996711097, 0.24356844076902595, 0.24290398009275901, 0.2422397254594519, 0.24157577691861018, 0.24091186815074472, 0.24024804976152958, 0.23958429497799097, 0.23892069521728423, 0.23825824391307326, 0.23759586804734092, 0.23693359008129183, 0.23627238747792204, 0.2356112187502991, 0.23495020026733893, 0.23428930614746357, 0.23362863622739807, 0.23296812938679035, 0.23230781936408246, 0.23164768380379203, 0.23098802909200503, 0.23032856744928543, 0.2296692575172155, 0.22901058125039483, 0.22835207268515104, 0.227693686082853, 0.22703570417968388, 0.22637813257833694, 0.22572064545549306, 0.22506361852242904, 0.22440670731862974, 0.22375018330641147, 0.22309556373498812, 0.222441012750846, 0.22178660257395433, 0.22113237110196957, 0.22047836470429394, 0.21982483440926598, 0.21917134898491172, 0.21851821345557088, 0.21786509591549755, 0.21721228967953324, 0.21655990972666844, 0.2159078064905743, 0.21525662161681824, 0.21460620275302905, 0.21395596437121675, 0.21330575042492278, 0.21265585193709627, 0.21200616861930943, 0.21135691707797297, 0.21070789922363872, 0.21005913347193186, 0.20941099873283786, 0.20876399944920343, 0.2081201011933795, 0.207476258524801, 0.20683297195653175, 0.2061898244893128, 0.20554684175225607, 0.2049041194940608, 0.20426187277329835, 0.20361977158470224, 0.20297807374289095, 0.2023364256407618, 0.20169480660741101, 0.2010534389712286, 0.20041258656300537, 0.19977184023577363, 0.19913238344033438, 0.19849321501847508, 0.19785479023508842, 0.19721785556958016, 0.19658119342489855, 0.19594494900727294, 0.19530892616666873, 0.19467347322992576, 0.19403809642179456, 0.19340329954059804, 0.19276882020668176, 0.1921346092798514, 0.19150096178871007, 0.19086751683899691, 0.19023432121879347, 0.1896015736165944, 0.18896948608963635, 0.18833788805839935, 0.1877071543220928, 0.1870768937929864, 0.1864475819404733, 0.1858186726392537, 0.18519211776104982, 0.18456574388422817, 0.1839395648185562, 0.18331365431229862, 0.18268793863843047, 0.18206241667532438, 0.18143738687536518, 0.18081238867220994, 0.1801874708161937, 0.1795634448939701, 0.1789400660595193, 0.17831741372726406, 0.17769546814927537, 0.1770737628341663, 0.1764531480234408, 0.17583367215043944, 0.17521453544842133, 0.17459619362084866, 0.17397795470571262, 0.1733604968964271, 0.1727430876603663, 0.17212578290186106, 0.1715086751860054, 0.1708925787736506, 0.17027719338070013, 0.16966202150466536, 0.16904722402414496, 0.168432535042777, 0.1678179211468048, 0.16720373553670353, 0.16658979766981902, 0.16597637127940723, 0.16536637432126103, 0.1647566648817686, 0.16414732460406356, 0.16353807657982947, 0.16292913562356662, 0.16232063397832075, 0.16171254468164586, 0.16110504960815747, 0.16049792412596126, 0.15989095895725164, 0.15928442057312345, 0.15867805879968086, 0.15807178326426105, 0.1574656736133253, 0.1568599956517602, 0.15625452019619968, 0.15564930409382244, 0.1550441521619182, 0.1544392308826078, 0.15383440763015382, 0.1532297037396525, 0.15262568387828307, 0.15202206711240804, 0.1514192055245754, 0.15081655825016574, 0.15021422924967998, 0.1496125020039673, 0.14901096411832573, 0.148409573848595, 0.14780918175559754, 0.14720897070750197, 0.14660950688861227, 0.146010398068739, 0.1454113762190728, 0.14481244173705643, 0.14421544657563998, 0.1436203935798524, 0.1430254556745586, 0.14243108762165027, 0.1418369156436687, 0.14124311765333908, 0.1407691735847071, 0.140176405648792, 0.1395846592292561, 0.13899319622068773, 0.1384018104233583, 0.13781096916391483, 0.137220234775402, 0.13662962543923107, 0.136039101963777, 0.1354488172613019, 0.13485861306566913, 0.13426971347581063, 0.1336810102828314, 0.13309307835103396, 0.13250641762367765, 0.13192015018458306, 0.13133401938503494, 0.1307480036585692, 0.13016222677139944, 0.12957674484622975, 0.1289916508585802, 0.12840673162219593, 0.12782213705205778, 0.12723795653473172, 0.1266538958756429, 0.12606990657724226, 0.1254862638520158, 0.12490280027098247, 0.12431988596504638, 0.12373764669188285, 0.12315563515463798, 0.12257434332843012, 0.12199319351279367, 0.12141248174589714, 0.12083200437956315, 0.12025184560999112, 0.11967184108956726, 0.11909213950336417, 0.11851368787002363, 0.1179354748921468, 0.11735771447069154, 0.11678030709530957, 0.11620372772147053, 0.11562730853963192, 0.11505127381568189, 0.11447582103440393, 0.11390061369347576, 0.1133254895079193, 0.11275097033976085, 0.11217694800750991, 0.11160306178860466, 0.11103002993869537, 0.1104572309871658, 0.10988500538522036, 0.10931326164587284, 0.10874207499315053, 0.10817140695891582, 0.1076016046086577, 0.10703317242908482, 0.10646490369190786, 0.10589754697527408, 0.10533234739928511, 0.10476864345516383, 0.1042057446962885, 0.10364315759752891, 0.10308126127370253, 0.10251979666794064, 0.10195849474781282, 0.10139763228969322, 0.10083702924177873, 0.10027677538871634, 0.09971691634607788, 0.09915838447391476, 0.09860011289123806, 0.09804208237523132, 0.09748509857991976, 0.09692863912152734, 0.09637274209475533, 0.09581736963320503, 0.09526248484830899, 0.09470786049761956, 0.09415352333966867, 0.09359940162536866, 0.09304578409808409, 0.09249283241361411, 0.09194037303764432, 0.0913882351458092, 0.09083686185028995, 0.09028635775119527, 0.08973695422472207, 0.08918901895710292, 0.08864186181043013, 0.08809493264033935, 0.08754857567382476, 0.08700248737654637, 0.086457517769943, 0.08591314958695213, 0.0853699275380442, 0.08482694884776919, 0.0842843112859698, 0.08374262921925776, 0.08320159391994743, 0.08266087339822398, 0.08212156486984842, 0.08158259650786788, 0.08104389602429118, 0.08050557668224297, 0.07996762766073488, 0.07943068713187681, 0.07889437725916651, 0.07835835648866353, 0.07782323556117171, 0.07728841249508395, 0.07675385766223781, 0.07621964990044598, 0.07568610715093062, 0.07515301456448341, 0.07462045469384908, 0.07408845648322826, 0.07355944512344509, 0.07303088427386359, 0.07250278789384254, 0.07197501807405068, 0.07144791861601067, 0.07092192781714271, 0.07039794195224952, 0.06987454272514443, 0.06935171367470563, 0.06882952527286801, 0.06830778500630778, 0.06778730562262954, 0.06726756788676473, 0.06674931288110829, 0.06623193115116176, 0.06571567137408493, 0.06520115866394383, 0.06468716387228143, 0.06417395655928217, 0.06366154867495807, 0.06315050723368536, 0.06263994368517468, 0.062129815849961266, 0.06162113600351098, 0.061113796566235036, 0.06060766515698617, 0.06010295608685269, 0.05959938709037252, 0.05909637627460263, 0.05859403207001342, 0.058093103292347216, 0.057594793181840645, 0.05709742904418189, 0.05660169880486143, 0.05610712136608652, 0.05561335892744393, 0.055120398571178834, 0.05462920257322303, 0.05413975010873733, 0.053651832971485555, 0.053164903327234635, 0.05267878873343063, 0.052194513289168395, 0.05171106409704012, 0.0512284250103848, 0.050747680414068526, 0.05026785337958247, 0.049789940261080336, 0.049312968191279706, 0.04883928356996839, 0.048366810086345045, 0.04789663256640095, 0.047427586606079014, 0.04696090572707056, 0.046495374923028805, 0.046031892656648705, 0.04556973319339754, 0.04510887821283495, 0.0446491494661747, 0.04419353809908243, 0.04373991464346079, 0.043288235008187036, 0.042837860327915374, 0.04238876336729245, 0.0419422328907955, 0.04149769893178845, 0.04105516047318534, 0.040614335255394644, 0.04017519778298125, 0.039738328801416804, 0.03930312309540119, 0.03886977492539011, 0.038438165312357546, 0.03800831316846882, 0.0375806715937062, 0.0371579024709311, 0.03673800685523567, 0.03632045643335626, 0.035904854744335524, 0.035491251684359924, 0.03507987673116804, 0.03467080530767238, 0.03426529886707608, 0.03386247909947794, 0.03346305065436042, 0.03306696528428357, 0.0326738648971074, 0.03228357825769951, 0.031896161595075086, 0.03151157671365823, 0.03113025269232559, 0.03075273169737673, 0.03037841293224173, 0.030007337425954152, 0.02964082956015957, 0.02927813210137679, 0.028919227714986714, 0.02865264823910923, 0.028300987577033164, 0.027954708651054712, 0.02761334342120745, 0.027277968755785677, 0.026947604452824694, 0.026622547851001845, 0.026302986509079283, 0.02598963172233135, 0.025682181079240782, 0.025380596907919606, 0.025086870484621007, 0.024798518511108206, 0.024517109431366424, 0.02424106402465319, 0.02397253656823429, 0.02371009961096791, 0.023454342996407675, 0.023204758750483563, 0.022962620147895855, 0.022727431933518876, 0.02250235827742568, 0.022284848978460243, 0.022074697161253837, 0.021872125100654966, 0.02167676623269673, 0.02148958068260662, 0.021310419751802236, 0.021138163649143622, 0.020974698629752004, 0.020820220171670248, 0.02067421601951488, 0.020536983611152332, 0.02040809496180363, 0.02028923618700444, 0.020179012862595387, 0.02007813598471131, 0.01998764151704137, 0.01990508766698871, 0.01982979084098076, 0.019763527942392528, 0.019705480549061724, 0.01965374473672254, 0.019609820202279915, 0.019573625942527855, 0.019545300049985528, 0.019529850571815163, 0.01951804851498243, 0.019518132615518456, 0.01952849606551303]",EGB_XGB_GAM_RANDOM_RANDOM,synthetic_ordering1000,4,5,42,150
"['offset', 'x4', 'x1', 'x9', 'x10', 'x8', 'x7', 'x3', 'x6', 'x5', 'x2']","[0.7023820540789875, 0.6320335876160448, 0.5616728894152014, 0.49133332587134954, 0.4210126265162559, 0.35074666272553, 0.28058621415350044, 0.21055017769752823, 0.14077488674285293, 0.07207022714327561, 0.02125297306296477]",EGB_XGB_GAM_CYCLIC_RANDOM_CYCLIC_RANDOM,synthetic_ordering10,0,5,42,150
"['offset', 'x6', 'x9', 'x7', 'x8', 'x3', 'x10', 'x2', 'x4', 'x1', 'x5']","[0.6993877926414315, 0.6296133093793325, 0.5597440718998768, 0.48992701050943455, 0.4201567797240816, 0.3504558860963794, 0.2808184692246159, 0.21144845154159886, 0.14222732751225442, 0.07412580253581427, 0.022468064030335078]",EGB_XGB_GAM_CYCLIC_RANDOM_CYCLIC_RANDOM,synthetic_ordering10,1,5,42,150
"['offset', 'x6', 'x1', 'x3', 'x7', 'x4', 'x9', 'x10', 'x2', 'x8', 'x5']","[0.7132502859334683, 0.6419230296656998, 0.5704711459134946, 0.49904594256408, 0.42766081892816465, 0.35633139933105196, 0.28507042691022394, 0.21394253457839427, 0.143173936536069, 0.07336884533428835, 0.02111011942759958]",EGB_XGB_GAM_CYCLIC_RANDOM_CYCLIC_RANDOM,synthetic_ordering10,2,5,42,150
"['offset', 'x6', 'x5', 'x7', 'x9', 'x4', 'x2', 'x3', 'x8', 'x10', 'x1']","[0.7174612742975268, 0.6460290954428576, 0.5744020757024372, 0.5028482330805182, 0.4313158173386267, 0.3598449329790703, 0.2884839345242527, 0.21723277212517408, 0.14625373417011892, 0.07619523379314257, 0.020950840332796483]",EGB_XGB_GAM_CYCLIC_RANDOM_CYCLIC_RANDOM,synthetic_ordering10,3,5,42,150
"['offset', 'x3', 'x2', 'x9', 'x4', 'x1', 'x5', 'x10', 'x8', 'x7', 'x6']","[0.7001086674469982, 0.630115599857723, 0.5600240819248111, 0.48994933665964463, 0.41990161138717885, 0.349914946766819, 0.27998432615551844, 0.21015505700751103, 0.14058975582361435, 0.07195658666641352, 0.01952849606551295]",EGB_XGB_GAM_CYCLIC_RANDOM_CYCLIC_RANDOM,synthetic_ordering10,4,5,42,150
"['offset', 'x77', 'x2', 'x42', 'x81', 'x62', 'x10', 'x46', 'x79', 'x37', 'x20', 'x64', 'x85', 'x45', 'x43', 'x88', 'x26', 'x67', 'x7', 'x80', 'x82', 'x96', 'x59', 'x17', 'x92', 'x15', 'x30', 'x95', 'x66', 'x90', 'x83', 'x60', 'x29', 'x87', 'x5', 'x27', 'x89', 'x100', 'x23', 'x51', 'x21', 'x38', 'x52', 'x99', 'x14', 'x73', 'x19', 'x57', 'x76', 'x94', 'x25', 'x58', 'x8', 'x55', 'x44', 'x36', 'x75', 'x72', 'x31', 'x69', 'x3', 'x1', 'x22', 'x49', 'x40', 'x68', 'x16', 'x97', 'x39', 'x84', 'x93', 'x11', 'x74', 'x53', 'x32', 'x41', 'x56', 'x47', 'x34', 'x86', 'x54', 'x6', 'x91', 'x70', 'x13', 'x9', 'x24', 'x28', 'x61', 'x48', 'x12', 'x71', 'x63', 'x78', 'x50', 'x33', 'x18', 'x35', 'x98', 'x4', 'x65']","[0.7023820540789875, 0.6953332764373822, 0.6881021492156071, 0.6809618968807335, 0.6738405871390889, 0.6667284807545197, 0.6596167285975486, 0.6525091648373047, 0.6454023692856653, 0.6382990655255619, 0.6311996801739818, 0.6241012361344166, 0.6170078592515753, 0.6099159738010216, 0.6028249085758641, 0.5957351239736056, 0.5886476097357206, 0.5815616396434015, 0.574476614490491, 0.5673934866191258, 0.5603116361948873, 0.5532380564709817, 0.5461666386369063, 0.5391047801470176, 0.5320431428087078, 0.5249821516805474, 0.5179218373164051, 0.5108634317714172, 0.5038057981356923, 0.49675087498327025, 0.48969641596153285, 0.48264265922720034, 0.47558984271989113, 0.4685378605436058, 0.46148793043961567, 0.45443913623742627, 0.4473911490556824, 0.4403469937699768, 0.4333091001854967, 0.42626686440233824, 0.4192255002870318, 0.4121846546585589, 0.4051455331460367, 0.39810777282773335, 0.3912210727017564, 0.3841873896344546, 0.37715439498134024, 0.37012444622229357, 0.36309601959794185, 0.35606887726771874, 0.349046642090561, 0.34202589147099055, 0.33500656801004663, 0.32798770650417136, 0.32097080033653047, 0.31395716601569423, 0.3069443200110092, 0.2999332539884155, 0.2929231917799669, 0.285914616392366, 0.27890737534714816, 0.2719037724639696, 0.2649035225488131, 0.25790521651017395, 0.250908944224129, 0.24391491715718547, 0.23692456742737034, 0.22993603727484102, 0.2229531864707479, 0.21597315125340025, 0.2089960667443921, 0.20202165346370127, 0.19505098833684612, 0.18808671738303756, 0.18112906802044876, 0.17418096185666673, 0.16724034017401576, 0.1603095931572902, 0.15338410548373838, 0.14646537505577853, 0.13955352815249242, 0.13265436081884818, 0.1257655698921747, 0.1188884171355759, 0.11202673809202583, 0.10518157877983281, 0.09835676798375582, 0.09155702816531909, 0.08478742965941624, 0.0780535841227116, 0.07136862464896211, 0.06474985326122361, 0.058210614286074866, 0.051783879007040956, 0.04551686636538847, 0.03948386098492063, 0.033815502625637955, 0.02872497064260437, 0.024566049630064594, 0.02190851976876007, 0.02125297306296476]",EGB_XGB_GAM_CYCLIC_RANDOM_CYCLIC_RANDOM,synthetic_ordering100,0,5,42,150
"['offset', 'x77', 'x42', 'x23', 'x2', 'x10', 'x26', 'x45', 'x100', 'x81', 'x64', 'x79', 'x85', 'x62', 'x37', 'x43', 'x80', 'x92', 'x88', 'x51', 'x90', 'x67', 'x46', 'x21', 'x30', 'x58', 'x95', 'x66', 'x89', 'x29', 'x20', 'x83', 'x99', 'x87', 'x72', 'x38', 'x17', 'x73', 'x68', 'x22', 'x96', 'x97', 'x44', 'x8', 'x39', 'x82', 'x25', 'x19', 'x41', 'x16', 'x40', 'x3', 'x7', 'x24', 'x60', 'x14', 'x52', 'x15', 'x49', 'x57', 'x86', 'x55', 'x59', 'x76', 'x94', 'x27', 'x75', 'x69', 'x5', 'x93', 'x70', 'x84', 'x56', 'x13', 'x53', 'x31', 'x74', 'x32', 'x47', 'x54', 'x63', 'x12', 'x11', 'x9', 'x33', 'x1', 'x34', 'x36', 'x18', 'x91', 'x6', 'x61', 'x50', 'x78', 'x28', 'x35', 'x65', 'x48', 'x4', 'x71', 'x98']","[0.6993877926414315, 0.6923246555153574, 0.6851829991731134, 0.6780839015788913, 0.6709982294894288, 0.6639131085194115, 0.6568302883375382, 0.6497624044677754, 0.6426976973255308, 0.6356894813223417, 0.6286317304354145, 0.6215749774431638, 0.6145214851459206, 0.607473623559143, 0.6004313659248254, 0.5933918283752556, 0.5863548308905208, 0.5793204324275398, 0.5722892806385693, 0.5652646656239253, 0.5582402939650558, 0.5512161494910399, 0.5441921698559926, 0.5371706433187928, 0.530149375025418, 0.5231335808761286, 0.516120805181253, 0.5091092417482276, 0.5020995083587756, 0.49509128638814903, 0.4880839597930459, 0.4810776040537032, 0.4740715181110459, 0.4672644631339912, 0.4602607594529756, 0.4532589222049778, 0.4462601186304922, 0.4392618769850294, 0.4322648213294205, 0.4252719834297517, 0.41827944603080436, 0.4112881902811782, 0.4042983258783453, 0.3973103213860186, 0.3903246844776743, 0.38333972808489813, 0.3763553427525791, 0.36937533790618465, 0.3623970456653753, 0.355419397059917, 0.3484432020820891, 0.3414684837207885, 0.33449619772262973, 0.3275262867355898, 0.3205573249503084, 0.31359296095822276, 0.3066321729642344, 0.2996760101254052, 0.2927219510989966, 0.28576902070896304, 0.2788180561891707, 0.2718696853254312, 0.264922836752206, 0.257978020710163, 0.25103580411855325, 0.24409731405367147, 0.23716159433810005, 0.2302289021002781, 0.22329950552116773, 0.21637910540282954, 0.20946445157726384, 0.20255902887338678, 0.19565750711320326, 0.18876376241583231, 0.1818761042438422, 0.1749947277148172, 0.1681185039806619, 0.16125113504564395, 0.1543916714676618, 0.14753937551344748, 0.14069511466424056, 0.13386028570926795, 0.12703553392892938, 0.12022531660969354, 0.11342978084945228, 0.10665842422169332, 0.09991146666209774, 0.09319049458629919, 0.08649931410629119, 0.07984701503756744, 0.07324854732556564, 0.06671921023765448, 0.06027143676879, 0.05393921385385989, 0.04776075825685521, 0.041812981687600295, 0.03619037567887441, 0.03108595321662832, 0.026792437960685544, 0.0237453754700529, 0.022468064030335102]",EGB_XGB_GAM_CYCLIC_RANDOM_CYCLIC_RANDOM,synthetic_ordering100,1,5,42,150
"['offset', 'x77', 'x45', 'x17', 'x42', 'x23', 'x2', 'x79', 'x37', 'x64', 'x82', 'x100', 'x81', 'x46', 'x67', 'x5', 'x26', 'x41', 'x92', 'x7', 'x88', 'x10', 'x30', 'x43', 'x39', 'x62', 'x66', 'x3', 'x85', 'x25', 'x22', 'x38', 'x20', 'x40', 'x80', 'x99', 'x14', 'x60', 'x68', 'x49', 'x83', 'x94', 'x8', 'x95', 'x51', 'x58', 'x31', 'x21', 'x86', 'x52', 'x59', 'x72', 'x16', 'x69', 'x97', 'x73', 'x32', 'x19', 'x87', 'x15', 'x96', 'x75', 'x29', 'x27', 'x76', 'x44', 'x53', 'x24', 'x89', 'x90', 'x93', 'x63', 'x55', 'x9', 'x84', 'x57', 'x1', 'x91', 'x74', 'x11', 'x56', 'x47', 'x6', 'x36', 'x33', 'x13', 'x70', 'x12', 'x50', 'x78', 'x54', 'x34', 'x71', 'x65', 'x35', 'x28', 'x4', 'x48', 'x18', 'x61', 'x98']","[0.7132502859334683, 0.706031910280656, 0.698737967070655, 0.6914912568055719, 0.6842461204570559, 0.677006363490612, 0.6697720850168235, 0.6625381649819374, 0.6553093569383918, 0.6480815872473169, 0.6408555071603586, 0.633630844202572, 0.6264678457113323, 0.6192566582745658, 0.6120519115376458, 0.604847692611437, 0.5976460758219027, 0.5904492746362586, 0.5832533626127306, 0.5760585127229862, 0.5688640014286445, 0.5616723790494983, 0.5544837117125513, 0.5472955466463773, 0.5401110346681047, 0.5329280979476061, 0.5257463596091567, 0.5185666829798409, 0.5113899622051922, 0.5042162367769593, 0.49704495091570455, 0.4898752385968902, 0.4827089158062853, 0.47554375273672495, 0.468379602206422, 0.4612162809928688, 0.4542466336122576, 0.4470932921369338, 0.43994085471743183, 0.43278894156946274, 0.42563891512100044, 0.4184892606980375, 0.41134026872510326, 0.4041933343298728, 0.3970477230188757, 0.38990314739940224, 0.38276533979883576, 0.3756285967194309, 0.3684927264337472, 0.36136046734610916, 0.3542288970426781, 0.3470978530785674, 0.33996741259985797, 0.3328454447873252, 0.32572545958323507, 0.3186083724097338, 0.3114922391688918, 0.30437822890997157, 0.29726637081546503, 0.2901566625029636, 0.2830483807898619, 0.27594266549239466, 0.26884139178265914, 0.2617423922814212, 0.2546456037501707, 0.2475527127692073, 0.2404616294276993, 0.23337428295111162, 0.22629685644910597, 0.2192244138389881, 0.212155751773048, 0.2050919748636084, 0.19803225624813875, 0.1909799366108888, 0.18393250248246126, 0.1768887186906205, 0.16984925071185847, 0.16281473418158585, 0.1557865581148456, 0.1487661249746016, 0.14175285604921142, 0.13474795844605003, 0.12775323225209684, 0.12077390357111802, 0.11381173415135228, 0.1068696742134902, 0.0999454812955929, 0.09304928781659239, 0.08618182482508766, 0.07935062295294909, 0.07256645116655411, 0.06584452673218807, 0.05920160343361214, 0.05266692782404858, 0.04628854230040723, 0.040143123411385186, 0.03434922525962585, 0.029117212348369517, 0.024800061072377033, 0.021935765609154546, 0.021110119427599574]",EGB_XGB_GAM_CYCLIC_RANDOM_CYCLIC_RANDOM,synthetic_ordering100,2,5,42,150
"['offset', 'x77', 'x10', 'x42', 'x64', 'x26', 'x85', 'x79', 'x2', 'x62', 'x23', 'x80', 'x94', 'x88', 'x82', 'x92', 'x21', 'x45', 'x95', 'x37', 'x14', 'x43', 'x20', 'x15', 'x96', 'x5', 'x81', 'x30', 'x100', 'x51', 'x68', 'x83', 'x46', 'x3', 'x59', 'x99', 'x7', 'x66', 'x69', 'x19', 'x25', 'x53', 'x87', 'x89', 'x38', 'x60', 'x58', 'x44', 'x72', 'x93', 'x67', 'x52', 'x57', 'x22', 'x16', 'x75', 'x97', 'x41', 'x73', 'x8', 'x17', 'x27', 'x90', 'x39', 'x11', 'x29', 'x54', 'x76', 'x86', 'x74', 'x40', 'x49', 'x32', 'x70', 'x36', 'x1', 'x84', 'x24', 'x31', 'x56', 'x55', 'x47', 'x71', 'x12', 'x34', 'x13', 'x9', 'x33', 'x78', 'x50', 'x4', 'x6', 'x48', 'x91', 'x65', 'x18', 'x63', 'x28', 'x61', 'x98', 'x35']","[0.7174612742975268, 0.7102667996395866, 0.7029440002016544, 0.6956661776178176, 0.688388639141454, 0.6811126252744437, 0.6738700630304318, 0.6666291607655355, 0.6593955703599322, 0.6521679117208381, 0.6449418613024408, 0.6377162865326386, 0.6304910080215033, 0.6232759478546023, 0.616061030332346, 0.6088468236510138, 0.6016327561779334, 0.5944200079368028, 0.5872075398379243, 0.5799982687589993, 0.5727901116376848, 0.5655832044595273, 0.5583807308747453, 0.551180875616093, 0.5439822708802825, 0.5367860036818574, 0.5295914479410422, 0.5223972376872951, 0.5152050651222004, 0.5080259969761344, 0.5008367451477429, 0.493650799953386, 0.4864655179335187, 0.479281150153344, 0.47209823182019217, 0.46491588029076075, 0.4579178658035013, 0.4507461042407152, 0.4435781055853798, 0.43641978641949647, 0.4292617125197116, 0.42210482655676945, 0.4149494084534837, 0.40779568613187617, 0.4006438328950283, 0.39349655215184876, 0.38635006398149613, 0.3792042564937572, 0.37206155447837913, 0.36491964500205987, 0.35777827888517166, 0.35063760355157025, 0.34349741997962463, 0.3363591019466359, 0.3292217351198528, 0.32208521020911385, 0.31495043866763617, 0.30781796666455324, 0.3006893174093056, 0.2935634606465045, 0.2864449388563209, 0.27932750807420054, 0.27221127831660036, 0.265096617921785, 0.25798339099783535, 0.25087288089045384, 0.24376594397735205, 0.23666258301734006, 0.22956353892101844, 0.22247074434859276, 0.21538168374005923, 0.20829665073533743, 0.20121451588330047, 0.19413519951420644, 0.1870606434472897, 0.17998996434711817, 0.17292397482554103, 0.16586752912204072, 0.15882035856057283, 0.1517786017923625, 0.1447453429867897, 0.13771930494164406, 0.13070316740754595, 0.1236981610949292, 0.11671182899413506, 0.10974547040044022, 0.10279776419285235, 0.09587069402710956, 0.08897455340238164, 0.08211047047946747, 0.07528739538890768, 0.06852042148439132, 0.061826186748208355, 0.055227993527566493, 0.0487669495680188, 0.04249677520088167, 0.036516183941366624, 0.030992700924423255, 0.026217518375949864, 0.022661548479273323, 0.020950840332796483]",EGB_XGB_GAM_CYCLIC_RANDOM_CYCLIC_RANDOM,synthetic_ordering100,3,5,42,150
"['offset', 'x77', 'x10', 'x2', 'x23', 'x79', 'x64', 'x81', 'x42', 'x80', 'x37', 'x88', 'x45', 'x92', 'x26', 'x43', 'x82', 'x85', 'x62', 'x17', 'x83', 'x30', 'x99', 'x41', 'x46', 'x31', 'x49', 'x73', 'x21', 'x89', 'x93', 'x27', 'x5', 'x20', 'x16', 'x44', 'x100', 'x15', 'x25', 'x95', 'x14', 'x39', 'x66', 'x29', 'x57', 'x67', 'x52', 'x87', 'x94', 'x7', 'x51', 'x11', 'x69', 'x90', 'x76', 'x8', 'x53', 'x24', 'x58', 'x59', 'x60', 'x68', 'x75', 'x19', 'x97', 'x38', 'x36', 'x55', 'x72', 'x40', 'x96', 'x3', 'x22', 'x74', 'x9', 'x47', 'x56', 'x91', 'x32', 'x86', 'x6', 'x70', 'x12', 'x1', 'x84', 'x63', 'x65', 'x4', 'x34', 'x33', 'x54', 'x18', 'x50', 'x13', 'x71', 'x48', 'x61', 'x78', 'x35', 'x98', 'x28']","[0.7001086674469982, 0.6930879378301273, 0.6858837339549521, 0.6787597009988363, 0.6716366764035018, 0.6645329392073008, 0.6574355790333345, 0.6503433818494453, 0.6432559232779896, 0.6361694349081523, 0.6290843798119875, 0.6220047162972667, 0.6149261310804953, 0.6078483389669047, 0.6007724705249815, 0.5936992071497195, 0.5866260136136607, 0.579565283091166, 0.5725060129329441, 0.5654487736527978, 0.558396722464457, 0.5513499165324182, 0.5443050613313609, 0.537261209202531, 0.5302223644228018, 0.5231876644417929, 0.5161531713708558, 0.5091217942648824, 0.5020913463685721, 0.49506539236619473, 0.4880403441820016, 0.4810155438049232, 0.473995314318529, 0.466976405340286, 0.4599578225441856, 0.4529395205332509, 0.44592187555154505, 0.4390729596293434, 0.4320568062039351, 0.42504172628935977, 0.41802756987263323, 0.41101395728430246, 0.4040017085781578, 0.39699043794524175, 0.38997975192611184, 0.38296946161467277, 0.3759602173088675, 0.36895278562694955, 0.36194640634193503, 0.35494073412140936, 0.3479358522407477, 0.3409318905895032, 0.3339289114522524, 0.32692732030979305, 0.3199269203749456, 0.31292751841346594, 0.3059347525746394, 0.2989444316174693, 0.2919558653168972, 0.28496881020379367, 0.27798279087500516, 0.2710005095894217, 0.26401967176412316, 0.25704167061674255, 0.2500671726298069, 0.24309505762061487, 0.23612583150097324, 0.22915875466999477, 0.22219469009576015, 0.215232919460284, 0.20827875974704493, 0.20133231098031548, 0.19439003739099558, 0.18745335085324552, 0.1805260020027458, 0.1736053713160365, 0.16669137294629913, 0.15978260912663084, 0.15288067234372874, 0.14598524471380703, 0.13909678541961779, 0.13221602538114582, 0.1253474006741565, 0.11848888903129383, 0.11164268367486482, 0.10481646049360693, 0.09801322749290817, 0.0912324236765352, 0.08447632760025928, 0.07775106768676421, 0.07106778622076453, 0.06443933716584939, 0.057881983333101295, 0.05142589403443113, 0.04511330379478304, 0.039005239917023066, 0.03321379160470475, 0.027927238018528252, 0.023496816412565687, 0.020467068495858356, 0.019528496065512956]",EGB_XGB_GAM_CYCLIC_RANDOM_CYCLIC_RANDOM,synthetic_ordering100,4,5,42,150
