,d_name,model_name,mean_perf,std_perf,max_index_on_zero,interactions,min_max_index_on_zero,area_till_zero_mean
0,Crimes,EBM_GA2M,"[1.0, 0.9962262633344501, 0.9014321264385028, 0.8122106722484015, 0.7302631415961817, 0.6555983415133657, 0.5878376362732535, 0.5330361921439575, 0.4835104686779568, 0.44007971858629064, 0.4024077446983726, 0.3677978411886965, 0.33653374855829143, 0.3075292193534927, 0.28092987029957495]","[0.0, 0.006393236817069406, 0.011101354241049334, 0.020207733962313314, 0.027531571740863816, 0.0334786474405807, 0.03958949010583386, 0.04251357251687819, 0.04588202449969475, 0.04769118541687828, 0.05006869884888415, 0.05012203842459269, 0.04904598076438242, 0.04837382676199671, 0.04826918377185773]",38,False,15,0.5853520035543572
1,Crimes,EBM_GAM,"[1.0, 0.9859672196747127, 0.8910804996486037, 0.801818751494929, 0.7200577175599612, 0.6457259036630847, 0.5783104330148184, 0.5240031305029562, 0.47536906535363255, 0.4321798036242983, 0.3946107614955182, 0.3606129631466904, 0.3296126902434749, 0.30095513365930887, 0.2745909139217244]","[0.0, 0.002754272194442043, 0.009169191486067249, 0.019836797118016117, 0.028688489182613464, 0.03601313645960629, 0.04344557101360853, 0.04751393554358802, 0.05136520375681456, 0.05390328669823491, 0.05709480007323914, 0.057813248032311845, 0.05700475664045977, 0.05664262779308675, 0.05686786332857941]",40,False,15,0.5769713950030608
2,Crimes,EGB_XGB_GA2M_BEST_FIT_BEST_FIT,"[1.0, 0.9975841204030056, 0.6353449692075903, 0.3931893562577594, 0.26536708258318664, 0.16787379454511558, 0.12889702597955371, 0.09965981754104193, 0.07519765645765829, 0.05579630582607879, 0.03976262408340334, 0.02688243145824326, 0.01711180516731054, 0.00893181944645036, 0.00197381408756638]","[0.0, 0.0036365592534938758, 0.025943482866979097, 0.04819963662801702, 0.04770174310896226, 0.0494238822405036, 0.04589049551511952, 0.04444064423668472, 0.04442067374352988, 0.044699292150220886, 0.04225809935194343, 0.04041764740952944, 0.03904878830352434, 0.03796507265926716, 0.036441567998931286]",15,False,15,0.2437561225714415
3,Crimes,EGB_XGB_GA2M_CYCLIC_BEST_FIT,"[1.0, 0.9992914979825216, 0.9059134093837194, 0.818699560967033, 0.7368429503841118, 0.6621676341168911, 0.5951969207840165, 0.5403376175698851, 0.4906118795993642, 0.4478820755917706, 0.4098077713749536, 0.37602307999159473, 0.34472397016533873, 0.3157642820146851, 0.2891287070579893]","[0.0, 0.005804043865476888, 0.006669129200611826, 0.013818515440473795, 0.020722146280133625, 0.026572831098490013, 0.03045741913328787, 0.034437881163805986, 0.039691099065059444, 0.04080268839108079, 0.04287324064933194, 0.042999970214046675, 0.042747583943753706, 0.04305679878407305, 0.04224505552616012]",42,False,15,0.5919876431039199
4,Crimes,EGB_XGB_GA2M_CYCLIC_CYCLIC,"[1.0, 0.9979509892129486, 0.9042257799679101, 0.8167194711089101, 0.7347601082823405, 0.6599231125369764, 0.5928185221796776, 0.5378529299480126, 0.48809339460563567, 0.44531452497622015, 0.40705379487499405, 0.3731897260146761, 0.34167479970668424, 0.31252432582855055, 0.28554906249084044]","[0.0, 0.004658856822480085, 0.009466570151120212, 0.01782351835560292, 0.025772055161834558, 0.031735591780565564, 0.036206515734959664, 0.04057462388617869, 0.0457618301217755, 0.04672650383104337, 0.048845942203292414, 0.04888225806290531, 0.04839961858420722, 0.048526953022734166, 0.04802249645354688]",40,False,15,0.5896340007492112
5,Crimes,EGB_XGB_GAM_BEST_FIT_BEST_FIT,"[1.0, 1.0, 0.6376958855814647, 0.3944870884654115, 0.2659452930538392, 0.16806127288517064, 0.12894158563174918, 0.09941582210879271, 0.07462443635213141, 0.05497669798156788, 0.03876445331116608, 0.02553406982274422, 0.015699832947473444, 0.007919051498845187, 0.001346148035347345]","[0.0, 0.0010204679174235026, 0.026083917105816392, 0.04850975447790829, 0.0467911705035867, 0.047347351871356524, 0.04323549863121393, 0.04189984449369559, 0.04216920347272313, 0.04274173060114724, 0.04038420349846098, 0.03847544522231123, 0.037074079310218236, 0.03514779361340071, 0.03347877563775391]",15,False,15,0.24376704026128784
6,Crimes,EGB_XGB_GAM_CYCLIC_CYCLIC,"[1.0, 0.9861129768486556, 0.8912799601171983, 0.802686282857354, 0.7199407608984155, 0.6443594471101196, 0.5766878738708628, 0.5215967357521349, 0.4719329934036958, 0.42891297236225157, 0.39039116063493334, 0.356553847368111, 0.3249638576974706, 0.29580234721423554, 0.26914587893727254]","[0.0, 0.0028655991622482915, 0.008491814658904558, 0.017313136095151827, 0.02584048348866221, 0.03239550126711355, 0.03747123453503996, 0.042437724737807866, 0.0477074473195948, 0.04908960767504618, 0.051586732545054075, 0.051971557527042446, 0.05167620738875367, 0.05192587430247246, 0.05132589013222642]",39,False,15,0.5746995825431482
7,adult,EBM_GA2M,"[1.0, 0.9975127899839386, 0.7213253045501348, 0.5275616717441454, 0.3777492802240342, 0.2699355805287581, 0.17766928596285916, 0.11903581756006516, 0.07242074930890126, 0.0385676520592383, 0.02171298000172357, 0.011290210165694557]","[0.0, 0.0012851346505563701, 0.0070690300373112865, 0.017148251748618552, 0.015562897703106747, 0.0069768284918041625, 0.00911813074349692, 0.009281410581719548, 0.007918015247078348, 0.006756390549038668, 0.002643615940189672, 0.002782759312204911]",18,False,12,0.34810329245514965
8,adult,EBM_GAM,"[1.0, 0.9928650186931733, 0.708628265372503, 0.5126243833761297, 0.36281109257601596, 0.2545304174822212, 0.16561233855420687, 0.10666854490500521, 0.060158993076372846, 0.02807937084236995, 0.01330470717319009, 0.004705968522570948]","[0.0, 0.002145173477294343, 0.0075454965580909516, 0.01631807141629846, 0.014296233060390464, 0.007921437905119672, 0.010579288768991354, 0.010160458889174656, 0.00760968408830052, 0.006482763186540666, 0.0027817620494363423, 0.0024771222238411457]",15,False,12,0.33705782875567947
9,adult,EGB_XGB_GA2M_CYCLIC_BEST_FIT,"[1.0, 0.9996297567510286, 0.7209839860477362, 0.5091083854545062, 0.3490487424757145, 0.24429850973159942, 0.1621108100826552, 0.1045154832342898, 0.05977170035594137, 0.028848733331085147, 0.014742910725308667, 0.007232570327516799]","[0.0, 0.0010822282141126393, 0.0070413363901113465, 0.005480312420170106, 0.010733350522466255, 0.007444878458492295, 0.00892806745031347, 0.010131801664122702, 0.007378127049902972, 0.006215340756421844, 0.0024246014798590416, 0.003128417311330662]",15,False,12,0.3360613912139658
10,adult,EGB_XGB_GA2M_CYCLIC_CYCLIC,"[1.0, 0.9988124095632228, 0.7203142612070842, 0.5088220930236733, 0.348878319305541, 0.24448523665272268, 0.16271577360593475, 0.10504680887550914, 0.06036605989200574, 0.029487286761462957, 0.015253697680684889, 0.007787789404589423]","[0.0, 0.0023699389702590075, 0.005654546279687669, 0.004517391464907997, 0.01122807818491705, 0.00810690021496623, 0.009293553576429234, 0.010360543839445758, 0.007493114300403892, 0.0063384313754605666, 0.002629313025374401, 0.003254399688131637]",15,False,12,0.3361887128427396
11,adult,EGB_XGB_GAM_BEST_FIT_BEST_FIT,"[1.0, 0.9936203140155342, 0.7271897840916994, 0.515280341795283, 0.34430839344908365, 0.2177345562375978, 0.12878471942863412, 0.07722602117060104, 0.03963534814565529, 0.014585578118202536, 0.003289716322665123, 0.0003488838622718656]","[0.0, 0.0016664467444042984, 0.003947824787050301, 0.007004706629719696, 0.013312912868257807, 0.01406859425942978, 0.010695003233370571, 0.010589593580456377, 0.009057294503322717, 0.005966808676625738, 0.0025740724179539954, 0.002509080209933846]",12,False,12,0.32380265588237206
12,adult,EGB_XGB_GAM_CYCLIC_CYCLIC,"[1.0, 0.9919125554628666, 0.7124476129352587, 0.501956176894731, 0.3425168582756042, 0.2383559638618374, 0.15679436658646734, 0.09927871379974632, 0.055130904244434106, 0.024876796215643232, 0.011037651832864334, 0.004048192037981784]","[0.0, 0.0019799839903089853, 0.0072163791919864755, 0.006875882990068087, 0.011742177491284022, 0.008318989308743363, 0.009912060814435759, 0.010564989783336701, 0.007370518072229472, 0.0059643468746294, 0.002344274365298447, 0.0025059673740110717]",13,False,12,0.3305756087389495
13,bike,EBM_GA2M,"[1.0, 1.0, 0.6059725003452967, 0.4848008422279202, 0.39208944135190543, 0.3153177686460993, 0.2638874189200453, 0.21660979319235193, 0.17836171570924997, 0.1475671202424235, 0.1194943081246738]","[0.0, 0.015838991937629006, 0.00990637046123535, 0.014478814085069429, 0.012800302344138688, 0.012650318609121206, 0.006111968427025696, 0.0050621937232769474, 0.006242507638241754, 0.006723883117103623, 0.005734304398657646]",29,False,11,0.4164353754697629
14,bike,EBM_GAM,"[1.0, 1.0, 0.3645785021282654, 0.24094567402264017, 0.13675195533734283, 0.07800147594601496, 0.046563282759609366, 0.022155820467572675, 0.013320888117784374, 0.003169468959116243, 0.0008297721634629698]","[0.0, 0.0019196808781310284, 0.014665490465661252, 0.01045713922033714, 0.0067915388370288635, 0.004932873949411984, 0.003908807077313664, 0.002390572408004947, 0.0027056208761677145, 0.0029443786550417475, 0.0015178680759143828]",11,False,11,0.2405901953820078
15,bike,EGB_XGB_GA2M_CYCLIC_BEST_FIT,"[1.0, 1.0, 0.598962106140047, 0.4843122121539933, 0.3924088909201363, 0.3153185091814128, 0.2687492690644474, 0.22266845836877583, 0.18590586072698995, 0.14347618928137296, 0.12153868659778108]","[0.0, 0.016331051837110484, 0.01626359818980817, 0.019536898647617255, 0.01409096642022452, 0.010907189444654004, 0.01226619205149945, 0.013287647106143392, 0.01186924125442455, 0.005595541249877541, 0.005361328340063724]",29,False,11,0.4172570839136066
16,bike,EGB_XGB_GA2M_CYCLIC_CYCLIC,"[1.0, 1.0, 0.5986689785903774, 0.4726388840279065, 0.37940534150445343, 0.30137972981477545, 0.2521798819887753, 0.20492835980708451, 0.16830609626781726, 0.1390495971564892, 0.11304419816570181]","[0.0, 0.003377193605441537, 0.008497112874400447, 0.011573857629638357, 0.010842008491604204, 0.007815678605527501, 0.006258905903673536, 0.005395170381866413, 0.005517876354757607, 0.006071780443094467, 0.006072928516987193]",29,False,11,0.407307896824053
17,bike,EGB_XGB_GAM_BEST_FIT_BEST_FIT,"[1.0, 1.0, 0.3636649038942287, 0.24589417593393526, 0.14199420461123904, 0.07651916528850965, 0.045493282849310326, 0.02091319049350064, 0.01208124835595675, 0.003127946707096965, 0.0007197711311928842]","[0.0, 0.0017830399601977773, 0.015059288787889853, 0.013615890570781296, 0.009640400256020934, 0.004350960227247396, 0.003629764553888676, 0.002344894031719864, 0.0025722955144163386, 0.003035694940925545, 0.001542282789424705]",11,False,11,0.24100480036993743
18,bike,EGB_XGB_GAM_CYCLIC_CYCLIC,"[1.0, 1.0, 0.36478958348339624, 0.23843705576717705, 0.1338424158064795, 0.07821646846281226, 0.04685601875144261, 0.022590765603618994, 0.013414628833426371, 0.003170252132640322, 0.0008322677313660181]","[0.0, 0.0018251086249623308, 0.015100389252572833, 0.012035542232911464, 0.0067971306659837145, 0.004466985501440216, 0.0037114452879002504, 0.002531902228204509, 0.003092941292354561, 0.0030701239455376774, 0.0015779095633634038]",11,False,11,0.24017333227066767
19,bike,Spline,"[1.0, 0.8718081833193736, 0.4278050040626403, 0.3061533353822673, 0.28969142089082345, 0.1830685253148403, 0.14250083151580256, 0.11921293899708334, 0.11921293899708334, 0.11921293899708334, 0.11921293899708334]","[0.0, 0.010371027970571841, 0.01671738137673803, 0.01917013335690966, 0.010237462705436792, 0.044454627438765125, 0.051743937740649386, 0.05633595428882416, 0.08869491381218936, 0.10423049319016223, 0.108307112900017]",13,False,11,0.3138272586975539
20,breast,EBM_GA2M,"[1.0, 0.9497803177200417, 0.6216902003979293, 0.38680720769540383, 0.23553622520079226, 0.14839045236922696, 0.0904026813848895, 0.0582698367667633, 0.03606867763197086]","[0.0, 0.02345848294460317, 0.05357722633014819, 0.07788981297885006, 0.0810662649913298, 0.07163358263151917, 0.06413732236407996, 0.050771015765378895, 0.04147987453929259]",11,False,9,0.376113907543879
21,breast,EBM_GAM,"[1.0, 0.9766425765394743, 0.622550463939071, 0.3733967920313161, 0.22120554833178713, 0.1340324360338297, 0.07479283407650442, 0.042214273691394064, 0.019799065319731877]","[0.0, 0.011056522139128742, 0.05822900581850105, 0.08182557593959756, 0.08356114796835089, 0.07199104645567717, 0.0653118387715077, 0.0530024290707428, 0.04611308510828492]",10,False,9,0.3693418071629053
22,breast,EGB_XGB_GA2M_BEST_FIT_BEST_FIT,"[1.0, 0.9999874421275525, 0.4817807161644384, 0.23908281519937943, 0.14039645533159026, 0.07614045306867076, 0.04270084016484637, 0.023044442913303848, 0.007234574530466081]","[0.0, 2.5115744894854687e-05, 0.030679364903702135, 0.0189412643827045, 0.01970607474484944, 0.024868705415030862, 0.020783335652213204, 0.020358166214790523, 0.021665603178700785]",9,False,9,0.3133438065293768
23,breast,EGB_XGB_GA2M_CYCLIC_BEST_FIT,"[1.0, 1.0, 0.6725573599814316, 0.4471909138591089, 0.30202808274796183, 0.2072074909946217, 0.1402578872046339, 0.09780498781995389, 0.0674291864104043]","[0.0, 0.0, 0.008357947169395323, 0.01105163064293014, 0.009995344840150293, 0.013870514392132932, 0.015243249055963618, 0.015272362939301017, 0.016772324064962738]",14,False,9,0.4250951644766143
24,breast,EGB_XGB_GA2M_CYCLIC_CYCLIC,"[1.0, 1.0, 0.6721106657774284, 0.44714162389308615, 0.30201180683821144, 0.2067842300120078, 0.1399846556309859, 0.09754906423630284, 0.06720816410019313]","[0.0, 2.1789596109655916e-07, 0.00955385149011053, 0.011380758154418042, 0.008539056315446759, 0.012577923395542224, 0.014971003731769924, 0.015487701791137856, 0.016744799940566768]",14,False,9,0.42489826605476483
25,breast,EGB_XGB_GAM_BEST_FIT_BEST_FIT,"[1.0, 1.0, 0.4917305077734202, 0.2438033311999163, 0.14131675737427418, 0.07664818256271824, 0.04238464589612727, 0.024241165318999842, 0.008901490881436986]","[0.0, 0.01055659662328737, 0.035470502226435316, 0.021922399105380557, 0.023580529853248645, 0.02724270779857863, 0.023120483348282712, 0.02184017244401256, 0.023808934198253952]",9,False,9,0.3155719169457718
26,breast,EGB_XGB_GAM_CYCLIC_CYCLIC,"[1.0, 0.9954558924171109, 0.6697119598305965, 0.4433271939458286, 0.2977180263775948, 0.2028067838718391, 0.13586444064017952, 0.09338834912360919, 0.06256461058911902]","[0.0, 0.013325484680340425, 0.012051182236314824, 0.01711771765281747, 0.016379601252179576, 0.018133177984839183, 0.017998848955816587, 0.015384172705347813, 0.01652116446311865]",14,False,9,0.4211943689376647
27,breast,EGB_XGB_GAM_CYCLIC_RANDOM_CYCLIC_RANDOM,"[1.0, 1.0, 0.6770939291317662, 0.46020006471182734, 0.30517734916428124, 0.21072110549850928, 0.14249048814894888, 0.09995042999748457, 0.07177663424347333]","[0.0, 0.0, 0.0, 0.0, 0.0, 0.0, 0.0, 0.0, 0.0]",15,False,9,0.4289402104718193
28,california housing,EBM_GA2M,"[1.0, 1.0, 0.5281269794954305, 0.4439995473827786, 0.4158110017605473, 0.39968683065991567, 0.3904007152308526, 0.379049938761023, 0.37404801608539884]","[0.0, 0.009599272584974781, 0.02443895738622787, 0.028603899594311862, 0.02738338609652382, 0.02634880469754193, 0.025932406141146974, 0.026184491434415896, 0.026288002044593087]",25,False,9,0.5305123776666559
29,california housing,EBM_GAM,"[1.0, 0.46213881447691135, 0.46213881447691135, 0.43008905157660016, 0.43008905157660016, 0.43008905157660016, 0.35713069719107715, 0.35713069719107715, 0.0]","[0.0, 0.028653343147135257, 0.02098272795526915, 0.02103586846428635, 0.028946643809386496, 0.02353896334325568, 0.01767464509126096, 0.030372716197820986, 0.0]",9,False,9,0.42860077225822213
30,california housing,EGB_XGB_GA2M_BEST_FIT_BEST_FIT,"[1.0, 1.0, 0.529832768080511, 0.4036915394015764, 0.37713266270150825, 0.35913730451886056, 0.3519442915392289, 0.34436125751653374, 0.34089993221622505]","[0.0, 0.005233274364037535, 0.026895502376533795, 0.02994573871310261, 0.028198413679686136, 0.02765950102993432, 0.027586800390467417, 0.02467860829469732, 0.023877473891713942]",25,False,9,0.5045687237332914
31,california housing,EGB_XGB_GA2M_CYCLIC_BEST_FIT,"[1.0, 1.0, 0.5269476345118012, 0.3918102303792133, 0.3651199953493832, 0.3480822247789087, 0.341272586525171, 0.3391874482233256, 0.3361301580270706]","[0.0, 0.00552884135639173, 0.028496117915456327, 0.03002969708907935, 0.029470486197042584, 0.02869125300883138, 0.02906460122808666, 0.025252735478051028, 0.024785635132987323]",25,False,9,0.49756064984766724
32,california housing,EGB_XGB_GA2M_CYCLIC_CYCLIC,"[1.0, 1.0, 0.5240134820255682, 0.41187540153479035, 0.38419458524563654, 0.366863337658471, 0.3565487999740427, 0.35237613326687905, 0.3489013616102555]","[0.0, 0.010297305464036757, 0.029327945916238864, 0.0301752251452769, 0.0295674700754496, 0.029532022653071463, 0.03139577797878363, 0.025621380703339736, 0.025732899587041547]",25,False,9,0.5087903025638144
33,california housing,EGB_XGB_GAM_BEST_FIT_BEST_FIT,"[1.0, 0.46037947220979075, 0.4531830529697764, 0.4167976344249424, 0.4167976344249424, 0.4167976344249424, 0.35742022969838555, 0.35742022969838555, 0.0]","[0.0, 0.029045765767434905, 0.024092618816311622, 0.024532356296739992, 0.024943013000353214, 0.027557484582056528, 0.017793996427341117, 0.025927199945957047, 0.0]",9,False,9,0.42234948598139566
34,california housing,EGB_XGB_GAM_CYCLIC_CYCLIC,"[1.0, 0.4590947602199746, 0.4590947602199746, 0.43033603401177495, 0.43033603401177495, 0.43033603401177495, 0.3534039452705349, 0.3534039452705349, 0.0]","[0.0, 0.029849527614909072, 0.02121692812342053, 0.021845592105482963, 0.04207451799271916, 0.026953280674163825, 0.01898027124050537, 0.029714941452908695, 0.0]",9,False,9,0.427000689127043
35,california housing,Spline,"[1.0, 1.0, 1.0, 1.0, 1.0, 1.0, 0.6903420031965288, 0.6903420031965288, 0.0]","[0.0, 0.059556557407545105, 0.33703129873102555, 0.10261215553664736, 0.47933782407483827, 0.10221026117827814, 0.7324080779415427, 0.5191047758039711, 0.0]",9,False,9,0.8600855007991322
36,churn,EBM_GA2M,"[1.0, 0.9951258770526671, 0.5978925779731563, 0.4165946144269463, 0.281452684151156, 0.20779711339680018, 0.15250695667908626, 0.11288575576592086, 0.08306852329545415, 0.059526293465464154, 0.04492750647025458, 0.03292678088282158]","[0.0, 0.003431168072418763, 0.018812449592162942, 0.025949163027288186, 0.02619689341089494, 0.025526977801183355, 0.025441828006012766, 0.025217774727566866, 0.02562464817400355, 0.02454365937552721, 0.02325122256599173, 0.022282860411730016]",14,False,12,0.3152946630107561
37,churn,EBM_GAM,"[1.0, 0.8749576050226647, 0.528832837629696, 0.4289322620110275, 0.30128503407050206, 0.22957650077581326, 0.17489803933212905, 0.13088757032556073, 0.08940382122009723, 0.06438929083090528, 0.04126685687106807, 0.0179931122466238]","[0.0, 0.018308022466962493, 0.029793608612801923, 0.05768418385053487, 0.03084396291661618, 0.02738880335826468, 0.02581584819488278, 0.025738631438645024, 0.019420988521994417, 0.01896579605717027, 0.02001548634299568, 0.019501759499487265]",13,False,12,0.3066751249284342
38,churn,EGB_XGB_GA2M_CYCLIC_BEST_FIT,"[1.0, 0.9996091936639546, 0.6005968614118358, 0.4059497702289045, 0.2680324604237148, 0.19878503479811166, 0.14537660018351112, 0.10698881527823882, 0.07727660123006722, 0.05528879136419053, 0.041362526850336104, 0.031456524233254866]","[0.0, 0.000887211598763508, 0.015257550592213315, 0.022150048021249303, 0.022799224438506464, 0.02171269224904345, 0.021467979604097687, 0.02248027126730722, 0.022392209838373336, 0.021447402059986107, 0.0207402380863931, 0.02009782435507703]",14,False,12,0.3104540834135902
39,churn,EGB_XGB_GA2M_CYCLIC_CYCLIC,"[1.0, 0.9997012032067033, 0.6001244300538067, 0.4055595658497054, 0.2677239977526369, 0.19848586506064306, 0.14524530115772288, 0.10693788230068046, 0.07714899850982286, 0.05518339098788409, 0.041286101732052535, 0.03155015641534677]","[0.0, 0.0006948406150202649, 0.01441471696898481, 0.021963296049155943, 0.02111525021893795, 0.020585124090109357, 0.0204790099860135, 0.021429098393498016, 0.021261935020880127, 0.020398338981053192, 0.019692209735621538, 0.019193153812468458]",14,False,12,0.31028834680175743
40,churn,EGB_XGB_GAM_BEST_FIT_BEST_FIT,"[1.0, 0.9571405274748243, 0.5461773668127221, 0.3901390414101014, 0.18404612666773007, 0.10464332522078224, 0.06262928964730267, 0.03910866662373365, 0.023197933742738885, 0.013311022802973724, 0.007358286575147438, 0.0026026114054092503]","[0.0, 0.009780276671564168, 0.023157633943923443, 0.03853355379842258, 0.019291731882335565, 0.015548864952958466, 0.014072880722790709, 0.012577584927968398, 0.009606966023952699, 0.0076813137627704505, 0.006954542768655921, 0.007064108247652317]",12,False,12,0.25718662660734193
41,churn,EGB_XGB_GAM_CYCLIC_CYCLIC,"[1.0, 0.8707847076815305, 0.5310160273136426, 0.4580444899352713, 0.30063827469364085, 0.23260959986345836, 0.17844688086046948, 0.13201885421350606, 0.09192088494846481, 0.0674597999144026, 0.043777622915012006, 0.022366127984765345]","[0.0, 0.018915862665528183, 0.027237282265386964, 0.042162471998235, 0.029660071979232663, 0.02707760378599138, 0.025612813117244084, 0.02828687697776946, 0.01746388029952986, 0.01707585499071279, 0.018196271334938507, 0.016679474262228912]",13,False,12,0.3107182005756165
42,churn,Spline,"[1.0, 0.9222980000328601, 0.4102950786514956, 0.2569037605242091, 0.1643511931581904, 0.11870825563288781, 0.09628834189788761, 0.07873039528997866, 0.06748516537086852, 0.06397695244447701, 0.05916659965874345, 0.05746789289489289]","[0.0, 0.020600968008769874, 0.00852404008225701, 0.03033766089322223, 0.049086117357068304, 0.05028385973749261, 0.04852807603927884, 0.05335109475724248, 0.052290926269739905, 0.05338800111349084, 0.05507795102129835, 0.054180721142405026]",20,False,12,0.25153978991900405
43,compass,EBM_GA2M,"[1.0, 0.9939960319661463, 0.41888480985231463, 0.15138452092382693, 0.05957321052687734, 0.01456895144901886]","[0.0, 0.00456679229417173, 0.031367875174946776, 0.06587532085638073, 0.04395627877686034, 0.024678663051241948]",6,False,6,0.426224609798735
44,compass,EBM_GAM,"[1.0, 0.9612850124346135, 0.3960660782734602, 0.1356975469831526, 0.04401550621011975, 0.0014088625616280645]","[0.0, 0.009711187641920745, 0.03743805462514403, 0.07182554107350701, 0.04655976985564921, 0.016415250685039465]",6,False,6,0.407553715036432
45,compass,EGB_XGB_GA2M_BEST_FIT_BEST_FIT,"[1.0, 0.9964527075559111, 0.4090337576384212, 0.15824295760858945, 0.06177670426184832, 0.019261962583028334]","[0.0, 0.007754959125503325, 0.032228220035060366, 0.06138264739186822, 0.03775670515578688, 0.01644185719536464]",7,False,6,0.4270274216712568
46,compass,EGB_XGB_GA2M_CYCLIC_BEST_FIT,"[1.0, 1.0, 0.4251953303734199, 0.1522356994737063, 0.06272369966614222, 0.01626241691005791]","[0.0, 0.01543738606503358, 0.03816466329058678, 0.059728238951117014, 0.0390743347595128, 0.020022089924579132]",6,False,6,0.4296571875936595
47,compass,EGB_XGB_GA2M_CYCLIC_CYCLIC,"[1.0, 0.9960147526069367, 0.4201643397346716, 0.15091177158918379, 0.06068597144552582, 0.01462116668548725]","[0.0, 0.004294254661344548, 0.03465495748147955, 0.06497022650447186, 0.04343332206083774, 0.020462218944986465]",6,False,6,0.4270174837438123
48,compass,EGB_XGB_GAM_BEST_FIT_BEST_FIT,"[1.0, 0.9756043684212923, 0.39624954094533044, 0.15040023187879487, 0.05387138478011473, 0.012380829935648683]","[0.0, 0.0030156937812327875, 0.03428977665377431, 0.0636246485708186, 0.03722851629557007, 0.01064077297987017]",6,False,6,0.41646318819867134
49,compass,EGB_XGB_GAM_CYCLIC_CYCLIC,"[1.0, 0.9609314373861396, 0.3979603897351115, 0.1361909540800591, 0.04830728407066384, 0.004957891870844823]","[0.0, 0.009332142229830866, 0.03724549954489211, 0.06919389700201523, 0.04566170981455428, 0.014933512212863313]",6,False,6,0.40917380224147937
50,compass,Spline,"[1.0, 1.0, 0.13054260946774415, 0.070793485972955, 0.032419380742366846, 0.019249821144328508]","[0.0, 0.0024164567368706786, 0.020601209092081137, 0.016482525305708623, 0.011271418231002339, 0.00514204872506094]",8,False,6,0.3486760773510461
51,fico,EBM_GA2M,"[1.0, 1.0, 0.7826972390650864, 0.6209563549206061, 0.5206090493520643, 0.4237740047770614, 0.32498211293050105, 0.24550823212581685, 0.20815840319791895, 0.17416727936749307, 0.14461489043239323, 0.12364286550182754, 0.10111526320439301, 0.0824529251600974, 0.06986976340596088, 0.05995353197427097, 0.05105131142182486, 0.043537828617531124, 0.03668970211198996, 0.030522727951241484, 0.024977071422434903, 0.02041985731282269]","[0.0, 0.0018215419788864973, 0.005559303037139713, 0.01210643072021328, 0.0124471656397481, 0.0129171880589673, 0.013523951212838765, 0.010158389896029015, 0.011323548848106725, 0.009977615297152673, 0.008427023491819303, 0.008407472161145124, 0.01034610964751953, 0.008842694238847062, 0.00830020422887812, 0.0074808763485945525, 0.007291537642512597, 0.006716397000991838, 0.006339109335809883, 0.005547709411243198, 0.004689562050507844, 0.004233385688211118]",32,False,22,0.2656900231236631
52,fico,EBM_GAM,"[1.0, 1.0, 0.7713903100755904, 0.603386948916814, 0.4989826899347441, 0.3980813436500238, 0.29554122398881216, 0.2128876829526419, 0.174126431783918, 0.1393928029604413, 0.10887920484771471, 0.08729071324261266, 0.06418485628591201, 0.04457146295992799, 0.0316229599920234, 0.02232942848928672, 0.015005543049912617, 0.009712620055529485, 0.005110789160270848, 0.0026055012480845716, 0.0013273683352585549, 0.00046207214364876926]","[0.0, 0.00016537356474792425, 0.0057739849418263055, 0.012287368105507844, 0.01299424567965105, 0.013159614204468687, 0.01347032921849819, 0.010511772695262841, 0.011837026635530224, 0.01006180250184632, 0.008052473499441095, 0.009231680509105292, 0.00995768707406024, 0.007994218248315196, 0.0065199194269803, 0.006304505172517494, 0.005841457158374425, 0.005055971134901751, 0.004012659555248415, 0.0032019357598468694, 0.0022092804234634398, 0.0015490451457225278]",23,False,22,0.2374600437143497
53,fico,EGB_XGB_GA2M_BEST_FIT_BEST_FIT,"[1.0, 0.9952843660019063, 0.7606601353300724, 0.5177368051014268, 0.42129385460307417, 0.3023132070372383, 0.20981972489329342, 0.15513591439887947, 0.12332654231572333, 0.10592434476504711, 0.09003810622716545, 0.07772039613083039, 0.06925203510611386, 0.06135152365859298, 0.05386048550011589, 0.047038042254051435, 0.04065855739728067, 0.0355299338048299, 0.031461278867932964, 0.027647346122226503, 0.024668997500937782, 0.022160853274957683]","[0.0, 0.004832983701454137, 0.006668229642510698, 0.01153791677928562, 0.007218101404949076, 0.008692479366108282, 0.009893462725747414, 0.007886700775230683, 0.00719095056972975, 0.006424799021476688, 0.006402486058616968, 0.006305099891159105, 0.0061810366927439325, 0.00591901282795566, 0.005558324951347912, 0.005414982638210316, 0.0038528444136734143, 0.004078040942668288, 0.0043011118654671205, 0.004523145369818602, 0.004592525526810706, 0.00461382463468494]",41,False,22,0.22199057255496277
54,fico,EGB_XGB_GA2M_CYCLIC_BEST_FIT,"[1.0, 0.9996329040206298, 0.7799081170487494, 0.619130325421588, 0.5184895861835799, 0.42376453586047014, 0.3267821805552124, 0.24598988385033174, 0.20749080998505393, 0.17458536347729506, 0.14612040807431947, 0.12211553916208966, 0.09868067466598959, 0.08040120004172975, 0.06773340115257283, 0.057681323709327235, 0.048743499450852115, 0.041060899835993474, 0.034363470748126144, 0.028337426405340965, 0.022965928992229157, 0.018406984755332575]","[0.0, 0.0014572914214597403, 0.005265201104197821, 0.011113509219183176, 0.011380087883439641, 0.011236225848089905, 0.012610010118098692, 0.008608589568391, 0.008981208325710996, 0.00882243015036257, 0.006515468479305458, 0.009631359348664888, 0.010035577671110752, 0.0066601714087858145, 0.0057626106945349136, 0.004636331875999423, 0.00447940677709425, 0.004093794698764617, 0.003290490043311818, 0.003057708392625014, 0.0029607296982775183, 0.0026653363180061287]",30,False,22,0.2644371890961499
55,fico,EGB_XGB_GA2M_CYCLIC_CYCLIC,"[1.0, 0.997409440746859, 0.7769283449018171, 0.6162241153194538, 0.5159639654175868, 0.42079566387286116, 0.32338049505985933, 0.2434209629789895, 0.2060214169457172, 0.17300021571415503, 0.1446711273034314, 0.12103214579246868, 0.09863923829277021, 0.0827890042844201, 0.06875558983640243, 0.059161906857576683, 0.05039310686476357, 0.042627355024814934, 0.03593053573652395, 0.03009936678297137, 0.02427933768778328, 0.019206329286670563]","[0.0, 0.0028881100624624004, 0.002507449119489826, 0.009455163100055139, 0.009929973638664246, 0.009120443385564805, 0.0108084830739382, 0.007435907902695979, 0.008730032237863776, 0.008263311646713411, 0.006105564348254547, 0.008075334355227429, 0.008091578920377951, 0.008443999452285644, 0.005763094659178653, 0.005476038267310196, 0.005466192801842095, 0.004853449903282363, 0.004076682492534974, 0.0037809090946389493, 0.003285986260365984, 0.0029901467633591155]",30,False,22,0.26386316666974097
56,fico,EGB_XGB_GAM_BEST_FIT_BEST_FIT,"[1.0, 1.0, 0.7566760506276694, 0.5019117079471007, 0.40128769602533276, 0.27708882090810477, 0.18115056490637033, 0.1226273510959451, 0.0895384266230754, 0.07144761531254545, 0.054992915174031175, 0.04230843952552822, 0.03282695636982304, 0.02542057091129627, 0.020563269105246768, 0.015429022952898552, 0.009434580707233022, 0.008214148456028577, 0.007443558562614733, 0.0028196804013836474, 0.0024881459265697283, 0.002244047103713391]","[0.0, 0.0001439272577978755, 0.005468950444590677, 0.012132720193675133, 0.009487320883618425, 0.010351764117288238, 0.010791574866632828, 0.009955257723640787, 0.007955627586581287, 0.006917142926571346, 0.006517169632694575, 0.005670642936149267, 0.005970642925080398, 0.007018919317724994, 0.007705239674713994, 0.009464051946296577, 0.009377921622921696, 0.009590441071426484, 0.009732032223776357, 0.005928754482283774, 0.0060373431164169045, 0.006145017889151222]",25,False,22,0.19641864500431683
57,fico,EGB_XGB_GAM_CYCLIC_CYCLIC,"[1.0, 1.0, 0.7695488476093875, 0.6020483651078963, 0.49810691750349745, 0.398343882993627, 0.29614740778781284, 0.21302435282552284, 0.1739362698841394, 0.13964659128603746, 0.10990723781587017, 0.0847537987725628, 0.06149513682447107, 0.04520866972469449, 0.03045212123504133, 0.021370305366230313, 0.014369662282503798, 0.00903003754303971, 0.004637091617744253, 0.0021615172344373462, 0.0010352791009059466, 2.8233388604454553e-05]","[0.0, 0.00024737823124165416, 0.005154926277944007, 0.01144112074183228, 0.011726350315981746, 0.011389703585084657, 0.012636668182417272, 0.009411951977061723, 0.010617384951980783, 0.009715740104100323, 0.006627352139183203, 0.010739953166276796, 0.010499557895036427, 0.010505449666741374, 0.005916775376494496, 0.005746906197924593, 0.005211264597308577, 0.00432559888958806, 0.003446889312585515, 0.0028377224181197454, 0.002004011449560425, 0.0011545003316999712]",22,False,22,0.23691607662903447
58,support2,EBM_GA2M,"[1.0, 0.9774393638637748, 0.6473674638455804, 0.42499809692946655, 0.3001912841158779, 0.23136931397386556, 0.18397677711113034, 0.15175893201444357, 0.12759868686470083, 0.1089421232520186, 0.09423606941579787, 0.08101513230460926, 0.06930733665050923]","[0.0, 0.014584111949164414, 0.016234351563054868, 0.028975199570748657, 0.01137281850455277, 0.01283762161098081, 0.014231742847743905, 0.014708087738354879, 0.01583608332034369, 0.015131890839526943, 0.013204990827495898, 0.012590782041751713, 0.012772919079581314]",21,False,13,0.32196224266804324
59,support2,EBM_GAM,"[1.0, 0.9172150152430628, 0.5620531472320709, 0.3250508055431299, 0.1928621270907684, 0.13343870502487606, 0.127420929630854, 0.09230404228656983, 0.06619738883426467, 0.048211129521968175, 0.03360006450552454, 0.021729216508077666, 0.011859584762189509]","[0.0, 0.0051654272629572525, 0.01730377200075214, 0.0310722512138327, 0.013856927494834899, 0.027133542026659862, 0.014164089611971232, 0.013818371045744559, 0.01566111228118522, 0.012755432051685512, 0.010961733560098217, 0.010467969501766915, 0.009343397294987881]",14,False,13,0.25216769698352176
60,support2,EGB_XGB_GA2M_BEST_FIT_BEST_FIT,"[1.0, 0.9977246935394473, 0.6037997224657179, 0.3837464837640344, 0.2547684827487308, 0.18873747709442198, 0.1425225995601483, 0.10751261115030505, 0.08433107858971993, 0.06796719864590915, 0.05479869057149898, 0.04451448500614329, 0.035557993467874326]","[0.0, 0.009750690430832556, 0.031473696102147425, 0.02621194395589771, 0.01583354329952387, 0.017741426835633074, 0.014262419348207102, 0.01086593784131072, 0.00620094511994101, 0.009049214484065416, 0.010019905002366498, 0.011033642078846481, 0.011776004252200694]",17,False,13,0.2873502099891678
61,support2,EGB_XGB_GA2M_CYCLIC_BEST_FIT,"[1.0, 0.9886829074508077, 0.6251544366213263, 0.38947610205094224, 0.26380429497019786, 0.19135792416061448, 0.1430107235061938, 0.10966435445775405, 0.0852011943701855, 0.06736105284983498, 0.05346555455512331, 0.041151341544036706, 0.030534877520018933]","[0.0, 0.007020468014155725, 0.02809719798680115, 0.04212561528417164, 0.026720218541023338, 0.027956381726205303, 0.025415900266484916, 0.02622737692688382, 0.029314148925972443, 0.02968048123764193, 0.028800878811882792, 0.027554198797847228, 0.0273007910408304]",16,False,13,0.28946644377475217
62,support2,EGB_XGB_GA2M_CYCLIC_CYCLIC,"[1.0, 0.9872047013476812, 0.6243534471729051, 0.38961383430226626, 0.264370873625163, 0.1923849078500094, 0.14359591277215683, 0.11034978136631661, 0.08668852796595053, 0.06840676818958233, 0.05405587212852118, 0.04145050718569278, 0.03138643777601728]","[0.0, 0.0033312518662225983, 0.021129704444037393, 0.03718376593883691, 0.023134838350409147, 0.024804617650338714, 0.024492373230790343, 0.025918486098841884, 0.02882010582585855, 0.02926371845540201, 0.028553400860986865, 0.02859827693536964, 0.029226182298582024]",16,False,13,0.2898473627328544
63,support2,EGB_XGB_GAM_BEST_FIT_BEST_FIT,"[1.0, 0.9107444018089522, 0.52245675010873, 0.3009095239061231, 0.17056008988190044, 0.11787010122725823, 0.11070734174655308, 0.07421694687361895, 0.05020079346129406, 0.03503256401607586, 0.02471270141653091, 0.016855458765152175, 0.009985881824358087]","[0.0, 0.007456854977972547, 0.0293336726762479, 0.026233499380754248, 0.015620023145111822, 0.016203265665210125, 0.010495993737891158, 0.007401373993807209, 0.0040072655890172615, 0.004229305863363161, 0.006167841786392157, 0.006630149486495783, 0.007385609701251364]",15,False,13,0.2366049678436973
64,support2,EGB_XGB_GAM_CYCLIC_CYCLIC,"[1.0, 0.9077634612552078, 0.5420245679778438, 0.3077863662104642, 0.17926022538946437, 0.11956516185644965, 0.11520504154567854, 0.080217079537478, 0.055017304024609096, 0.03760581491355196, 0.023548416461625345, 0.012820629912656367, 0.00461990558175108]","[0.0, 0.007019005485789901, 0.017026191773028235, 0.027843985412808924, 0.014043135999110534, 0.022373345966972467, 0.01100782707556287, 0.010508253789784707, 0.013613817095935156, 0.012802425132531268, 0.012663289190731205, 0.012844497243300551, 0.012426037387721644]",13,False,13,0.24026033515632536
65,synthetic_corr,EBM_GA2M,"[1.0, 1.0, 0.627725562374073, 0.4794311819440239, 0.3539339933992699, 0.21239704924384392]","[0.0, 0.0010149412235263438, 0.021864237294356957, 0.02539736164843984, 0.010974308781863364, 0.01057833943407027]",16,False,6,0.6134578524678578
66,synthetic_corr,EBM_GAM,"[1.0, 0.949006297065966, 0.4857053583929757, 0.29038003413374547, 0.08103264422824955, 0.0]","[0.0, 0.01964626975432878, 0.03269312144879218, 0.027402919934846625, 0.010595519717217533, 0.0]",6,False,6,0.46122486676418734
67,synthetic_corr,EGB_XGB_GA2M_BEST_FIT_BEST_FIT,"[1.0, 1.0, 0.4810222534873946, 0.35568349124406506, 0.14953734762213516, 0.02071426658249839]","[0.0, 0.0, 0.026665004896442152, 0.012270732398353721, 0.009559220814159348, 0.006507359686259661]",16,False,6,0.4993200451289688
68,synthetic_corr,EGB_XGB_GA2M_CYCLIC_BEST_FIT,"[1.0, 1.0, 0.6315015240912919, 0.483716462166783, 0.35887167829645483, 0.21755742099348635]","[0.0, 0.0, 0.02148906064988577, 0.025269450017591795, 0.013596064250907952, 0.012297018374848074]",16,False,6,0.6165736750102546
69,synthetic_corr,EGB_XGB_GA2M_CYCLIC_CYCLIC,"[1.0, 1.0, 0.6290587063929731, 0.48029426034151623, 0.35464515558650256, 0.21238385686132788]","[0.0, 0.0, 0.021492091841929368, 0.024926079654447517, 0.012044154244611001, 0.01083176836375224]",14,False,6,0.6140380101503312
70,synthetic_corr,EGB_XGB_GAM_BEST_FIT_BEST_FIT,"[1.0, 1.0, 0.3897805774504314, 0.24242180096879098, 0.0, 0.0]","[0.0, 0.0, 0.030162211249381832, 0.008452343738115146, 0.0, 0.0]",6,False,6,0.4264404756838445
71,synthetic_corr,EGB_XGB_GAM_CYCLIC_CYCLIC,"[1.0, 0.9483444287309093, 0.48672377675688117, 0.29070556034232153, 0.07879078173048018, 0.0]","[0.0, 0.02007480622877716, 0.033993106822055516, 0.027391849024022828, 0.011291164161270033, 0.0]",6,False,6,0.4609129095121184
72,synthetic_corr,EGB_XGB_GAM_CYCLIC_RANDOM_CYCLIC_RANDOM,"[1.0, 0.9483063359634082, 0.4867184748044595, 0.2908912199139652, 0.0789964157088365, 0.0]","[0.0, 0.019987853980219714, 0.03401181531506049, 0.027152739529541108, 0.010958593066606495, 0.0]",6,False,6,0.4609824892781339
73,synthetic_corr,EGB_XGB_GAM_CYCLIC_RANDOM_REVERSE_CYCLIC_RANDOM_REVERSE,"[1.0, 0.9483194164320743, 0.4868618786874313, 0.2908911654865041, 0.07892820002339297, 0.0]","[0.0, 0.019964703316057382, 0.03405935720284373, 0.027378259135844876, 0.011092417776823784, 0.0]",6,False,6,0.4610001321258806
74,synthetic_corr,Spline,"[1.0, 0.9428159536598182, 0.4737006685743263, 0.28594575917890175, 0.07922627443646826, 0.0]","[0.0, 0.01995403984187503, 0.034339040204326016, 0.03247665192789965, 0.011559975505136396, 0.0]",6,False,6,0.4563377311699029
75,synthetic_ordering10,EBM_GAM,"[1.0, 0.9030689587053136, 0.7981241099545663, 0.6940769351444904, 0.5909465608470719, 0.4887456348739715, 0.38744926132553703, 0.2870608154424906, 0.1875774241255202, 0.08915291959026646, 0.0]","[0.0, 7.777952019067961e-05, 0.0001567078257475337, 0.0002524244755408403, 0.00034446201327956595, 0.0004505947443634299, 0.0005489988072676278, 0.0006055667462245035, 0.0006710539396878404, 0.0007347018820780098, 0.0]",11,False,11,0.49262026200092285
76,synthetic_ordering10,EGB_XGB_GAM_BEST_FIT_BEST_FIT,"[1.0, 1.0, 0.0, 0.0, 0.0, 0.0, 0.0, 0.0, 0.0, 0.0, 0.0]","[0.0, 0.0, 0.0, 0.0, 0.0, 0.0, 0.0, 0.0, 0.0, 0.0, 0.0]",11,False,11,0.15000000000000002
77,synthetic_ordering10,EGB_XGB_GAM_CYCLIC_CYCLIC,"[1.0, 0.89902508340884, 0.7979432642213875, 0.6969690471511376, 0.5959748811666522, 0.4950293505757852, 0.3941105850547767, 0.29321874364532874, 0.1923873473567405, 0.09181887240821585, 0.0]","[0.0, 3.297018780357757e-05, 9.326778786199396e-05, 0.0002032533382834118, 0.00027452806183045705, 0.0003375087606049855, 0.0004320428579899136, 0.0005182703209940596, 0.0006039917735413258, 0.0006685284467847657, 0.0]",11,False,11,0.4956477174988864
78,synthetic_ordering10,EGB_XGB_GAM_CYCLIC_RANDOM_CYCLIC_RANDOM,"[1.0, 0.8990370571945927, 0.797989668337274, 0.6969869003785343, 0.5960089285365483, 0.4950829395885942, 0.39416523708547346, 0.29328345717892595, 0.19242967207521885, 0.0918094466635971, 0.0]","[0.0, 0.00014078155112580394, 0.0001731148570627939, 0.0002352522353545275, 0.0003195546542185532, 0.00039219176947138105, 0.0004597145944477182, 0.0005449060530140933, 0.0006184460889150084, 0.0006906263904537446, 0.0]",11,False,11,0.4956793307038759
79,synthetic_ordering10,EGB_XGB_GAM_CYCLIC_RANDOM_REVERSE_CYCLIC_RANDOM_REVERSE,"[1.0, 0.8990023597271364, 0.7979964083720562, 0.6970451095593767, 0.5960519675454587, 0.4950603703127447, 0.3941189498947112, 0.293207034296621, 0.19237967711850773, 0.09174843958894179, 0.0]","[0.0, 0.00012722522661849184, 0.00018986579180301242, 0.00033419940849767365, 0.00040628869808987484, 0.0004831294487018891, 0.0005249237729662227, 0.0005963313221292727, 0.0006669449238469941, 0.0006948286781811802, 0.0]",11,False,11,0.49566103164155545
80,synthetic_ordering10,EGB_XGB_GAM_CYCLIC_REVERSE_CYCLIC_REVERSE,"[1.0, 0.8990323806428091, 0.7979572794374759, 0.6969155748633737, 0.5959163361454919, 0.49496870229264844, 0.3940447281561338, 0.2931788084190164, 0.19237926645181763, 0.0917601343036869, 0.0]","[0.0, 0.00012593383649540997, 0.00017468442444504818, 0.00026432302516127547, 0.00034755704268439814, 0.0004154525053167556, 0.0004999329679778343, 0.0005762405736785, 0.0006300138551513199, 0.0007088259051049693, 0.0]",11,False,11,0.4956153210712454
81,synthetic_ordering10,EGB_XGB_GAM_RANDOM_RANDOM,"[1.0, 0.8967114225753745, 0.7957703746230018, 0.692679473975994, 0.5909261874953649, 0.489572613218879, 0.3895553119969455, 0.2891195088365707, 0.18888559722421436, 0.09047181080243161, 0.0]","[0.0, 0.00011336529253329843, 0.00019642431229376713, 0.0002928850339093727, 0.0004254685364703981, 0.00048305056892725416, 0.0005576410471803502, 0.000587522402036241, 0.0006439859183913736, 0.0006883805895875941, 0.0]",11,False,11,0.49236923007487765
82,synthetic_ordering100,EBM_GAM,"[1.0, 0.993637694702271, 0.9784457830557083, 0.9633982640540488, 0.9484825186283656, 0.9337029765424834, 0.9190594833404855, 0.9045426371376605, 0.8901621782480703, 0.8759111597895399, 0.8617799269648618, 0.8477889336726167, 0.833920022211851, 0.8201739525675869, 0.8065711488221232, 0.7930836958574423, 0.7797216400273381, 0.766477875463514, 0.753350055500303, 0.740351695593051, 0.7274552849921776, 0.7146882182701244, 0.7020360274217439, 0.6894891323736285, 0.6770594704976927, 0.6647524608059228, 0.6525587821840608, 0.640470352838793, 0.6284975954946419, 0.6166321246006408, 0.6048690527897154, 0.5932184224591476, 0.5816740540174166, 0.5702266204250086, 0.5588878349809006, 0.5476486797410709, 0.5365083529309593, 0.5254661676521348, 0.514520142271811, 0.5036804577386453, 0.4929361744426813, 0.4822893637952643, 0.4717389243222967, 0.46128869872645034, 0.45093131456919977, 0.44066146845426174, 0.43049182862179425, 0.42040783626056877, 0.4104156408737363, 0.4005084026374372, 0.39069139705385136, 0.38096240664328385, 0.37132116170079843, 0.3617637388749019, 0.35227853470855053, 0.3428824045610648, 0.3335604847815393, 0.32432340298448176, 0.3151553064928049, 0.3060728335388148, 0.2970662205011174, 0.2881379299291184, 0.27928747188948283, 0.27050840177374913, 0.26180264629101513, 0.2531670864472232, 0.24460136532055882, 0.23610915679010674, 0.22769013090890336, 0.21933596355966137, 0.2110569128231532, 0.20283776937449263, 0.19469981816824813, 0.1866155228160023, 0.17859965017275073, 0.1706489506876577, 0.16276858101967778, 0.15494774561003635, 0.14719491661688178, 0.1395026211920253, 0.13186836917208922, 0.12430128136228362, 0.11680611684654878, 0.10936402382480685, 0.10196769524393881, 0.09465479509150213, 0.08738639916345783, 0.08020164292953627, 0.07306311808438312, 0.06599300423778175, 0.05898613721923984, 0.052059581250253305, 0.045200478525230646, 0.03842376429751254, 0.03174243824431048, 0.025174106452572724, 0.018764645827241182, 0.012593827690875461, 0.006856915105345004, 0.0021503151997687518, 0.0]","[0.0, 7.626050696252612e-06, 4.005254245235163e-05, 9.713947279079719e-05, 0.00015663162122899008, 0.0002109532487502137, 0.00026261270179931323, 0.0003046921923795583, 0.0003448330279942908, 0.00039749498119077926, 0.0004422555925345311, 0.0004887354975558608, 0.000538334065421507, 0.0005687326719656347, 0.000608667087220938, 0.000644822636224407, 0.0006796839197313431, 0.000711281550700149, 0.000739477470200026, 0.000763114729987126, 0.0007958855446040924, 0.0008107306070818089, 0.0008270520503891865, 0.0008486416778601368, 0.0008638332933569968, 0.000877580489828667, 0.0008896657654816256, 0.0008955950102445087, 0.0008958156355948302, 0.000899509067932754, 0.0009005748082353274, 0.0009095850675616355, 0.0009141968791862908, 0.0009071709174283508, 0.000916587641660521, 0.0009232845949469488, 0.0009211916830289732, 0.0009291816869540786, 0.0009284598889873436, 0.000929007346372302, 0.00093083302924847, 0.0009351761852106628, 0.0009372009490231986, 0.000939081352294102, 0.0009364042445386984, 0.0009274822782682849, 0.0009207908500020463, 0.0009183345548601487, 0.0009158828640546221, 0.000901130493589059, 0.0009023025047163308, 0.0008861430972047886, 0.0008740012858859803, 0.0008662216924263775, 0.0008538373240779515, 0.0008464193406206233, 0.0008438734395192527, 0.0008343032321014772, 0.0008272701785570123, 0.0008105489698697041, 0.0008021644120342482, 0.0007911441432659237, 0.000776284008340762, 0.0007572692885948274, 0.0007451536473297443, 0.0007354396498915357, 0.0007213166265238679, 0.0007128174891902734, 0.0007014478513198368, 0.0006892371390327465, 0.0006778522651742233, 0.0006695148767688606, 0.0006655281776269827, 0.0006669805674268641, 0.0006666423268952529, 0.0006665651207193441, 0.0006626408755994305, 0.0006601899218132649, 0.0006593835848054466, 0.0006506938587414593, 0.0006568486399990182, 0.0006549763576284161, 0.0006555865853774706, 0.0006595135260390091, 0.0006609376395208315, 0.0006559447599376329, 0.0006549312565298502, 0.0006479273369095398, 0.0006444126083663355, 0.0006385487234800314, 0.0006299589951802631, 0.0006182904547903429, 0.0006070826758954883, 0.0005886788301970694, 0.0005786512865174815, 0.000561474194158444, 0.000544934754257305, 0.0005049437033042168, 0.00044424979698567247, 0.00029915126911826245, 0.0]",101,False,101,0.42705719718369883
83,synthetic_ordering100,EGB_XGB_GAM_BEST_FIT_BEST_FIT,"[1.0, 1.0, 0.0, 0.0, 0.0, 0.0, 0.0, 0.0, 0.0, 0.0, 0.0, 0.0, 0.0, 0.0, 0.0, 0.0, 0.0, 0.0, 0.0, 0.0, 0.0, 0.0, 0.0, 0.0, 0.0, 0.0, 0.0, 0.0, 0.0, 0.0, 0.0, 0.0, 0.0, 0.0, 0.0, 0.0, 0.0, 0.0, 0.0, 0.0, 0.0, 0.0, 0.0, 0.0, 0.0, 0.0, 0.0, 0.0, 0.0, 0.0, 0.0, 0.0, 0.0, 0.0, 0.0, 0.0, 0.0, 0.0, 0.0, 0.0, 0.0, 0.0, 0.0, 0.0, 0.0, 0.0, 0.0, 0.0, 0.0, 0.0, 0.0, 0.0, 0.0, 0.0, 0.0, 0.0, 0.0, 0.0, 0.0, 0.0, 0.0, 0.0, 0.0, 0.0, 0.0, 0.0, 0.0, 0.0, 0.0, 0.0, 0.0, 0.0, 0.0, 0.0, 0.0, 0.0, 0.0, 0.0, 0.0, 0.0, 0.0]","[0.0, 0.0, 0.0, 0.0, 0.0, 0.0, 0.0, 0.0, 0.0, 0.0, 0.0, 0.0, 0.0, 0.0, 0.0, 0.0, 0.0, 0.0, 0.0, 0.0, 0.0, 0.0, 0.0, 0.0, 0.0, 0.0, 0.0, 0.0, 0.0, 0.0, 0.0, 0.0, 0.0, 0.0, 0.0, 0.0, 0.0, 0.0, 0.0, 0.0, 0.0, 0.0, 0.0, 0.0, 0.0, 0.0, 0.0, 0.0, 0.0, 0.0, 0.0, 0.0, 0.0, 0.0, 0.0, 0.0, 0.0, 0.0, 0.0, 0.0, 0.0, 0.0, 0.0, 0.0, 0.0, 0.0, 0.0, 0.0, 0.0, 0.0, 0.0, 0.0, 0.0, 0.0, 0.0, 0.0, 0.0, 0.0, 0.0, 0.0, 0.0, 0.0, 0.0, 0.0, 0.0, 0.0, 0.0, 0.0, 0.0, 0.0, 0.0, 0.0, 0.0, 0.0, 0.0, 0.0, 0.0, 0.0, 0.0, 0.0, 0.0]",101,False,101,0.015
84,synthetic_ordering100,EGB_XGB_GAM_CYCLIC_CYCLIC,"[1.0, 0.9900008032664047, 0.9796643175111388, 0.9693403225247048, 0.9590295220213527, 0.9487263646982876, 0.9384290627206328, 0.9281345429044185, 0.9178534254653288, 0.9075776399119814, 0.8973054391786063, 0.8870366112910194, 0.8767789638255069, 0.8665274722569227, 0.8562847885198727, 0.8460479277671376, 0.8358168567366437, 0.8255890086023301, 0.8153669066996827, 0.805147503748605, 0.7949394768460311, 0.7847307866367403, 0.7745258539939529, 0.7643256207947869, 0.7541305707101058, 0.7439428016796708, 0.7337578877340045, 0.7235758135846531, 0.7133954693849844, 0.7032705833332423, 0.6930961202787858, 0.6829247522139485, 0.6727634331379514, 0.6626076924391043, 0.6524538840756942, 0.642306820972189, 0.6321635652368472, 0.6220253484100288, 0.6118891503877413, 0.6017553620690717, 0.591625777720575, 0.5814975611385287, 0.5713784261381112, 0.5612652041067221, 0.5511557501556402, 0.5410509149896023, 0.5309487849799718, 0.5208494386316185, 0.5107523213152393, 0.5006606639876132, 0.4905763694858674, 0.48049067169332416, 0.47040716388868214, 0.46032820774478855, 0.4502505833527522, 0.44017587071213554, 0.43010407568882875, 0.4200339767428414, 0.4099686264141331, 0.3999180665353469, 0.38986931175722483, 0.37982501367463006, 0.3697830102641959, 0.3597466726684317, 0.34971278110944815, 0.33968910593253054, 0.3296616552029227, 0.3196361621783533, 0.30961234262888443, 0.2995905581705748, 0.28957346482767665, 0.27956080041885933, 0.2695528251272189, 0.25954797209953434, 0.24954517724165629, 0.2395458025380437, 0.22954954116961232, 0.2195571646619432, 0.20956820201409337, 0.1995837191157596, 0.1896064835401683, 0.1796308551746852, 0.16966009502633322, 0.15969377764238973, 0.14973339215472786, 0.13978005570479043, 0.12983007413115666, 0.11990077838273824, 0.10996277683054409, 0.10003562455835915, 0.09012076733779499, 0.08023887351154335, 0.07036446798525084, 0.060513892826356996, 0.050694010109689505, 0.04092562785706579, 0.03123532330628982, 0.021692161518851966, 0.012477165049872332, 0.004248445153984081, 0.0]","[0.0, 0.00014718424040967933, 0.00010239992311959221, 0.00014908405211897714, 0.00022705631732907163, 0.00031182335982752674, 0.0003999577714056468, 0.0004874336984839459, 0.0005778112697158529, 0.0006704098631217169, 0.0007648586344412287, 0.0008581404625563435, 0.0009581774178885979, 0.0010505192259881798, 0.001137026534802716, 0.0012228876467684374, 0.001303822590807756, 0.0013821514168181686, 0.001456384364723636, 0.0015290393719287851, 0.001594786996191821, 0.0016581792822088957, 0.0017206813459432276, 0.001783314219587478, 0.0018386044227535114, 0.0018894729614426949, 0.001939873234304841, 0.00198838537224256, 0.0020365855257735883, 0.002095251954103995, 0.002141522505731428, 0.0021881281430266835, 0.002231925199053911, 0.0022753196531346866, 0.002318410163140377, 0.002357522484846923, 0.0023920799205024144, 0.0024218800291228256, 0.002451699806321726, 0.0024793900078224065, 0.0025017758141024013, 0.0025245432596288585, 0.002533003589384001, 0.0025329168378036594, 0.002531764333524295, 0.0025283102646116865, 0.0025231622367491635, 0.0025184633978131677, 0.0025130667701350417, 0.002506112900523151, 0.0024991057073913046, 0.002489874666451911, 0.0024810542537335814, 0.002466800718647792, 0.0024519555452623843, 0.0024352042769207084, 0.002418673658489649, 0.0024023614348214267, 0.0023841469822099733, 0.0023545676324453185, 0.0023232392615554027, 0.00228832790591808, 0.002253347006962972, 0.0022182395192670325, 0.002182839543130142, 0.002147115464682311, 0.0021080520512521093, 0.0020679219858073116, 0.002028559338076605, 0.0019886189276345453, 0.0019489505611562812, 0.0019103530098414218, 0.0018690611316735347, 0.001826392345519369, 0.0017822863682519334, 0.0017387615804980829, 0.0016958401446590151, 0.0016504007698567955, 0.0016033566270158672, 0.001554041872454003, 0.0015045331478692472, 0.0014555663019531916, 0.0014045611731680065, 0.0013515376993863382, 0.0013003992174869794, 0.0012445829392057901, 0.0011901984499232245, 0.0011326632978600714, 0.0010803211930451515, 0.0010295855282889865, 0.0009820491330848138, 0.0009077992640472635, 0.000858123795614552, 0.0008099062330029793, 0.0007626487238119111, 0.0007238171128150328, 0.0006854807746257531, 0.0006509017207711452, 0.0005912215730523127, 0.00046627011570794086, 0.0]",101,False,101,0.4923173285959662
85,synthetic_ordering100,EGB_XGB_GAM_CYCLIC_RANDOM_CYCLIC_RANDOM,"[1.0, 0.9899185849998748, 0.9796202356930317, 0.9693477142099924, 0.9590869504231765, 0.948834026779408, 0.938589469955535, 0.928347623578037, 0.9181161222723742, 0.9079113774917191, 0.8976929095690023, 0.887479566684817, 0.8772733635462764, 0.8670732850659529, 0.8568762567109074, 0.8466848423196203, 0.8364985937420115, 0.8263166049780699, 0.8161363486358442, 0.8059580584692266, 0.7957828896123968, 0.7856104201827069, 0.7754393330590196, 0.7652710309717323, 0.7551091864851648, 0.7449499648724942, 0.7347932011309988, 0.7246387837350601, 0.7144884542823517, 0.7043392169607434, 0.6941940055315067, 0.6840504643697501, 0.6739102131147126, 0.6637744714929502, 0.6536396666052691, 0.6435067293120827, 0.6333754702524328, 0.6232483260744592, 0.6131229485140224, 0.6030004096740813, 0.5928799654555152, 0.5827622957718273, 0.5726464956785986, 0.5625327403959905, 0.5524222628298461, 0.5423136619749405, 0.5322057886971117, 0.5221005083586322, 0.5119965779172311, 0.5018945436362143, 0.49182420651558045, 0.4817242742608302, 0.47162807762566794, 0.4615668579839376, 0.4514785539061391, 0.44139360561419927, 0.43131062262819864, 0.4212295554465134, 0.41115011870872253, 0.4010739968939152, 0.3909990087919323, 0.38092790324050246, 0.3708585351423773, 0.36079051699078896, 0.3507239454979422, 0.34066120437668074, 0.3306038316755208, 0.3205593058247082, 0.310508205218541, 0.3004818451153993, 0.2904390079423234, 0.2803995037898247, 0.270361816490259, 0.26032777659587775, 0.25029935611925025, 0.24027307880331886, 0.2302508243637349, 0.22023057580198951, 0.2102128429895973, 0.2002029837485721, 0.19019660378203473, 0.18019377018574873, 0.1701952984175042, 0.16020366591260546, 0.1502147751650089, 0.14023395358059954, 0.13025808984909726, 0.1203035275285093, 0.11034334777700923, 0.1003923061334306, 0.09045210142567653, 0.08054611399074796, 0.07063618709621888, 0.06076631373830886, 0.05090963256800492, 0.04109770365528615, 0.03136151417221858, 0.021783726099895734, 0.012521914572538212, 0.004251915483895415, 0.0]","[0.0, 7.528471309222354e-05, 5.546435897714023e-05, 4.151785365356912e-05, 2.422407826317324e-05, 1.9702889658122913e-05, 2.82397982522604e-05, 3.948308505855485e-05, 4.793178984156494e-05, 9.652445218288956e-05, 0.00010687486520159501, 0.00011591620227993521, 0.00012480639093968726, 0.00013277994834352054, 0.00014145557263517132, 0.00014758511332866345, 0.00015300407585385438, 0.00015839916577777604, 0.00016313031035554846, 0.0001674185508888252, 0.00017149394497030683, 0.00017464105120980255, 0.00017817762320933699, 0.00018340533507431748, 0.0001895705252479462, 0.00019536889395056512, 0.00019985182948320876, 0.00020392059873234922, 0.00020708932442986818, 0.00021015577214029363, 0.00021081673368340026, 0.0002117530619227266, 0.00021168507358898615, 0.0002138384162172268, 0.000216053248442009, 0.00021831820327202959, 0.0002211472383296413, 0.00022513539207398388, 0.00022929805027745954, 0.0002325445659051723, 0.00023674346599995947, 0.00024330681260595723, 0.0002494198487699681, 0.00025535390361465884, 0.0002620894435570571, 0.0002695481727234367, 0.0002766808681786818, 0.00028252831745350667, 0.00028818779556943354, 0.00029535082964887206, 0.0003346648183142772, 0.00034146625813425086, 0.0003489937261382589, 0.0003165822332657607, 0.0003256914728788499, 0.00033563971575596897, 0.0003450659489864813, 0.00035387463423899765, 0.000362877590448882, 0.0003726436341884272, 0.0003824326128154044, 0.00039174238400910575, 0.0004019506976154164, 0.0004123478453217286, 0.00042264929191810247, 0.00043342183606663316, 0.00044390311371725837, 0.0004542617996448116, 0.0004649567320260587, 0.0004634581185928756, 0.0004727770412950229, 0.00048309574809024433, 0.0004944546697900448, 0.0005041363761195011, 0.000512507148919646, 0.0005209586288595907, 0.0005270274578935872, 0.0005329893799731064, 0.0005381362747437229, 0.0005423404007862602, 0.0005474684897702699, 0.0005522436483940243, 0.0005554492849422909, 0.0005575967145204306, 0.0005593827445266029, 0.0005619751894231226, 0.0005647111922293006, 0.0005736200908619483, 0.000577569286185545, 0.0005829872808447657, 0.0005879006532290163, 0.0006207799938982572, 0.0006268563854205159, 0.0006226876165903022, 0.0006266958883660255, 0.0006281496858978737, 0.000628351054066036, 0.0006288724840500254, 0.0006005433142219818, 0.00047947646283324883, 0.0]",101,False,101,0.4930911636131191
86,synthetic_ordering100,EGB_XGB_GAM_CYCLIC_RANDOM_REVERSE_CYCLIC_RANDOM_REVERSE,"[1.0, 0.9899494537390028, 0.9796535900302554, 0.9693734393736003, 0.9591196907131531, 0.9488822408324831, 0.9386495769253547, 0.9284229120534466, 0.9182023235381476, 0.9079848680029491, 0.8977711357100885, 0.8875648671276218, 0.8773647908421511, 0.8671668643751076, 0.8569711748589445, 0.8467796007219857, 0.8365963100297741, 0.8264144941837739, 0.816237027997121, 0.8060646102736172, 0.7958957916843519, 0.7857302103016803, 0.775567292495959, 0.7654068557648173, 0.7552477308772879, 0.7450907501013033, 0.7349387372627326, 0.7247885422812422, 0.7146406006917883, 0.7045053445118183, 0.6943603345779412, 0.6842176025228122, 0.6740788750641231, 0.6639412890743686, 0.6538050686843008, 0.6436712515705424, 0.6335418209395488, 0.6234149651663042, 0.6132906786996608, 0.6031681877386381, 0.5930494004296187, 0.5829397952854141, 0.5728256677062411, 0.5627144503245083, 0.5526077575484178, 0.542504089023297, 0.5324026101373929, 0.5223021648681347, 0.5122028608103621, 0.5021054678720125, 0.4920094498257875, 0.48191503329931723, 0.4718232298893116, 0.46173315218287136, 0.4516462115213022, 0.441560624540264, 0.43147784331423555, 0.4213967525274159, 0.4113199755898547, 0.4012574782173199, 0.3911818610644657, 0.3811087414318669, 0.3710379544550837, 0.3609697298940584, 0.35090523091111514, 0.3408431458700779, 0.3308016931966392, 0.3207443657634076, 0.310690428318983, 0.3006462474796661, 0.2905994131376305, 0.28055701664130706, 0.27052805362620536, 0.2604913934842335, 0.25045879247916275, 0.24042801863736935, 0.2303997450410118, 0.2203743840766786, 0.21035115994909753, 0.20033226213520675, 0.1903202285559918, 0.18031035010747345, 0.1703041879646361, 0.1603010277521138, 0.15030238022834017, 0.140315266027126, 0.1303284098757468, 0.12034830704415969, 0.11038427358428322, 0.10042063519122608, 0.09046708572698554, 0.08053182974633272, 0.07062402218877668, 0.06072966133365019, 0.05089693434711706, 0.041082487073886134, 0.031350485491225454, 0.021760620408740352, 0.01251614751431387, 0.0042606445042632154, 0.0]","[0.0, 7.663996446892166e-05, 5.1344950039157934e-05, 4.740522127302518e-05, 6.662647210900244e-05, 7.646907272909142e-05, 9.084434308851894e-05, 0.00010710281997499152, 0.0001201654711361756, 0.0001359804334076992, 0.00015093980250036973, 0.00016497692315666727, 0.0001756955051942466, 0.00018835635916005127, 0.00020069954915928037, 0.000211725630026309, 0.00022210023574102238, 0.00023220512243045204, 0.00024325796844187005, 0.0002540705443036805, 0.0002636348773069201, 0.0002736722741268088, 0.0002837782713660862, 0.00029420927499182415, 0.00030431960077528764, 0.00031593673964136774, 0.0003265608296383071, 0.0003362880111805643, 0.0003462341842488019, 0.0003670342379286883, 0.0003769669906080843, 0.0003862326936780854, 0.00039411691699345016, 0.0004016913812391618, 0.00040866573343560403, 0.000417467150575683, 0.00042607143158643644, 0.0004346962278979769, 0.00044316452315215236, 0.00045205069601258796, 0.0004614157552019617, 0.00047733906796508876, 0.00048644821392436694, 0.0004951253191726977, 0.0005014562085244446, 0.0005086441208960608, 0.0005157492174890217, 0.0005224998627501455, 0.0005296238411894225, 0.000537098001402687, 0.0005440797817229943, 0.0005519557391792354, 0.0005587827661891006, 0.0005655408425109005, 0.0005717129733567867, 0.0005776862249279673, 0.0005840229928954759, 0.0005907594734820662, 0.0005986011520457845, 0.0006181186206474594, 0.0006229446373172546, 0.000626518643989629, 0.0006305032018157354, 0.0006357827254075429, 0.000639088879127504, 0.0006421680129749056, 0.0006490523528468996, 0.0006508622448356625, 0.0006518138615527354, 0.0006550200009369525, 0.0006550054834159953, 0.0006545883235681401, 0.0006369035517438424, 0.0006376217423919527, 0.0006369907351458375, 0.0006366029005731347, 0.0006365601608863675, 0.0006363969891823135, 0.0006367058869248514, 0.0006359094265821142, 0.0006379158951203189, 0.000638664379074408, 0.0006385972196996234, 0.000639241899725324, 0.000637078621169397, 0.0006405008103747896, 0.0006408572805661232, 0.00064198366861672, 0.0006498207481721833, 0.000650111175825724, 0.0006519400408509727, 0.0006503347389382913, 0.000642872423210928, 0.0006451152189802788, 0.0006688864143273429, 0.00067181694398857, 0.0006745038004450098, 0.0006663033514214123, 0.0006204521515559318, 0.00048460757335632424, 0.0]",101,False,101,0.4932126953851253
87,synthetic_ordering100,EGB_XGB_GAM_CYCLIC_REVERSE_CYCLIC_REVERSE,"[1.0, 0.9899608924659701, 0.9797113955982114, 0.969474606943136, 0.9592451025473239, 0.9490226157062291, 0.9388035183105161, 0.928587307183812, 0.9183772413398101, 0.9081703336325377, 0.8979696179253087, 0.8877766522737327, 0.877584914856091, 0.8673987440277852, 0.8572159858961139, 0.8470364748682538, 0.8368593694060469, 0.8266857268788904, 0.8165153048183494, 0.8063478434015219, 0.7961834868156897, 0.786023614589272, 0.7758695912236818, 0.7657174012267018, 0.7555674547537984, 0.7454197673883179, 0.7352732781078528, 0.7251293054910251, 0.7149850929999616, 0.7048456103218117, 0.6947077323635211, 0.6845763166523514, 0.6744447864425026, 0.6643223350579189, 0.6542056187475551, 0.6440828849617393, 0.6339633267658714, 0.623845978609764, 0.6137307978027217, 0.6036180865414569, 0.5935069394105232, 0.583398214844474, 0.5732975325438086, 0.5631934736023296, 0.5530922477039486, 0.5429921960694565, 0.5328931991254183, 0.5227976700881449, 0.5127034105830065, 0.5026118780689757, 0.49253122665686455, 0.4824470377214089, 0.47237357285400466, 0.4622937270094579, 0.4522158174436406, 0.44215088408302794, 0.43207768468970487, 0.42200657158565635, 0.41194081820404477, 0.4018733169934469, 0.39180785936602724, 0.3817449767301536, 0.37168324730488306, 0.36162332978796563, 0.35157399194171224, 0.34151808300985353, 0.3314635289844107, 0.32140939381306616, 0.31135648789867276, 0.30130608592069497, 0.291257570392769, 0.28121158771169913, 0.2711674834795375, 0.26112480029422747, 0.2510848738923231, 0.24104771775997696, 0.2310202620779105, 0.2209869753959445, 0.2109628377903126, 0.2009362091349932, 0.190913508691857, 0.18089148036039987, 0.17087249074824268, 0.1608558239586265, 0.1508430938481502, 0.14083798652863294, 0.1308353991606721, 0.1208375156527075, 0.11084640433614942, 0.10086402249230593, 0.09088921790508571, 0.08093243527623648, 0.0709857069449139, 0.06105689551835416, 0.051157212365476455, 0.04130229205097191, 0.03152281842312305, 0.021894634493166316, 0.012589136234842275, 0.004271425237441072, 0.0]","[0.0, 0.00015636305759925145, 0.00017026218910585412, 0.0001833959991845815, 0.00019562173567540874, 0.0002083932508307334, 0.0002224925584071592, 0.00023727317400958986, 0.0002511032370373283, 0.0002663689807396658, 0.0002877443284203842, 0.0003071976837359114, 0.00032699957670711996, 0.0003462872605719659, 0.0003656084991192067, 0.0003844291491822451, 0.00040160112159621337, 0.00041867258773322844, 0.0004351325542200522, 0.0004531430929448167, 0.0004710587919389324, 0.00048708676292042596, 0.000505413580254933, 0.000523811670999086, 0.0005423960189095233, 0.0005620524102415002, 0.0005817408668149373, 0.0005986149773762647, 0.0006181469441609633, 0.0006333542634045248, 0.0006518357898756842, 0.0006657680369576522, 0.0006848467719801349, 0.0007047536251869584, 0.0007043402303386324, 0.0007182413785939791, 0.0007292200519243966, 0.0007395868884254465, 0.0007477068741984431, 0.000754808650847593, 0.000761941731507581, 0.0007698086362861163, 0.0007725946298551272, 0.0007775684336889008, 0.0007827007116655341, 0.0007882769833952014, 0.000793866019222502, 0.0007994497901506833, 0.0008044403812408561, 0.0008109710449248092, 0.0008092698057434088, 0.0008100771823260548, 0.000795360553691901, 0.0007977306140658604, 0.0007989596031697425, 0.0008096448524336881, 0.0008070975778017026, 0.0008032554957021239, 0.0007968309951837906, 0.0007919153119114422, 0.0007847780414448725, 0.0007758779442354926, 0.0007665974531543365, 0.000757693640182395, 0.0007450506663387836, 0.0007366422401395368, 0.000728151180301319, 0.0007196465267546172, 0.0007117575522739746, 0.0007038079977913725, 0.0006967604316604738, 0.0006890449290276549, 0.0006804169341443282, 0.0006719496810166803, 0.0006646005799034068, 0.0006581098935697486, 0.0006339264583294223, 0.0006269220097837031, 0.0006201654806087045, 0.000614594360084732, 0.0006109392221415638, 0.0006072355709026448, 0.0006036930086974147, 0.000601058164166342, 0.0005980177290217035, 0.0005985078534908489, 0.0005978407705273863, 0.0005976765570839119, 0.0005993060215799918, 0.0006017927409155755, 0.000603371272078434, 0.0006078827748838867, 0.0006133324239444284, 0.0006165962034082678, 0.0006210647774815988, 0.0006243785067496067, 0.0006262018339690258, 0.0006269309472762683, 0.0005894116736811198, 0.0004664385242884378, 0.0]",101,False,101,0.49363140337138994
88,synthetic_ordering100,EGB_XGB_GAM_RANDOM_RANDOM,"[1.0, 0.989858051705724, 0.9780013057465166, 0.9663122696787729, 0.9547461766511501, 0.9435187869503772, 0.9323247114836766, 0.9211562961346631, 0.9100840502090335, 0.8990488818669929, 0.8880411721661705, 0.8770790077029709, 0.8661589473921991, 0.8552624569523146, 0.844387508254212, 0.8335692820445486, 0.8227807053408792, 0.8120299473319992, 0.801289476794617, 0.790564435665832, 0.7798607285349946, 0.7691748143485637, 0.758509569720555, 0.7479056970450711, 0.7373151726777251, 0.7267490305217401, 0.7162061923740081, 0.705690695486201, 0.6951914502262218, 0.6847024761950864, 0.674227406426628, 0.663773208889487, 0.6533360820115742, 0.6429050470444285, 0.6324927167845104, 0.6220987622169867, 0.6117615139517725, 0.6014420685003792, 0.5911512260412563, 0.5808764652805013, 0.5706087376020865, 0.5603525218202549, 0.550115184364803, 0.5398898688218441, 0.5296713575969377, 0.5194617163604816, 0.5092616713315545, 0.49907371011412316, 0.48889711142342096, 0.47872500877599367, 0.46856384450118727, 0.45887662774454113, 0.4488886130195241, 0.4389153145397723, 0.42883538184819703, 0.4187992801168283, 0.4088087635199952, 0.3988448694593957, 0.38889699137801836, 0.3789626179224812, 0.3690389112004543, 0.35912537426412566, 0.3492254249065224, 0.33933189900909244, 0.3294493637132835, 0.31957863889062865, 0.3097265632108855, 0.2998913264307055, 0.29006854235117135, 0.28025987338856917, 0.270464836840038, 0.26068070481175726, 0.25091071348982363, 0.2411566286447504, 0.23143615402201562, 0.22176659801059193, 0.21212640401618565, 0.2025024698334743, 0.1929046444114332, 0.1833253928656991, 0.1737686295514112, 0.16423483177818496, 0.15471576791094574, 0.14521666302307135, 0.13575687879358905, 0.1263682819773809, 0.11700259722705794, 0.10770316116810415, 0.0984023480731234, 0.08908905702938245, 0.07981029491616862, 0.07057180329675583, 0.061362218109517384, 0.05233755649069496, 0.04338205393550538, 0.03461053465233963, 0.025995714276703323, 0.01777983702626114, 0.010013187027405163, 0.00326723004256266, 0.0]","[0.0, 1.3369684597598661e-05, 3.0996598125620924e-05, 2.9308013581087082e-05, 4.181557652967412e-05, 5.696379573831055e-05, 7.329392762343347e-05, 8.187383487033269e-05, 0.00010119176278806055, 0.0001107431537632522, 0.00011302021863167404, 0.00011278569497955575, 0.00012996135925976912, 0.0001340658160459149, 0.00013579568915482636, 0.00014456098221449971, 0.00014754861935116723, 0.0001615841604312563, 0.0001731789165794005, 0.00018271470519926937, 0.00019558775586543377, 0.00020392497198391823, 0.00020793304485446995, 0.0002059923273454694, 0.00021183554046571554, 0.00023520657905692265, 0.0002569049916998856, 0.00027473600509177214, 0.0002865462444596159, 0.0002941383828773856, 0.00029960344481249544, 0.00030282328710667234, 0.0002990705940072481, 0.0002978250027671852, 0.00031589905910304187, 0.00034394038208713726, 0.00034778861693279307, 0.00034775061830961637, 0.00034391626815125927, 0.0003469879756995941, 0.0003479717579250888, 0.0003557950369530639, 0.00035474983945592157, 0.00035880438017463575, 0.0003695622773816228, 0.00037800925358036396, 0.0003910094688326532, 0.00039757100783988027, 0.00039902475813112753, 0.00040183163776275245, 0.0004016256746748615, 0.00046518394455486947, 0.00022611473043585448, 0.0004190481988697393, 0.00042360892349152155, 0.0004286327456147469, 0.0004467483172268841, 0.00044063980556529307, 0.0004337545426091154, 0.00043241455464771046, 0.00044433701789430024, 0.00045506433463127926, 0.00045960474288235097, 0.00046468828093715065, 0.00046847293601434746, 0.00047336060972799924, 0.00047965893389781975, 0.00047327293217816035, 0.00046736452322781405, 0.000468659019049023, 0.0004652430305539832, 0.00045884380253447015, 0.00045783500163603383, 0.0004653305794652591, 0.00045388384366953634, 0.0004625770684683659, 0.0004796746750985262, 0.0004990270389041505, 0.0005026767537608485, 0.0005148650433896487, 0.000531711959613764, 0.0005496086205817326, 0.0005716438215992831, 0.0005902448312570595, 0.0005957129398857661, 0.0005325866750985227, 0.0006224272760998234, 0.0006546025854995684, 0.0006412678637477509, 0.0006544341275683702, 0.0006649538670130251, 0.0006614000801943177, 0.0006556908444025599, 0.0006650618571005382, 0.0006628326794310226, 0.0006871160155006825, 0.0006456284469165408, 0.0006806637180147619, 0.000585218133471811, 0.00044113354931113767, 0.0]",101,False,101,0.47690392097229156
89,synthetic_ordering1000,EBM_GAM,"[1.0, 0.9999753723209219, 0.9910803634404329, 0.9822768533607971, 0.9735615497675486, 0.9649322054351522, 0.9563907982902281, 0.9479329322046274, 0.9395614061103886, 0.9312708702698437, 0.9230652883725934, 0.9149425203043118, 0.9069035053224443, 0.8989459183413748, 0.8910727983557443, 0.8832826058584645, 0.8755715447546872, 0.8679406310223872, 0.8603861184587972, 0.8529094569678459, 0.8455114778981908, 0.8381893647456401, 0.8309447093417232, 0.8237749882728809, 0.8166815221673552, 0.809663689798047, 0.802717725559029, 0.7958446468871293, 0.7890470926684809, 0.7823160389332534, 0.7756555554837361, 0.7690628085592414, 0.7625412142763444, 0.7560858165774068, 0.7497012162981823, 0.7433802187647809, 0.7371257820942415, 0.7309379027658806, 0.7248114421225025, 0.7187504568706947, 0.7127540009796371, 0.7068222603162106, 0.7009466257766789, 0.6951368258988948, 0.6893888067802175, 0.6837003551700491, 0.6780741942199178, 0.6725065879753431, 0.6669949090079992, 0.661546344458054, 0.6561528036507784, 0.6508171893478282, 0.6455399154021244, 0.6403175630818861, 0.6351471381129752, 0.6300351469741465, 0.6249727809933248, 0.619962616919729, 0.6150046826789185, 0.6100997525426533, 0.6052438223743596, 0.6004399162502656, 0.5956864270215763, 0.590978340725363, 0.5863234540372189, 0.581715483073281, 0.5771545547641826, 0.5726430739044149, 0.5681778777767537, 0.5637565660855504, 0.5593842857379018, 0.5550550021904697, 0.5507715986211937, 0.5465290564791342, 0.5423345220135598, 0.5381830139195313, 0.5340721481708118, 0.530003916693846, 0.5259756805539808, 0.5219922368823469, 0.5180480558352902, 0.5141468970703872, 0.5102829745322429, 0.5064615258321978, 0.5026765858135196, 0.49893358965586454, 0.4952261969081717, 0.49156110489308436, 0.48793187017574235, 0.48434034333607007, 0.48078931767063404, 0.4772725647820185, 0.47379226471797403, 0.47035122919351496, 0.46694316756578214, 0.463570202783021, 0.4602325704551543, 0.4569298881289307, 0.4536585369338423, 0.4504216495476944, 0.44722149899321473, 0.44405299790214026, 0.44091579959321126, 0.4378119085177509, 0.4347409410992865, 0.4317017993330234, 0.4286928441365291, 0.42571441280256056, 0.422765357803437, 0.41984609735465117, 0.4169573809372653, 0.41409863649879836, 0.411268576561604, 0.40846795062671487, 0.40569442101736647, 0.4029457580994492, 0.4002261109678031, 0.39753437997453106, 0.39486988629692465, 0.3922295255916533, 0.3896161614796759, 0.3870302600417007, 0.38446767479374033, 0.3819315257431574, 0.37941935467034865, 0.37693138920808794, 0.37447083204622345, 0.3720301684885233, 0.36961346601640677, 0.3672214235890272, 0.36484802220770546, 0.3624966502867534, 0.36016976198908185, 0.35786525081334386, 0.35558185806433323, 0.35331737620459636, 0.35107299634864353, 0.3488469360584669, 0.34664095579186444, 0.3444543098142776, 0.342288458682639, 0.3401393707808369, 0.33800843125006264, 0.3358973042637114, 0.33380115714686825, 0.3317253632151293, 0.3296660919069558, 0.32762432083550164, 0.3255978649505887, 0.323588621398587, 0.32159296739225407, 0.31961629300051586, 0.3176539792343928, 0.3157071473738825, 0.3137743178491911, 0.31185934803613397, 0.3099581301597557, 0.30807239052090296, 0.30619888231079206, 0.30434254873914013, 0.3024988826530916, 0.30067266822574823, 0.2988577686805115, 0.29705438070719953, 0.29526529605297575, 0.2934871075867108, 0.29172591460053354, 0.28997630049251044, 0.2882413605928017, 0.28651772263900854, 0.2848082030119352, 0.2831117757769831, 0.2814305050730409, 0.2797579924701419, 0.2781014988756915, 0.2764554042102121, 0.27482384281035055, 0.27320557684322766, 0.27159835218263517, 0.2700040157179147, 0.26842304709156917, 0.2668540380218261, 0.2652983202547006, 0.2637535326311444, 0.2622181278667398, 0.26069747961778456, 0.25918444725440526, 0.2576890303783449, 0.25620200286232114, 0.2547260687838205, 0.253262151808046, 0.2518081250605749, 0.2503650885119865, 0.24893418305028342, 0.24751418174318598, 0.2461027236215359, 0.24470472873045201, 0.24331725383086528, 0.24193699600206, 0.24056907134089728, 0.23921010906592644, 0.23786479642586303, 0.2365257165219588, 0.23519832407420985, 0.2338806243109932, 0.23257103733857926, 0.23127310896404016, 0.2299827090711834, 0.22870421173990393, 0.22743257085486976, 0.22617123342367257, 0.22491965560255656, 0.22367691148714655, 0.22244528829500615, 0.22121890940041894, 0.22000447029514603, 0.21879815140925468, 0.2175990448059701, 0.21641078862723565, 0.21522817925490628, 0.21405427447085024, 0.21288989830537036, 0.2117341952030254, 0.21058516493126428, 0.2094453787258074, 0.20831402126093118, 0.2071875298231109, 0.20607046982676555, 0.20496129531027987, 0.20386299363913896, 0.20276940556214518, 0.20168434691843862, 0.2006062636048059, 0.19953557464793342, 0.19847280699578826, 0.1974169410588885, 0.19636822606825544, 0.19532636262789835, 0.19429069080107447, 0.19326358448075664, 0.19224390721138115, 0.1912282787902765, 0.19022397289474433, 0.18922482843530003, 0.18823272464849566, 0.18724854800919558, 0.18626932865026252, 0.185297729490505, 0.18433252683954732, 0.18337325222344344, 0.18242239322060455, 0.1814776563704521, 0.18053915079800187, 0.17960654008113783, 0.17867973277995225, 0.17776011121719618, 0.1768465733519912, 0.17593895124322625, 0.1750381890585934, 0.17414257053063892, 0.17325345824315344, 0.17236937398151395, 0.17149358023010908, 0.17062364962168358, 0.16975818481798616, 0.16889960246758792, 0.1680465837824682, 0.1671979275492643, 0.16635656295674878, 0.16552079048327764, 0.16468946274283752, 0.16386359042309598, 0.16304377613095797, 0.1622281708995877, 0.1614192093597135, 0.1606136967634359, 0.15981528537593923, 0.15902109176980284, 0.15823223613795212, 0.15744621076228363, 0.15666535443462587, 0.1558901406406141, 0.15511938722570667, 0.1543547381308434, 0.15359512599946798, 0.15283899377666726, 0.15208879372381046, 0.15134338996333985, 0.1506018406063667, 0.14986605839040212, 0.14913571177433532, 0.1484098634261905, 0.14768791729958364, 0.14697182996922561, 0.14626028930933804, 0.14555149682854543, 0.14484928170186723, 0.1441522148970369, 0.14345708489583892, 0.1427664831207372, 0.1420819363249375, 0.14140097388885878, 0.14072428799513242, 0.14005071308971967, 0.13938196849633505, 0.13871736483472255, 0.1380577766831474, 0.13740220118272795, 0.1367505442645352, 0.13610301645337217, 0.13546004792932448, 0.13481958253321333, 0.1341850169810061, 0.13355273090796155, 0.13292649030609666, 0.13230354901219749, 0.13168543926404358, 0.13107029878573587, 0.13045898342982415, 0.12985191709452595, 0.12924761830256137, 0.12864733430368308, 0.12805036482181942, 0.12745707533136924, 0.1268668143359269, 0.1262804619120663, 0.12569793433231025, 0.12511861192166834, 0.12454318666884298, 0.12396971693395842, 0.1234001448683438, 0.12283401543416439, 0.1222718511589748, 0.1217126594433445, 0.12115589802760836, 0.12060225957911241, 0.12005145667186097, 0.11950406716837969, 0.1189603968168889, 0.11841978823584606, 0.1178813777141722, 0.11734751853466321, 0.11681608265297863, 0.1162883859830123, 0.11576289860509595, 0.1152403769953162, 0.11472294967968148, 0.11420717945004373, 0.11369435923540103, 0.11318459299543278, 0.11267714387560179, 0.11217194742834287, 0.11167097381723334, 0.11117277902544287, 0.11067684345744873, 0.11018380895673381, 0.10969321314823781, 0.10920470692610384, 0.10871945676340158, 0.10823601754057773, 0.10775514456009931, 0.10727727748731834, 0.10680166564395303, 0.10632926601715309, 0.10585969310910262, 0.10539164034511195, 0.10492637146736017, 0.10446353971804678, 0.10400445222726437, 0.10354766947734577, 0.10309325312446808, 0.10264121510097021, 0.1021926120950513, 0.10174616491733748, 0.1013020403741594, 0.1008602169516561, 0.10042064653827687, 0.09998397725952947, 0.09954995841300837, 0.09911779846829685, 0.09868828210370137, 0.09826163295463816, 0.09783847051396025, 0.09741710360761588, 0.096998031442232, 0.09658192169367372, 0.09616898904396708, 0.09575775014927453, 0.09534961213955921, 0.0949433336989585, 0.0945392813148209, 0.09413831884802284, 0.09373924753161474, 0.09334333384752985, 0.09294979283837143, 0.09255823660436117, 0.09216864832719354, 0.091781679037071, 0.09139746940988748, 0.09101494422321003, 0.09063485698491087, 0.09025643562302318, 0.08988152009017054, 0.08950844085059487, 0.08913756044272356, 0.08876934850614357, 0.08840355599507917, 0.08804068395932793, 0.0876805477082441, 0.08732188845820446, 0.08696450749803064, 0.08661025363869232, 0.08625785184727455, 0.08590744259496011, 0.0855586202761413, 0.08521194264400586, 0.08486797960845392, 0.08452605295180644, 0.08418597285097691, 0.08384793499093635, 0.0835114578583812, 0.08317649314359946, 0.08284288355701228, 0.08251093460983625, 0.08218118555214002, 0.08185265336979738, 0.0815251789284593, 0.08119900818832722, 0.08087439684595207, 0.08055126810886166, 0.08022961333511547, 0.07990933016741213, 0.07959051194659517, 0.07927297174272611, 0.07895685400002747, 0.07864200200796825, 0.07832867289029269, 0.07801733444535452, 0.07770745980756169, 0.07739907974956703, 0.07709266404626743, 0.07678785619976405, 0.07648393531393997, 0.07618099480446, 0.07588005329904304, 0.07558086903726538, 0.07528318994055697, 0.07498647747575798, 0.07469126633386777, 0.07439727433344684, 0.07410470170078251, 0.07381317492982095, 0.07352244029048488, 0.07323273728378715, 0.07294505348253874, 0.07265845002974283, 0.07237294422084527, 0.0720886848614915, 0.07180526392146828, 0.07152291536240779, 0.07124197078580297, 0.0709623244423801, 0.07068328190277068, 0.07040494159358304, 0.07012746048773817, 0.06985076326501294, 0.06957499563288852, 0.06930013259263003, 0.06902595969426246, 0.06875253050894965, 0.06847988437419572, 0.06820786463747641, 0.06793735642272011, 0.06766770252853677, 0.06739891728496634, 0.06713100876200456, 0.06686386148950992, 0.06659733368400096, 0.06633137451141782, 0.06606614236227999, 0.0658020472191215, 0.06553850742013027, 0.06527576603806459, 0.06501366505056409, 0.06475266215797901, 0.0644922533522754, 0.06423267692729444, 0.06397369735416823, 0.06371586888644089, 0.06345864715909406, 0.06320188847370993, 0.0629463703328987, 0.06269146684846616, 0.062437044907133886, 0.06218326363025799, 0.06193002062101376, 0.061677513720007196, 0.06142552037457827, 0.06117404961508697, 0.060923158073849216, 0.060672873988994624, 0.06042322809737306, 0.060174190533849106, 0.059925664181895065, 0.05967758487896911, 0.05943008418865392, 0.05918300641854517, 0.05893639023859278, 0.05869037876450474, 0.05844479410057607, 0.058199822137277105, 0.057955412823277576, 0.0577117213634137, 0.05746858823301022, 0.05722625392091267, 0.0569844175264273, 0.056743010989343146, 0.05650205411811865, 0.05626148125650736, 0.056021468996189525, 0.05578212648508687, 0.05554327533008644, 0.055304903503192546, 0.055067402552455, 0.05483033531143587, 0.05459407151787501, 0.05435856468634378, 0.054123744435824975, 0.05388953623882283, 0.053655899230912296, 0.05342307857862394, 0.05319065938403994, 0.052958555169498524, 0.05272707959217145, 0.05249598571933027, 0.05226553333933635, 0.05203569160118264, 0.05180655406458031, 0.05157786111116873, 0.051349526778676303, 0.05112155482082217, 0.05089418580307973, 0.05066720288035133, 0.05044105145889218, 0.050215327720798134, 0.04998988627955413, 0.04976485923571873, 0.04954043733922157, 0.049316717486649495, 0.04909348513692021, 0.048870601150571555, 0.04864802498092289, 0.04842575266748218, 0.04820452516229328, 0.04798400993712838, 0.0477640013766785, 0.047544518094443725, 0.04732582808901105, 0.047107562006707696, 0.04688993261110985, 0.04667273962895645, 0.04645617595864376, 0.0462403016055507, 0.046025028775567065, 0.04581019471817414, 0.045595865041611436, 0.04538197749266644, 0.04516916889277487, 0.044957094359316295, 0.04474549900153119, 0.044534387000776963, 0.044323633909898776, 0.04411329248101637, 0.04390371949961972, 0.04369466009434052, 0.043486257556107674, 0.04327856153673676, 0.04307137738627698, 0.04286464322432157, 0.04265831613202414, 0.04245237225118853, 0.04224672265571819, 0.04204155180942398, 0.041836995678737866, 0.0416328341380718, 0.041429622934658086, 0.0412268743505104, 0.04102466259290332, 0.040822893032964803, 0.04062201644561526, 0.040421665879713485, 0.040221911725194834, 0.040022628860540505, 0.0398238328520263, 0.03962557315719966, 0.039427780981841264, 0.03923065763386439, 0.03903432912366222, 0.038838276306002076, 0.03864260723465151, 0.038447283081102485, 0.03825271204217183, 0.03805889516639195, 0.03786565907975023, 0.03767284628904653, 0.03748056212274561, 0.037288573325749766, 0.037097119453059366, 0.03690609786753514, 0.03671549764951073, 0.03652562600802971, 0.036336227703874444, 0.036147323729371364, 0.035959341940084044, 0.035772102714823714, 0.03558538094543092, 0.03539922063453271, 0.03521399028792322, 0.035029350700817405, 0.03484522006459755, 0.034661532867924595, 0.034478240615541375, 0.03429536292742517, 0.03411273823630797, 0.03393060811864042, 0.033748695805386184, 0.03356730823628301, 0.033386576473794866, 0.033206321925607754, 0.03302659492407483, 0.03284744736006422, 0.03266940013820327, 0.0324920863101448, 0.03231511846822395, 0.03213863358380217, 0.03196258476529089, 0.03178705431244051, 0.031612018393893784, 0.03143741441372587, 0.031263312110676164, 0.031089730188295306, 0.030916979147343614, 0.03074493811152666, 0.030573233717978033, 0.03040225079571899, 0.03023171766472097, 0.030062135619105916, 0.029893053611928688, 0.029724668394465532, 0.02955696270251091, 0.029389663990328507, 0.029223124393428924, 0.029057119664061975, 0.028891787745894255, 0.028726905597734553, 0.028562337666563898, 0.02839814833984531, 0.02823437346810348, 0.028071090405578886, 0.027908141285977673, 0.027745644763811982, 0.027583641076957453, 0.02742262551462235, 0.027262029422717708, 0.02710206020416133, 0.02694262465928209, 0.02678364276955115, 0.026625277084323346, 0.026467682763946888, 0.026310698997150474, 0.026154185109242285, 0.025998549561090732, 0.025843161722189513, 0.025688133343654163, 0.025533682299117545, 0.025379556233473054, 0.025226068621585863, 0.025072896140361633, 0.024920267130712097, 0.02476810920463838, 0.024616390288967404, 0.02446491762801491, 0.024314008819388104, 0.024163504125435376, 0.02401326448917715, 0.023863754018178154, 0.023715149606637155, 0.02356675222007888, 0.023418999209461073, 0.023271994678797214, 0.02312552431889739, 0.02297951603536998, 0.022833891091807758, 0.02268891782490016, 0.022544377070979938, 0.02240036739262339, 0.022256695790757702, 0.0221135129084964, 0.021970889111829348, 0.021828745869469673, 0.021687236452531827, 0.021546218623836096, 0.021405691904632967, 0.02126588873942519, 0.021126429751912826, 0.0209873558074176, 0.020849194489540875, 0.020711296411392098, 0.02057394302717544, 0.02043697603386275, 0.020300680430385316, 0.020164726606902123, 0.020029487203733327, 0.019894841693647983, 0.01976048036918246, 0.019626376696116724, 0.019493060473559202, 0.019360173366751755, 0.019227442555961184, 0.01909514992942691, 0.01896323178964144, 0.01883177469186999, 0.018700891846929586, 0.018570221740149585, 0.018440072435892137, 0.0183106295648922, 0.018181403896455416, 0.018052678755611805, 0.01792431263477207, 0.017796619334538976, 0.017669336958930398, 0.01754229883967082, 0.01741615092099811, 0.01729055500692705, 0.017165492735555104, 0.017041205097097684, 0.016917418055294668, 0.016793944088261775, 0.0166708970080618, 0.016548124066249323, 0.016425793990360132, 0.016304198081610405, 0.016182990884189483, 0.01606217496187419, 0.015941893291123967, 0.015821991868101577, 0.01570255811406987, 0.01558368310253117, 0.01546531597784176, 0.01534728217682517, 0.01522970427175117, 0.015112432584960644, 0.01499548039568296, 0.01487878855366998, 0.014762607256089055, 0.014646952165595467, 0.01453173092519908, 0.014416829907522521, 0.014302449348736335, 0.014188507400061185, 0.0140750895234984, 0.013962020735085585, 0.013849279593646822, 0.013736908313148513, 0.013625147515616554, 0.013513737104773927, 0.013402735977719196, 0.013292350550691872, 0.013182369198538024, 0.013072806236562795, 0.012963826194038014, 0.012855064328235207, 0.012746843008785393, 0.012639089930601321, 0.012532039798824973, 0.012425477205545576, 0.012319339344673445, 0.01221355409929516, 0.012108173793583143, 0.012003500319595253, 0.01189917467243545, 0.011795183961484514, 0.011691659676688393, 0.011588462777057287, 0.011485730252630996, 0.011383635080018776, 0.011281867969133712, 0.011180605985746512, 0.011079712099026032, 0.010979103501280802, 0.010879188881002642, 0.01077985035731962, 0.010680982452062605, 0.010582479470072313, 0.010484489559594839, 0.010386879785229095, 0.010289588010165558, 0.010192716351584813, 0.010096229128901268, 0.010000653573561535, 0.00990535219716289, 0.009810736024470995, 0.009716439297968667, 0.009622622554731312, 0.00952943241307038, 0.009436574845542802, 0.009344049236329213, 0.009251952223785836, 0.00916069485263448, 0.009069773952018051, 0.008979144097555963, 0.008888780994109856, 0.00879887628587558, 0.008709399403145681, 0.008620480793773888, 0.00853196189623093, 0.008443973029928092, 0.008356542954437432, 0.008269426157969367, 0.008182690171240162, 0.008096444727365874, 0.008010761332379004, 0.007925428751016613, 0.007840404278449647, 0.00775586441919249, 0.007671808448433204, 0.007588040700651766, 0.007504791540747127, 0.007421832407786741, 0.007339296922767869, 0.0072572236611930015, 0.007175481339833155, 0.0070942330641534075, 0.007013458036272538, 0.0069331265019981145, 0.00685330466027297, 0.006774115796053981, 0.0066953533717289525, 0.006616974198552035, 0.00653908534530193, 0.006461521835430658, 0.0063843347339134025, 0.006307514844947704, 0.006231085733389671, 0.006154936813822109, 0.0060793128705902266, 0.006004001490031724, 0.005929036935520763, 0.00585461448760496, 0.005780717930308175, 0.005707201003970096, 0.005634001376786277, 0.005561243796449446, 0.005489080191171868, 0.0054173591374459505, 0.005346217519986157, 0.005275589053241942, 0.005205560212149811, 0.005135907832788592, 0.005066659042856388, 0.004997841168449363, 0.004929641917433329, 0.0048617520080273145, 0.004794233996250554, 0.004727160944808085, 0.004660713656262154, 0.004594593103181761, 0.0045290495900542375, 0.004463935315003574, 0.004399181624993989, 0.004334811739608693, 0.0042709318639294735, 0.004207516910468683, 0.004144601236062341, 0.004082111755700242, 0.004020095064544584, 0.003958729869818274, 0.0038978778531116773, 0.003837368393261439, 0.0037773923044748655, 0.0037178131548342847, 0.003658819541129836, 0.0036001833000670717, 0.003541884030934085, 0.0034840092869230775, 0.003426671776944973, 0.0033697534195257215, 0.003313332007258725, 0.003257410508054078, 0.003201894510898723, 0.0031468912433763505, 0.0030922516581426127, 0.0030381048024769957, 0.0029846488479826705, 0.002931783765769811, 0.0028793743319760214, 0.002827508058118016, 0.0027762665436596575, 0.002725633434842071, 0.00267542862874273, 0.002625648064586146, 0.002576344984974688, 0.002527459742894947, 0.002478957980731689, 0.0024309773284083977, 0.002383399291405853, 0.0023362875150908223, 0.0022896604032800827, 0.0022436308650032113, 0.002198058850580056, 0.00215305504194783, 0.002108458754111409, 0.002064331759652695, 0.002020600780035082, 0.0019774111389430325, 0.0019346763102806495, 0.0018923484783527095, 0.0018504269438680433, 0.0018089904626319004, 0.0017680152114611682, 0.0017275445777768766, 0.001687564960334418, 0.0016481440841034285, 0.0016091789618370863, 0.0015708270169271568, 0.001532932458973142, 0.0014956849863149919, 0.0014589281709542748, 0.0014226626923984095, 0.0013868497544032242, 0.0013515517704170538, 0.0013167427668201335, 0.0012823125574287692, 0.0012483590246572629, 0.001214875951269016, 0.0011818464618394958, 0.0011492823410420515, 0.0011171928251280804, 0.001085540716661551, 0.0010543562951812774, 0.0010236536910721058, 0.0009933988300954784, 0.0009635712831256877, 0.0009342439254165279, 0.0009053620667086829, 0.0008770076199718202, 0.0008491476261065833, 0.0008217093916102474, 0.0007947156977272978, 0.0007681459396652035, 0.0007420227944718871, 0.0007163690330172281, 0.0006911456161264811, 0.0006663928065194419, 0.0006420868501177678, 0.0006182620775729501, 0.0005948702108210352, 0.0005719734853128407, 0.0005494980682703191, 0.000527498562662749, 0.0005059226221744221, 0.00048481813277239554, 0.0004641345863600514, 0.00044393689547568387, 0.00042414201425952007, 0.00040483728881050265, 0.0003859914173112671, 0.0003675939044021963, 0.0003496031583118572, 0.000332080503391868, 0.00031499296805958616, 0.0002983399298286284, 0.0002821238827329188, 0.0002663514629067089, 0.00025105365290201484, 0.00023616334939874101, 0.00022167704122107615, 0.0002076013405780206, 0.00019395014599036706, 0.00018069828854458959, 0.00016788822725047337, 0.00015546999549997234, 0.000143445226025449, 0.00013183550055987265, 0.00012066163158945133, 0.00010987493813959543, 9.95181681777981e-05, 8.957346275864512e-05, 8.002442493479978e-05, 7.100786621045733e-05, 6.230408403258787e-05, 5.4006244406448636e-05, 4.6166984549736366e-05, 3.8925848749219796e-05, 3.202419310406329e-05, 2.5515635074817826e-05, 1.9439261618704027e-05, 1.3868437017017695e-05, 8.677792968169104e-06, 4.1247574572905976e-06, 0.0]","[0.0, 3.9355497492576376e-06, 6.383474052922407e-05, 0.00012524720292054746, 0.00018799241603919214, 0.00024874651620246954, 0.0003066951951029855, 0.0003625021337329165, 0.00041597774562956855, 0.00047218024868495343, 0.0005284874719497567, 0.0005828745606534236, 0.0006367824376373417, 0.0006869204955303679, 0.0007367848950817346, 0.0007858351321825298, 0.0008345601509722888, 0.0008792684662683637, 0.0009262454250507309, 0.0009727327373305053, 0.0010180967880272197, 0.0010623184266736598, 0.0011036336118593743, 0.0011451558675351233, 0.0011875119564568755, 0.001227167584237175, 0.0012671602384177526, 0.0013071469111623516, 0.0013445628191080374, 0.0013839978001938223, 0.0014255223142093905, 0.0014668975573908236, 0.0015053098828789941, 0.0015449923212364223, 0.0015843112071775214, 0.0016260510501857066, 0.0016661806474956168, 0.0017056420607878629, 0.0017462588006179353, 0.0017879304659384502, 0.0018291126297750595, 0.0018700094901518136, 0.0019137327903003094, 0.0019578688210965967, 0.0020011624914059918, 0.0020448051618297226, 0.002090924755982826, 0.0021357459595574726, 0.002185136449341943, 0.0022290525570026233, 0.002276006463303525, 0.0023215540188114576, 0.0023672846742292734, 0.0024129341225505086, 0.0024631897956176214, 0.0025085489720027953, 0.0025593015792564613, 0.002608251342385293, 0.0026603511337211895, 0.002710096651905494, 0.0027610636676481865, 0.0028100476687050323, 0.002864006468320469, 0.0029125442418595267, 0.002960662603054438, 0.0030128287036693398, 0.0030654868746061805, 0.0031143125728650078, 0.0031673544378109583, 0.0032167454311764396, 0.0032690435130804107, 0.0033204622703496673, 0.003371058281488498, 0.003424006797505063, 0.0034743810072180507, 0.0035265326448689757, 0.0035783348987099453, 0.0036320416622438473, 0.0036850519620941183, 0.003738667066786424, 0.003792364851644289, 0.0038435660618345367, 0.0038959722075300397, 0.00394680977938076, 0.004001544201824011, 0.004051902905729172, 0.004105056264658468, 0.004159329657894353, 0.004215169478590871, 0.0042695866775228665, 0.00432092454790452, 0.004375598267202827, 0.004426612694841891, 0.004480262375002262, 0.004534061991610687, 0.004588616635581524, 0.004641984761490822, 0.00469659782695844, 0.004754367242199229, 0.004810720441168423, 0.004865110702839411, 0.004916957199510034, 0.004969222299242844, 0.005024519183254313, 0.005076205387354649, 0.005125632834678818, 0.005177134722935745, 0.005223327967983534, 0.00527153539148487, 0.005319090640340233, 0.005367888190769512, 0.005414024599077004, 0.005462994688936597, 0.005509105372119995, 0.005553964956359166, 0.0056000497530890436, 0.005646619178976063, 0.005689167275929736, 0.005731776260061388, 0.005772897025064517, 0.005817240952208292, 0.005857473188139354, 0.00590165458173218, 0.005944652883274433, 0.00598889621202281, 0.00603328642203439, 0.006073440472252472, 0.006113908716959042, 0.006153466465292729, 0.006189664789145572, 0.006231305027503101, 0.006270012546277024, 0.006304422430777026, 0.006341820953213704, 0.006375211354477473, 0.006414073193652075, 0.0064467458408553665, 0.006482756895176769, 0.006513023018364933, 0.00654932969900886, 0.006579800316862272, 0.006613612669616303, 0.006645724018029729, 0.0066764988443323205, 0.006710885583455261, 0.006740368305743719, 0.006771670941628413, 0.006799333351914337, 0.006831183640880324, 0.006861413209014405, 0.006893043945880379, 0.00692281610746258, 0.0069522413854890604, 0.006980944663852029, 0.007014990770507998, 0.007045102913900257, 0.007075713961660337, 0.007104384403430523, 0.007136940055998735, 0.007166520022739524, 0.007200345983520551, 0.007228885982472869, 0.007258907306976724, 0.007287018103166156, 0.007319000773173762, 0.007352507434180193, 0.007383184288690625, 0.0074146529049370115, 0.007446455348707136, 0.00748046611473177, 0.0075102934869293305, 0.007543704374696609, 0.007575237794590679, 0.007608703117408358, 0.0076394994213368865, 0.0076730702387369475, 0.0077022402957599954, 0.007734609771832854, 0.007763005005764566, 0.007794775880829109, 0.007821424881987418, 0.007852762943918245, 0.007879305787964629, 0.007909291064838052, 0.00793880081773536, 0.007967443635035374, 0.007996751819524186, 0.008023317494571651, 0.008051125691646342, 0.0080772487321199, 0.008105774592702814, 0.00813412179207442, 0.008161491972777837, 0.008187688789365424, 0.008212572427314107, 0.00823923715333671, 0.008263215235197852, 0.0082883021026162, 0.008314574334386616, 0.008338883291859509, 0.00836321147915226, 0.00838776648294594, 0.008411276419155582, 0.008437845826912645, 0.008460356413023314, 0.008485995294249071, 0.008509611124673312, 0.008533357774383826, 0.008553855537799438, 0.008577974114127758, 0.008602908059039308, 0.008625545248249595, 0.008645567874416499, 0.008668249234922846, 0.008690317799887295, 0.00871394612371851, 0.008734839030884758, 0.008757320002961918, 0.00877863608987894, 0.00880163107779944, 0.008821040435744882, 0.008841810619382502, 0.008862332483543544, 0.00888444442953941, 0.008902330270461944, 0.008923830555526018, 0.008944871503082421, 0.008966797336055609, 0.008985991380023577, 0.009004784063761864, 0.009022347806966854, 0.009044008908872048, 0.009064284607794034, 0.00908266179717652, 0.009101607984270794, 0.009122284602028134, 0.009139807446615177, 0.009159521975252901, 0.009178673692698404, 0.00919523770715456, 0.009214058969045518, 0.009231473283939777, 0.00924744130177697, 0.00926378101190395, 0.009283125192873061, 0.009301266055814363, 0.009317004543550856, 0.009333192368692176, 0.009350533062546983, 0.00936696868013398, 0.009384367259551635, 0.009397346208338066, 0.009412830743570607, 0.009427948225570144, 0.009444480317719151, 0.009459523070254692, 0.009472747006807796, 0.009487997947693606, 0.00950310324647481, 0.009517395599455539, 0.00953173833231581, 0.009545189169006247, 0.00955643227238942, 0.00956873230667513, 0.009580932232310812, 0.009592360759274221, 0.009604764542157194, 0.009616143267288478, 0.00962848678993599, 0.009640251402314028, 0.009652154310429732, 0.009664051880595981, 0.009674500543632822, 0.009683641807995047, 0.009694800133437044, 0.009707140412507942, 0.009718186370461722, 0.009729283466535468, 0.009741026451651523, 0.009752568060043893, 0.009764112311116568, 0.009776330800510808, 0.009787478950022943, 0.009797565699050059, 0.009808498520308106, 0.009819874685342251, 0.009828640607980794, 0.00983995401807089, 0.009850389629051074, 0.009859281507970321, 0.00986845670327283, 0.009877672374215472, 0.009886338738784247, 0.009894523315736745, 0.00990205037920519, 0.009910464019605117, 0.009917783260915893, 0.009924929100748959, 0.00993193346334416, 0.009938183533051823, 0.00994337732026413, 0.00994903145002927, 0.009955033383958105, 0.009961141081267657, 0.009965250909080927, 0.00997055312766141, 0.009975811424813835, 0.009980175046301368, 0.009985296677319329, 0.00998940142147669, 0.009993590183231475, 0.009996368860965556, 0.009999281569986553, 0.010002030404883256, 0.010003963577884287, 0.010005187500635174, 0.01000540346069952, 0.010004356437286999, 0.01000449305616013, 0.010003868928384537, 0.010002807926555623, 0.010000539071286146, 0.009998506751267313, 0.009996320397596521, 0.009993714723002388, 0.009991169744933664, 0.00998764325142626, 0.00998322328138433, 0.00997685568127148, 0.009969828948120641, 0.009962215553029225, 0.009954192700189692, 0.00994552580348074, 0.009936015109350734, 0.009926739122912085, 0.009915994598797235, 0.009905168806262648, 0.00989377791256255, 0.00988282811196075, 0.009870709025821442, 0.009858888190693405, 0.009846068743063322, 0.009831681262971043, 0.009816912648104432, 0.009800951965398902, 0.009785145701250093, 0.009769257513849982, 0.00975278306078468, 0.009735746005889548, 0.009717422911084002, 0.009699133219034348, 0.009679487461924954, 0.009658725925049327, 0.009637940418802168, 0.009615851185176851, 0.009593629125260943, 0.009572051815440965, 0.009550219052861622, 0.009526783179566208, 0.009503539410087115, 0.009479758428198001, 0.009454089480188246, 0.0094291396083602, 0.009404167144213124, 0.009378121886886243, 0.009351730006180232, 0.0093254436450005, 0.009298137975736436, 0.009269675897741185, 0.00924035804273931, 0.009211110986282335, 0.009181500605435496, 0.00915155521221488, 0.009121522872692842, 0.009090568692558058, 0.009059495913395355, 0.009027803399561345, 0.008995550526810862, 0.008964248893174123, 0.008932530612943801, 0.008900997828534448, 0.008870188019057654, 0.008838812312799591, 0.008807435611667004, 0.008775698074111566, 0.008744107092611529, 0.008712295639413734, 0.008680502185143739, 0.00864780643774188, 0.008614702920979949, 0.008582170315716174, 0.008549640783122044, 0.008516277826372744, 0.008484335219575019, 0.008452565911166584, 0.008420442964943813, 0.008388617745870313, 0.008356614645770352, 0.008324657287870529, 0.008292820705274095, 0.008260795223040593, 0.008229206475898176, 0.008197277350265179, 0.008165490441498452, 0.008133109032582549, 0.008099380336996455, 0.00806667981998931, 0.008033812671361292, 0.008000308645222606, 0.007966026017223104, 0.00793179382276591, 0.00789770372337155, 0.007863673625783982, 0.007829716821809605, 0.0077955687521973445, 0.007760989824448927, 0.007727118110002812, 0.007693287974793137, 0.007659390273252108, 0.0076250804170863475, 0.007590669233669812, 0.007556008857718778, 0.007521675003094463, 0.007487581864787817, 0.007453311848507684, 0.007418900600308542, 0.007384176557726332, 0.007349622469680256, 0.00731519350335234, 0.0072805715167874535, 0.007246243664271777, 0.007211451121888356, 0.007176679618491414, 0.007142360750677876, 0.007108779534307001, 0.00707544640470442, 0.0070418700761846155, 0.00700832950234822, 0.006974880438930494, 0.0069420829768069466, 0.006909308385445472, 0.0068766758971085355, 0.006844090859407974, 0.006811308046089195, 0.006778913202847252, 0.0067474439701032665, 0.00671589814056277, 0.006684337294131901, 0.006652983266429937, 0.006621514949860819, 0.006590354429369403, 0.006559425432558043, 0.006528570709032299, 0.006498076139685013, 0.0064681086651366924, 0.006438119180915202, 0.006408443887399938, 0.0063789462099478516, 0.0063494952606742835, 0.006320275495080666, 0.006291475088238906, 0.006262802985615198, 0.0062341805244307946, 0.00620565298940802, 0.006177141934781856, 0.006148688791579595, 0.006120139871761543, 0.006091602410480947, 0.0060631496413453626, 0.0060350631867569175, 0.006007200078019723, 0.005979328366032679, 0.005951672190787078, 0.005924023196963377, 0.0058967484608308555, 0.005869884883466024, 0.005843271699508728, 0.005816622176101453, 0.0057899618775473834, 0.005763557494899543, 0.005737694467214442, 0.005711882779184859, 0.005686248916027749, 0.005660867862440209, 0.005635691580631113, 0.005610621749769748, 0.005585694314780027, 0.005560944459381405, 0.005536617038619199, 0.00551229628338529, 0.005488023201282663, 0.005464404509570241, 0.005440987244480449, 0.005417646039921586, 0.005394582752933325, 0.005371621434694121, 0.005349055723015366, 0.005326515027541515, 0.005304011779798005, 0.005281697125505763, 0.0052594976996952975, 0.005237342242552034, 0.0052152002998013544, 0.005193154390615742, 0.005171109156840566, 0.005149171941445536, 0.005127362708178321, 0.005105578530636636, 0.00508347996336083, 0.005061487784095275, 0.005039491708539593, 0.00501769326945461, 0.004996024579176464, 0.004974475057469107, 0.004953195329574812, 0.004932110434418794, 0.004911015057188298, 0.004889927389076286, 0.004868883789426114, 0.004847875686677049, 0.004826822318452874, 0.0048058195043770725, 0.004784831430757106, 0.00476383412961883, 0.00474294429054528, 0.004722167395099841, 0.004701615410518054, 0.004681175754163811, 0.004660832406377723, 0.0046405922831514144, 0.0046204365380688155, 0.004600372150738555, 0.004580330335761617, 0.004560416180269223, 0.0045405649399088265, 0.004520803011218579, 0.0045011071178159695, 0.004481403517159986, 0.004461672823869187, 0.004442016037697051, 0.004422292083907906, 0.00440254578385485, 0.004382832206937259, 0.00436316884754436, 0.004343583168098012, 0.004323988815493664, 0.004304518210878196, 0.004285152677019781, 0.004265748656590429, 0.00424644114039147, 0.004226963744984085, 0.004207480893839074, 0.00418803215634958, 0.0041689450925180005, 0.004150037165810883, 0.004131108518316071, 0.004112380105681723, 0.0040937625206607315, 0.00407518052642917, 0.004056467806131817, 0.004037648228632097, 0.0040190334298371285, 0.0040007065707961574, 0.003982399654926227, 0.003964142294284447, 0.003945951636546513, 0.003927629063462485, 0.003909831516036803, 0.003892186214391008, 0.003874584191260517, 0.0038571519727778154, 0.003839674642704137, 0.003822408848945014, 0.003805192550852022, 0.0037878722696124975, 0.00377072866999191, 0.0037536440412441357, 0.0037366113857963267, 0.0037197507698302577, 0.0037027954149615305, 0.0036859021865220483, 0.0036691509116579253, 0.003652152948840441, 0.003635011812217063, 0.0036178706703030995, 0.00360127738106522, 0.003584765182349226, 0.0035683038800630516, 0.0035516074664476015, 0.0035349921083556255, 0.003518389843686199, 0.003501770889421976, 0.003485434134240762, 0.0034692605292084506, 0.003453306721195837, 0.003437380208015227, 0.003421436820130051, 0.003405305964991039, 0.0033891037645802486, 0.003372982348516979, 0.0033569894756353847, 0.003341143315122544, 0.0033257629447478276, 0.003310189628745427, 0.0032947052559147427, 0.0032790341764511502, 0.0032633421748964786, 0.0032478194979954013, 0.0032322152247186843, 0.00321653622190318, 0.003200863949232828, 0.003185120813896268, 0.0031690262507455733, 0.0031530558600186163, 0.0031366990715443184, 0.003120486685493051, 0.0031044296038822876, 0.003088932246640426, 0.003073380015057769, 0.003058063790508896, 0.0030427218435174225, 0.003027393587666139, 0.0030120886961294154, 0.00299675153829803, 0.002981458556060977, 0.0029661431652608936, 0.002950873317480826, 0.0029358574170714577, 0.002920802746279464, 0.00290586459076282, 0.0028911658926821715, 0.0028767006419331046, 0.0028618714845700453, 0.0028470061358637053, 0.002832025469484232, 0.0028169288011867482, 0.0028017433068071216, 0.0027866813082504847, 0.002771718152389365, 0.002756704587291895, 0.0027415684395305905, 0.002726926157224124, 0.002712689852297879, 0.002698440461539175, 0.0026840075540966743, 0.0026696582209499607, 0.0026552331234140475, 0.0026408091112060847, 0.002626509000900523, 0.002612252401094818, 0.002598106506158264, 0.0025836308133488106, 0.0025693387278926776, 0.002555354983272677, 0.0025416131213844757, 0.002527858671917428, 0.0025142494965678585, 0.0025005655113944166, 0.002486948761466386, 0.002473270704724409, 0.002459479415249769, 0.0024456581430048465, 0.0024324970190023965, 0.002419261935880843, 0.002405861306412506, 0.002392624106590882, 0.002379350348871215, 0.0023660370208460502, 0.0023532642847234964, 0.002340750220153373, 0.002328301756347004, 0.0023162906365036652, 0.0023042043341125347, 0.002292240239196563, 0.0022802841334418774, 0.0022681945674473533, 0.0022562167398388184, 0.002244342920702943, 0.0022322427485342118, 0.002219955258416155, 0.002207448253132567, 0.002195001021646718, 0.0021826620873268096, 0.0021702249175363356, 0.0021578059379177487, 0.0021456992614341734, 0.002134013818133473, 0.002122398541598299, 0.0021108341593127937, 0.0020991765799626017, 0.002087316070229724, 0.0020757098882735144, 0.002064031324458229, 0.0020523313961983377, 0.002040585150337065, 0.002028960898769823, 0.002017431548065154, 0.0020061483929241113, 0.0019949459751470258, 0.001983881701538796, 0.0019727076610520596, 0.0019612951246330756, 0.0019496644659371244, 0.0019379425374782607, 0.0019261806484523393, 0.0019145555738806915, 0.0019030682014430057, 0.001891602917416706, 0.0018801539853610433, 0.001868908046005983, 0.0018575245249180087, 0.0018462314563410704, 0.0018353830560725233, 0.0018245229419317252, 0.0018136642670173327, 0.001802819197559016, 0.0017919705607658508, 0.0017811875695621278, 0.0017704099152975827, 0.0017594263486991118, 0.001748620641011917, 0.001737977239432519, 0.0017269165745696276, 0.0017158070492161628, 0.001704769471559418, 0.0016938373325123184, 0.0016829198040433666, 0.001672084395333384, 0.0016612756919944904, 0.001650595116330659, 0.0016399985483702014, 0.0016294527508684653, 0.0016187304566169564, 0.001608099480097273, 0.0015975120106961537, 0.0015871125051471447, 0.0015763033314929275, 0.0015655483665408271, 0.0015546478516122815, 0.0015437912028499535, 0.0015331669730740717, 0.0015225139147176379, 0.0015117106241157093, 0.001500989457104885, 0.0014904140150179353, 0.0014800013675841657, 0.0014695952040026808, 0.001459307183797441, 0.0014488910464503914, 0.0014386341628509847, 0.0014283740261103915, 0.001418137743054827, 0.001407998169006837, 0.0013978793755038562, 0.0013875856904852902, 0.0013775186085712046, 0.0013673195831908722, 0.0013570541786630621, 0.0013466547270644654, 0.001336238480652883, 0.001326145757289493, 0.0013161737415381648, 0.001306170186011118, 0.0012962526932161816, 0.001286488847210142, 0.0012765859589990369, 0.0012665331786657157, 0.0012565906043855313, 0.001246728012289122, 0.00123698386794373, 0.0012273164814134993, 0.0012176325333679119, 0.0012079431650553515, 0.001198377198557089, 0.0011889951741702975, 0.001179553501739955, 0.0011699990028964087, 0.001160475318400543, 0.001150840004903508, 0.0011411864520152588, 0.0011316066536432004, 0.0011220742435037814, 0.0011124356194953974, 0.0011029143812846588, 0.0010933910049402084, 0.0010837331856493224, 0.0010740606001922227, 0.0010644499458723291, 0.0010549652105163482, 0.0010455043128866483, 0.0010363645022793307, 0.0010270936806350682, 0.001017935938701122, 0.0010087888195623377, 0.0009995150851568443, 0.000990390220760742, 0.000981288271579893, 0.0009722001750116665, 0.0009632207486083015, 0.0009544084940636055, 0.00094561894792912, 0.0009370191137616301, 0.0009285001582274859, 0.0009201918281443461, 0.0009119471096188184, 0.0009037342408755113, 0.0008953744490017252, 0.0008870799870165907, 0.0008787459910982276, 0.000870501853283754, 0.0008622724375468132, 0.0008540685795248731, 0.0008458563260830854, 0.0008377159242626627, 0.000829553170943399, 0.0008213171993588474, 0.0008132577122733727, 0.0008054086620443476, 0.0007974944835822511, 0.0007896875861044456, 0.0007819776552533076, 0.0007744363919207454, 0.0007669942048820756, 0.0007595236025954466, 0.0007520014675206286, 0.000744398665982942, 0.0007368461474193421, 0.0007294504377110037, 0.000722074933142835, 0.0007146587842094682, 0.0007072378451149758, 0.0006998241149962525, 0.0006924062429404802, 0.0006848743211420389, 0.0006775019117532263, 0.0006703008234217561, 0.0006629098766151746, 0.0006555718145173753, 0.0006481418853713612, 0.0006408847409374541, 0.0006336651969908757, 0.0006265232657607165, 0.0006193903330254845, 0.0006122484104625389, 0.0006051379504659236, 0.0005981449860755002, 0.0005911822514916584, 0.0005842700956616243, 0.0005775111414672859, 0.0005708861848940784, 0.0005643233165389355, 0.0005577439509222477, 0.0005511952700798, 0.0005447701134361352, 0.0005383247797984267, 0.0005319825474929033, 0.0005255807615922815, 0.0005191777204672951, 0.0005127154851945803, 0.0005062530731823271, 0.0004998071946478166, 0.0004934170480001184, 0.0004869793055553484, 0.00048052577646566573, 0.00047405875716504623, 0.0004676356254867775, 0.00046119055308292255, 0.00045457579656991894, 0.00044791643789581366, 0.00044126437585828793, 0.000434671613774028, 0.0004281610272269659, 0.00042173340462333504, 0.00041541635643152, 0.0004091843415976599, 0.0004030715558344441, 0.0003968906913329241, 0.0003908124972717417, 0.0003847731369420617, 0.0003787409407179674, 0.0003726736712469159, 0.0003667728043425892, 0.00036092368019607863, 0.0003551133791727926, 0.00034939494854816834, 0.00034375961970263574, 0.00033819756125708723, 0.0003326512532612393, 0.0003271764272595276, 0.00032177100363677105, 0.000316430116236395, 0.0003111396152632018, 0.00030595264085690906, 0.0003009462361380158, 0.0002960639751550985, 0.00029133433524867737, 0.0002866760060877402, 0.00028191450791313177, 0.00027726958983528886, 0.0002726814883446144, 0.00026814251885462406, 0.0002635559663263709, 0.0002590353211015484, 0.00025453762287186416, 0.0002500605006570645, 0.0002456239722993315, 0.0002412457279889067, 0.0002368746389663923, 0.0002324670336019929, 0.00022809159122012888, 0.00022389513270838876, 0.00021971106277545162, 0.00021565664432715275, 0.0002116360938735863, 0.0002077587540951865, 0.00020396552484170324, 0.000200206802300334, 0.00019653163006845559, 0.00019291495389812984, 0.00018932122805104403, 0.00018565480363349902, 0.00018204667716351647, 0.00017845582262234716, 0.0001749607422366146, 0.0001716010065139439, 0.00016826705527236123, 0.00016503615833739425, 0.00016185700588122368, 0.00015873260237626245, 0.00015566736571713608, 0.0001526694553264922, 0.00014976880421743586, 0.00014690876117424688, 0.00014409671798884367, 0.00014132046514353535, 0.00013863928415326537, 0.00013606351336274979, 0.00013346966019143, 0.00013090957341416884, 0.00012845157397576277, 0.00012605912642840855, 0.00012366609617619969, 0.00012132572388491605, 0.00011900475005108274, 0.00011671863477931454, 0.0001144791706822667, 0.00011228810087661601, 0.00011012933112664675, 0.00010799918587821062, 0.00010586672595372006, 0.00010375437041137366, 0.00010165729452702428, 9.961754138076135e-05, 9.756355317200077e-05, 9.553619074683708e-05, 9.350173678486211e-05, 9.149482586598662e-05, 8.945124676991576e-05, 8.742139752815235e-05, 8.543730215504473e-05, 8.347112616567249e-05, 8.153919431263011e-05, 7.961669139864705e-05, 7.77367764831453e-05, 7.587790457144805e-05, 7.412345864660458e-05, 7.240542044113039e-05, 7.069235520758793e-05, 6.899336841240282e-05, 6.726347390665613e-05, 6.551122260244562e-05, 6.372384390112395e-05, 6.190959610657638e-05, 6.00670732674751e-05, 5.8230337679780856e-05, 5.638349360166957e-05, 5.4529632641220964e-05, 5.2640154583949995e-05, 5.071798632251627e-05, 4.8776199460357785e-05, 4.68196304034861e-05, 4.4840911701672996e-05, 4.2841981172012316e-05, 4.079849605197407e-05, 3.869540964862593e-05, 3.660811411286829e-05, 3.449337267706277e-05, 3.235391683641675e-05, 3.0200467534957447e-05, 2.7841839849995965e-05, 2.5617848639623407e-05, 2.3357944601701075e-05, 2.102875217619069e-05, 1.8601419782887345e-05, 1.610047350262454e-05, 1.3598622956273198e-05, 1.1064431367564488e-05, 8.476373710629579e-06, 5.746167699110315e-06, 2.9119889608809596e-06, 0.0]",1001,False,1001,0.1483154487751328
90,synthetic_ordering1000,EGB_XGB_GAM_BEST_FIT_BEST_FIT,"[1.0, 1.0, 0.0, 0.0, 0.0, 0.0, 0.0, 0.0, 0.0, 0.0, 0.0, 0.0, 0.0, 0.0, 0.0, 0.0, 0.0, 0.0, 0.0, 0.0, 0.0, 0.0, 0.0, 0.0, 0.0, 0.0, 0.0, 0.0, 0.0, 0.0, 0.0, 0.0, 0.0, 0.0, 0.0, 0.0, 0.0, 0.0, 0.0, 0.0, 0.0, 0.0, 0.0, 0.0, 0.0, 0.0, 0.0, 0.0, 0.0, 0.0, 0.0, 0.0, 0.0, 0.0, 0.0, 0.0, 0.0, 0.0, 0.0, 0.0, 0.0, 0.0, 0.0, 0.0, 0.0, 0.0, 0.0, 0.0, 0.0, 0.0, 0.0, 0.0, 0.0, 0.0, 0.0, 0.0, 0.0, 0.0, 0.0, 0.0, 0.0, 0.0, 0.0, 0.0, 0.0, 0.0, 0.0, 0.0, 0.0, 0.0, 0.0, 0.0, 0.0, 0.0, 0.0, 0.0, 0.0, 0.0, 0.0, 0.0, 0.0, 0.0, 0.0, 0.0, 0.0, 0.0, 0.0, 0.0, 0.0, 0.0, 0.0, 0.0, 0.0, 0.0, 0.0, 0.0, 0.0, 0.0, 0.0, 0.0, 0.0, 0.0, 0.0, 0.0, 0.0, 0.0, 0.0, 0.0, 0.0, 0.0, 0.0, 0.0, 0.0, 0.0, 0.0, 0.0, 0.0, 0.0, 0.0, 0.0, 0.0, 0.0, 0.0, 0.0, 0.0, 0.0, 0.0, 0.0, 0.0, 0.0, 0.0, 0.0, 0.0, 0.0, 0.0, 0.0, 0.0, 0.0, 0.0, 0.0, 0.0, 0.0, 0.0, 0.0, 0.0, 0.0, 0.0, 0.0, 0.0, 0.0, 0.0, 0.0, 0.0, 0.0, 0.0, 0.0, 0.0, 0.0, 0.0, 0.0, 0.0, 0.0, 0.0, 0.0, 0.0, 0.0, 0.0, 0.0, 0.0, 0.0, 0.0, 0.0, 0.0, 0.0, 0.0, 0.0, 0.0, 0.0, 0.0, 0.0, 0.0, 0.0, 0.0, 0.0, 0.0, 0.0, 0.0, 0.0, 0.0, 0.0, 0.0, 0.0, 0.0, 0.0, 0.0, 0.0, 0.0, 0.0, 0.0, 0.0, 0.0, 0.0, 0.0, 0.0, 0.0, 0.0, 0.0, 0.0, 0.0, 0.0, 0.0, 0.0, 0.0, 0.0, 0.0, 0.0, 0.0, 0.0, 0.0, 0.0, 0.0, 0.0, 0.0, 0.0, 0.0, 0.0, 0.0, 0.0, 0.0, 0.0, 0.0, 0.0, 0.0, 0.0, 0.0, 0.0, 0.0, 0.0, 0.0, 0.0, 0.0, 0.0, 0.0, 0.0, 0.0, 0.0, 0.0, 0.0, 0.0, 0.0, 0.0, 0.0, 0.0, 0.0, 0.0, 0.0, 0.0, 0.0, 0.0, 0.0, 0.0, 0.0, 0.0, 0.0, 0.0, 0.0, 0.0, 0.0, 0.0, 0.0, 0.0, 0.0, 0.0, 0.0, 0.0, 0.0, 0.0, 0.0, 0.0, 0.0, 0.0, 0.0, 0.0, 0.0, 0.0, 0.0, 0.0, 0.0, 0.0, 0.0, 0.0, 0.0, 0.0, 0.0, 0.0, 0.0, 0.0, 0.0, 0.0, 0.0, 0.0, 0.0, 0.0, 0.0, 0.0, 0.0, 0.0, 0.0, 0.0, 0.0, 0.0, 0.0, 0.0, 0.0, 0.0, 0.0, 0.0, 0.0, 0.0, 0.0, 0.0, 0.0, 0.0, 0.0, 0.0, 0.0, 0.0, 0.0, 0.0, 0.0, 0.0, 0.0, 0.0, 0.0, 0.0, 0.0, 0.0, 0.0, 0.0, 0.0, 0.0, 0.0, 0.0, 0.0, 0.0, 0.0, 0.0, 0.0, 0.0, 0.0, 0.0, 0.0, 0.0, 0.0, 0.0, 0.0, 0.0, 0.0, 0.0, 0.0, 0.0, 0.0, 0.0, 0.0, 0.0, 0.0, 0.0, 0.0, 0.0, 0.0, 0.0, 0.0, 0.0, 0.0, 0.0, 0.0, 0.0, 0.0, 0.0, 0.0, 0.0, 0.0, 0.0, 0.0, 0.0, 0.0, 0.0, 0.0, 0.0, 0.0, 0.0, 0.0, 0.0, 0.0, 0.0, 0.0, 0.0, 0.0, 0.0, 0.0, 0.0, 0.0, 0.0, 0.0, 0.0, 0.0, 0.0, 0.0, 0.0, 0.0, 0.0, 0.0, 0.0, 0.0, 0.0, 0.0, 0.0, 0.0, 0.0, 0.0, 0.0, 0.0, 0.0, 0.0, 0.0, 0.0, 0.0, 0.0, 0.0, 0.0, 0.0, 0.0, 0.0, 0.0, 0.0, 0.0, 0.0, 0.0, 0.0, 0.0, 0.0, 0.0, 0.0, 0.0, 0.0, 0.0, 0.0, 0.0, 0.0, 0.0, 0.0, 0.0, 0.0, 0.0, 0.0, 0.0, 0.0, 0.0, 0.0, 0.0, 0.0, 0.0, 0.0, 0.0, 0.0, 0.0, 0.0, 0.0, 0.0, 0.0, 0.0, 0.0, 0.0, 0.0, 0.0, 0.0, 0.0, 0.0, 0.0, 0.0, 0.0, 0.0, 0.0, 0.0, 0.0, 0.0, 0.0, 0.0, 0.0, 0.0, 0.0, 0.0, 0.0, 0.0, 0.0, 0.0, 0.0, 0.0, 0.0, 0.0, 0.0, 0.0, 0.0, 0.0, 0.0, 0.0, 0.0, 0.0, 0.0, 0.0, 0.0, 0.0, 0.0, 0.0, 0.0, 0.0, 0.0, 0.0, 0.0, 0.0, 0.0, 0.0, 0.0, 0.0, 0.0, 0.0, 0.0, 0.0, 0.0, 0.0, 0.0, 0.0, 0.0, 0.0, 0.0, 0.0, 0.0, 0.0, 0.0, 0.0, 0.0, 0.0, 0.0, 0.0, 0.0, 0.0, 0.0, 0.0, 0.0, 0.0, 0.0, 0.0, 0.0, 0.0, 0.0, 0.0, 0.0, 0.0, 0.0, 0.0, 0.0, 0.0, 0.0, 0.0, 0.0, 0.0, 0.0, 0.0, 0.0, 0.0, 0.0, 0.0, 0.0, 0.0, 0.0, 0.0, 0.0, 0.0, 0.0, 0.0, 0.0, 0.0, 0.0, 0.0, 0.0, 0.0, 0.0, 0.0, 0.0, 0.0, 0.0, 0.0, 0.0, 0.0, 0.0, 0.0, 0.0, 0.0, 0.0, 0.0, 0.0, 0.0, 0.0, 0.0, 0.0, 0.0, 0.0, 0.0, 0.0, 0.0, 0.0, 0.0, 0.0, 0.0, 0.0, 0.0, 0.0, 0.0, 0.0, 0.0, 0.0, 0.0, 0.0, 0.0, 0.0, 0.0, 0.0, 0.0, 0.0, 0.0, 0.0, 0.0, 0.0, 0.0, 0.0, 0.0, 0.0, 0.0, 0.0, 0.0, 0.0, 0.0, 0.0, 0.0, 0.0, 0.0, 0.0, 0.0, 0.0, 0.0, 0.0, 0.0, 0.0, 0.0, 0.0, 0.0, 0.0, 0.0, 0.0, 0.0, 0.0, 0.0, 0.0, 0.0, 0.0, 0.0, 0.0, 0.0, 0.0, 0.0, 0.0, 0.0, 0.0, 0.0, 0.0, 0.0, 0.0, 0.0, 0.0, 0.0, 0.0, 0.0, 0.0, 0.0, 0.0, 0.0, 0.0, 0.0, 0.0, 0.0, 0.0, 0.0, 0.0, 0.0, 0.0, 0.0, 0.0, 0.0, 0.0, 0.0, 0.0, 0.0, 0.0, 0.0, 0.0, 0.0, 0.0, 0.0, 0.0, 0.0, 0.0, 0.0, 0.0, 0.0, 0.0, 0.0, 0.0, 0.0, 0.0, 0.0, 0.0, 0.0, 0.0, 0.0, 0.0, 0.0, 0.0, 0.0, 0.0, 0.0, 0.0, 0.0, 0.0, 0.0, 0.0, 0.0, 0.0, 0.0, 0.0, 0.0, 0.0, 0.0, 0.0, 0.0, 0.0, 0.0, 0.0, 0.0, 0.0, 0.0, 0.0, 0.0, 0.0, 0.0, 0.0, 0.0, 0.0, 0.0, 0.0, 0.0, 0.0, 0.0, 0.0, 0.0, 0.0, 0.0, 0.0, 0.0, 0.0, 0.0, 0.0, 0.0, 0.0, 0.0, 0.0, 0.0, 0.0, 0.0, 0.0, 0.0, 0.0, 0.0, 0.0, 0.0, 0.0, 0.0, 0.0, 0.0, 0.0, 0.0, 0.0, 0.0, 0.0, 0.0, 0.0, 0.0, 0.0, 0.0, 0.0, 0.0, 0.0, 0.0, 0.0, 0.0, 0.0, 0.0, 0.0, 0.0, 0.0, 0.0, 0.0, 0.0, 0.0, 0.0, 0.0, 0.0, 0.0, 0.0, 0.0, 0.0, 0.0, 0.0, 0.0, 0.0, 0.0, 0.0, 0.0, 0.0, 0.0, 0.0, 0.0, 0.0, 0.0, 0.0, 0.0, 0.0, 0.0, 0.0, 0.0, 0.0, 0.0, 0.0, 0.0, 0.0, 0.0, 0.0, 0.0, 0.0, 0.0, 0.0, 0.0, 0.0, 0.0, 0.0, 0.0, 0.0, 0.0, 0.0, 0.0, 0.0, 0.0, 0.0, 0.0, 0.0, 0.0, 0.0, 0.0, 0.0, 0.0, 0.0, 0.0, 0.0, 0.0, 0.0, 0.0, 0.0, 0.0, 0.0, 0.0, 0.0, 0.0, 0.0, 0.0, 0.0, 0.0, 0.0, 0.0, 0.0, 0.0, 0.0, 0.0, 0.0, 0.0, 0.0, 0.0, 0.0, 0.0, 0.0, 0.0, 0.0, 0.0, 0.0, 0.0, 0.0, 0.0, 0.0, 0.0, 0.0, 0.0, 0.0, 0.0, 0.0, 0.0, 0.0, 0.0, 0.0, 0.0, 0.0, 0.0, 0.0, 0.0, 0.0, 0.0, 0.0, 0.0, 0.0, 0.0, 0.0, 0.0, 0.0, 0.0, 0.0, 0.0, 0.0, 0.0, 0.0, 0.0, 0.0, 0.0, 0.0, 0.0, 0.0, 0.0, 0.0, 0.0, 0.0, 0.0, 0.0, 0.0, 0.0, 0.0, 0.0, 0.0, 0.0, 0.0, 0.0, 0.0, 0.0, 0.0, 0.0, 0.0, 0.0, 0.0, 0.0, 0.0, 0.0, 0.0, 0.0, 0.0, 0.0, 0.0, 0.0, 0.0, 0.0, 0.0, 0.0, 0.0, 0.0, 0.0, 0.0, 0.0]","[0.0, 0.0, 0.0, 0.0, 0.0, 0.0, 0.0, 0.0, 0.0, 0.0, 0.0, 0.0, 0.0, 0.0, 0.0, 0.0, 0.0, 0.0, 0.0, 0.0, 0.0, 0.0, 0.0, 0.0, 0.0, 0.0, 0.0, 0.0, 0.0, 0.0, 0.0, 0.0, 0.0, 0.0, 0.0, 0.0, 0.0, 0.0, 0.0, 0.0, 0.0, 0.0, 0.0, 0.0, 0.0, 0.0, 0.0, 0.0, 0.0, 0.0, 0.0, 0.0, 0.0, 0.0, 0.0, 0.0, 0.0, 0.0, 0.0, 0.0, 0.0, 0.0, 0.0, 0.0, 0.0, 0.0, 0.0, 0.0, 0.0, 0.0, 0.0, 0.0, 0.0, 0.0, 0.0, 0.0, 0.0, 0.0, 0.0, 0.0, 0.0, 0.0, 0.0, 0.0, 0.0, 0.0, 0.0, 0.0, 0.0, 0.0, 0.0, 0.0, 0.0, 0.0, 0.0, 0.0, 0.0, 0.0, 0.0, 0.0, 0.0, 0.0, 0.0, 0.0, 0.0, 0.0, 0.0, 0.0, 0.0, 0.0, 0.0, 0.0, 0.0, 0.0, 0.0, 0.0, 0.0, 0.0, 0.0, 0.0, 0.0, 0.0, 0.0, 0.0, 0.0, 0.0, 0.0, 0.0, 0.0, 0.0, 0.0, 0.0, 0.0, 0.0, 0.0, 0.0, 0.0, 0.0, 0.0, 0.0, 0.0, 0.0, 0.0, 0.0, 0.0, 0.0, 0.0, 0.0, 0.0, 0.0, 0.0, 0.0, 0.0, 0.0, 0.0, 0.0, 0.0, 0.0, 0.0, 0.0, 0.0, 0.0, 0.0, 0.0, 0.0, 0.0, 0.0, 0.0, 0.0, 0.0, 0.0, 0.0, 0.0, 0.0, 0.0, 0.0, 0.0, 0.0, 0.0, 0.0, 0.0, 0.0, 0.0, 0.0, 0.0, 0.0, 0.0, 0.0, 0.0, 0.0, 0.0, 0.0, 0.0, 0.0, 0.0, 0.0, 0.0, 0.0, 0.0, 0.0, 0.0, 0.0, 0.0, 0.0, 0.0, 0.0, 0.0, 0.0, 0.0, 0.0, 0.0, 0.0, 0.0, 0.0, 0.0, 0.0, 0.0, 0.0, 0.0, 0.0, 0.0, 0.0, 0.0, 0.0, 0.0, 0.0, 0.0, 0.0, 0.0, 0.0, 0.0, 0.0, 0.0, 0.0, 0.0, 0.0, 0.0, 0.0, 0.0, 0.0, 0.0, 0.0, 0.0, 0.0, 0.0, 0.0, 0.0, 0.0, 0.0, 0.0, 0.0, 0.0, 0.0, 0.0, 0.0, 0.0, 0.0, 0.0, 0.0, 0.0, 0.0, 0.0, 0.0, 0.0, 0.0, 0.0, 0.0, 0.0, 0.0, 0.0, 0.0, 0.0, 0.0, 0.0, 0.0, 0.0, 0.0, 0.0, 0.0, 0.0, 0.0, 0.0, 0.0, 0.0, 0.0, 0.0, 0.0, 0.0, 0.0, 0.0, 0.0, 0.0, 0.0, 0.0, 0.0, 0.0, 0.0, 0.0, 0.0, 0.0, 0.0, 0.0, 0.0, 0.0, 0.0, 0.0, 0.0, 0.0, 0.0, 0.0, 0.0, 0.0, 0.0, 0.0, 0.0, 0.0, 0.0, 0.0, 0.0, 0.0, 0.0, 0.0, 0.0, 0.0, 0.0, 0.0, 0.0, 0.0, 0.0, 0.0, 0.0, 0.0, 0.0, 0.0, 0.0, 0.0, 0.0, 0.0, 0.0, 0.0, 0.0, 0.0, 0.0, 0.0, 0.0, 0.0, 0.0, 0.0, 0.0, 0.0, 0.0, 0.0, 0.0, 0.0, 0.0, 0.0, 0.0, 0.0, 0.0, 0.0, 0.0, 0.0, 0.0, 0.0, 0.0, 0.0, 0.0, 0.0, 0.0, 0.0, 0.0, 0.0, 0.0, 0.0, 0.0, 0.0, 0.0, 0.0, 0.0, 0.0, 0.0, 0.0, 0.0, 0.0, 0.0, 0.0, 0.0, 0.0, 0.0, 0.0, 0.0, 0.0, 0.0, 0.0, 0.0, 0.0, 0.0, 0.0, 0.0, 0.0, 0.0, 0.0, 0.0, 0.0, 0.0, 0.0, 0.0, 0.0, 0.0, 0.0, 0.0, 0.0, 0.0, 0.0, 0.0, 0.0, 0.0, 0.0, 0.0, 0.0, 0.0, 0.0, 0.0, 0.0, 0.0, 0.0, 0.0, 0.0, 0.0, 0.0, 0.0, 0.0, 0.0, 0.0, 0.0, 0.0, 0.0, 0.0, 0.0, 0.0, 0.0, 0.0, 0.0, 0.0, 0.0, 0.0, 0.0, 0.0, 0.0, 0.0, 0.0, 0.0, 0.0, 0.0, 0.0, 0.0, 0.0, 0.0, 0.0, 0.0, 0.0, 0.0, 0.0, 0.0, 0.0, 0.0, 0.0, 0.0, 0.0, 0.0, 0.0, 0.0, 0.0, 0.0, 0.0, 0.0, 0.0, 0.0, 0.0, 0.0, 0.0, 0.0, 0.0, 0.0, 0.0, 0.0, 0.0, 0.0, 0.0, 0.0, 0.0, 0.0, 0.0, 0.0, 0.0, 0.0, 0.0, 0.0, 0.0, 0.0, 0.0, 0.0, 0.0, 0.0, 0.0, 0.0, 0.0, 0.0, 0.0, 0.0, 0.0, 0.0, 0.0, 0.0, 0.0, 0.0, 0.0, 0.0, 0.0, 0.0, 0.0, 0.0, 0.0, 0.0, 0.0, 0.0, 0.0, 0.0, 0.0, 0.0, 0.0, 0.0, 0.0, 0.0, 0.0, 0.0, 0.0, 0.0, 0.0, 0.0, 0.0, 0.0, 0.0, 0.0, 0.0, 0.0, 0.0, 0.0, 0.0, 0.0, 0.0, 0.0, 0.0, 0.0, 0.0, 0.0, 0.0, 0.0, 0.0, 0.0, 0.0, 0.0, 0.0, 0.0, 0.0, 0.0, 0.0, 0.0, 0.0, 0.0, 0.0, 0.0, 0.0, 0.0, 0.0, 0.0, 0.0, 0.0, 0.0, 0.0, 0.0, 0.0, 0.0, 0.0, 0.0, 0.0, 0.0, 0.0, 0.0, 0.0, 0.0, 0.0, 0.0, 0.0, 0.0, 0.0, 0.0, 0.0, 0.0, 0.0, 0.0, 0.0, 0.0, 0.0, 0.0, 0.0, 0.0, 0.0, 0.0, 0.0, 0.0, 0.0, 0.0, 0.0, 0.0, 0.0, 0.0, 0.0, 0.0, 0.0, 0.0, 0.0, 0.0, 0.0, 0.0, 0.0, 0.0, 0.0, 0.0, 0.0, 0.0, 0.0, 0.0, 0.0, 0.0, 0.0, 0.0, 0.0, 0.0, 0.0, 0.0, 0.0, 0.0, 0.0, 0.0, 0.0, 0.0, 0.0, 0.0, 0.0, 0.0, 0.0, 0.0, 0.0, 0.0, 0.0, 0.0, 0.0, 0.0, 0.0, 0.0, 0.0, 0.0, 0.0, 0.0, 0.0, 0.0, 0.0, 0.0, 0.0, 0.0, 0.0, 0.0, 0.0, 0.0, 0.0, 0.0, 0.0, 0.0, 0.0, 0.0, 0.0, 0.0, 0.0, 0.0, 0.0, 0.0, 0.0, 0.0, 0.0, 0.0, 0.0, 0.0, 0.0, 0.0, 0.0, 0.0, 0.0, 0.0, 0.0, 0.0, 0.0, 0.0, 0.0, 0.0, 0.0, 0.0, 0.0, 0.0, 0.0, 0.0, 0.0, 0.0, 0.0, 0.0, 0.0, 0.0, 0.0, 0.0, 0.0, 0.0, 0.0, 0.0, 0.0, 0.0, 0.0, 0.0, 0.0, 0.0, 0.0, 0.0, 0.0, 0.0, 0.0, 0.0, 0.0, 0.0, 0.0, 0.0, 0.0, 0.0, 0.0, 0.0, 0.0, 0.0, 0.0, 0.0, 0.0, 0.0, 0.0, 0.0, 0.0, 0.0, 0.0, 0.0, 0.0, 0.0, 0.0, 0.0, 0.0, 0.0, 0.0, 0.0, 0.0, 0.0, 0.0, 0.0, 0.0, 0.0, 0.0, 0.0, 0.0, 0.0, 0.0, 0.0, 0.0, 0.0, 0.0, 0.0, 0.0, 0.0, 0.0, 0.0, 0.0, 0.0, 0.0, 0.0, 0.0, 0.0, 0.0, 0.0, 0.0, 0.0, 0.0, 0.0, 0.0, 0.0, 0.0, 0.0, 0.0, 0.0, 0.0, 0.0, 0.0, 0.0, 0.0, 0.0, 0.0, 0.0, 0.0, 0.0, 0.0, 0.0, 0.0, 0.0, 0.0, 0.0, 0.0, 0.0, 0.0, 0.0, 0.0, 0.0, 0.0, 0.0, 0.0, 0.0, 0.0, 0.0, 0.0, 0.0, 0.0, 0.0, 0.0, 0.0, 0.0, 0.0, 0.0, 0.0, 0.0, 0.0, 0.0, 0.0, 0.0, 0.0, 0.0, 0.0, 0.0, 0.0, 0.0, 0.0, 0.0, 0.0, 0.0, 0.0, 0.0, 0.0, 0.0, 0.0, 0.0, 0.0, 0.0, 0.0, 0.0, 0.0, 0.0, 0.0, 0.0, 0.0, 0.0, 0.0, 0.0, 0.0, 0.0, 0.0, 0.0, 0.0, 0.0, 0.0, 0.0, 0.0, 0.0, 0.0, 0.0, 0.0, 0.0, 0.0, 0.0, 0.0, 0.0, 0.0, 0.0, 0.0, 0.0, 0.0, 0.0, 0.0, 0.0, 0.0, 0.0, 0.0, 0.0, 0.0, 0.0, 0.0, 0.0, 0.0, 0.0, 0.0, 0.0, 0.0, 0.0, 0.0, 0.0, 0.0, 0.0, 0.0, 0.0, 0.0, 0.0, 0.0, 0.0, 0.0, 0.0, 0.0, 0.0, 0.0, 0.0, 0.0, 0.0, 0.0, 0.0, 0.0, 0.0, 0.0, 0.0, 0.0, 0.0, 0.0, 0.0, 0.0, 0.0, 0.0, 0.0, 0.0, 0.0, 0.0, 0.0, 0.0, 0.0, 0.0, 0.0, 0.0, 0.0, 0.0, 0.0, 0.0, 0.0, 0.0, 0.0, 0.0, 0.0, 0.0, 0.0, 0.0, 0.0, 0.0, 0.0, 0.0, 0.0, 0.0, 0.0, 0.0, 0.0, 0.0, 0.0, 0.0, 0.0, 0.0, 0.0, 0.0, 0.0, 0.0, 0.0, 0.0, 0.0, 0.0, 0.0, 0.0, 0.0, 0.0, 0.0, 0.0, 0.0, 0.0, 0.0, 0.0, 0.0, 0.0, 0.0, 0.0]",1001,False,1001,0.0015
91,synthetic_ordering1000,EGB_XGB_GAM_CYCLIC_CYCLIC,"[nan, nan, nan, nan, nan, nan, nan, nan, nan, nan, nan, nan, nan, nan, nan, nan, nan, nan, nan, nan, nan, nan, nan, nan, nan, nan, nan, nan, nan, nan, nan, nan, nan, nan, nan, nan, nan, nan, nan, nan, nan, nan, nan, nan, nan, nan, nan, nan, nan, nan, nan, nan, nan, nan, nan, nan, nan, nan, nan, nan, nan, nan, nan, nan, nan, nan, nan, nan, nan, nan, nan, nan, nan, nan, nan, nan, nan, nan, nan, nan, nan, nan, nan, nan, nan, nan, nan, nan, nan, nan, nan, nan, nan, nan, nan, nan, nan, nan, nan, nan, nan, nan, nan, nan, nan, nan, nan, nan, nan, nan, nan, nan, nan, nan, nan, nan, nan, nan, nan, nan, nan, nan, nan, nan, nan, nan, nan, nan, nan, nan, nan, nan, nan, nan, nan, nan, nan, nan, nan, nan, nan, nan, nan, nan, nan, nan, nan, nan, nan, nan, nan, nan, nan, nan, nan, nan, nan, nan, nan, nan, nan, nan, nan, nan, nan, nan, nan, nan, nan, nan, nan, nan, nan, nan, nan, nan, nan, nan, nan, nan, nan, nan, nan, nan, nan, nan, nan, nan, nan, nan, nan, nan, nan, nan, nan, nan, nan, nan, nan, nan, nan, nan, nan, nan, nan, nan, nan, nan, nan, nan, nan, nan, nan, nan, nan, nan, nan, nan, nan, nan, nan, nan, nan, nan, nan, nan, nan, nan, nan, nan, nan, nan, nan, nan, nan, nan, nan, nan, nan, nan, nan, nan, nan, nan, nan, nan, nan, nan, nan, nan, nan, nan, nan, nan, nan, nan, nan, nan, nan, nan, nan, nan, nan, nan, nan, nan, nan, nan, nan, nan, nan, nan, nan, nan, nan, nan, nan, nan, nan, nan, nan, nan, nan, nan, nan, nan, nan, nan, nan, nan, nan, nan, nan, nan, nan, nan, nan, nan, nan, nan, nan, nan, nan, nan, nan, nan, nan, nan, nan, nan, nan, nan, nan, nan, nan, nan, nan, nan, nan, nan, nan, nan, nan, nan, nan, nan, nan, nan, nan, nan, nan, nan, nan, nan, nan, nan, nan, nan, nan, nan, nan, nan, nan, nan, nan, nan, nan, nan, nan, nan, nan, nan, nan, nan, nan, nan, nan, nan, nan, nan, nan, nan, nan, nan, nan, nan, nan, nan, nan, nan, nan, nan, nan, nan, nan, nan, nan, nan, nan, nan, nan, nan, nan, nan, nan, nan, nan, nan, nan, nan, nan, nan, nan, nan, nan, nan, nan, nan, nan, nan, nan, nan, nan, nan, nan, nan, nan, nan, nan, nan, nan, nan, nan, nan, nan, nan, nan, nan, nan, nan, nan, nan, nan, nan, nan, nan, nan, nan, nan, nan, nan, nan, nan, nan, nan, nan, nan, nan, nan, nan, nan, nan, nan, nan, nan, nan, nan, nan, nan, nan, nan, nan, nan, nan, nan, nan, nan, nan, nan, nan, nan, nan, nan, nan, nan, nan, nan, nan, nan, nan, nan, nan, nan, nan, nan, nan, nan, nan, nan, nan, nan, nan, nan, nan, nan, nan, nan, nan, nan, nan, nan, nan, nan, nan, nan, nan, nan, nan, nan, nan, nan, nan, nan, nan, nan, nan, nan, nan, nan, nan, nan, nan, nan, nan, nan, nan, nan, nan, nan, nan, nan, nan, nan, nan, nan, nan, nan, nan, nan, nan, nan, nan, nan, nan, nan, nan, nan, nan, nan, nan, nan, nan, nan, nan, nan, nan, nan, nan, nan, nan, nan, nan, nan, nan, nan, nan, nan, nan, nan, nan, nan, nan, nan, nan, nan, nan, nan, nan, nan, nan, nan, nan, nan, nan, nan, nan, nan, nan, nan, nan, nan, nan, nan, nan, nan, nan, nan, nan, nan, nan, nan, nan, nan, nan, nan, nan, nan, nan, nan, nan, nan, nan, nan, nan, nan, nan, nan, nan, nan, nan, nan, nan, nan, nan, nan, nan, nan, nan, nan, nan, nan, nan, nan, nan, nan, nan, nan, nan, nan, nan, nan, nan, nan, nan, nan, nan, nan, nan, nan, nan, nan, nan, nan, nan, nan, nan, nan, nan, nan, nan, nan, nan, nan, nan, nan, nan, nan, nan, nan, nan, nan, nan, nan, nan, nan, nan, nan, nan, nan, nan, nan, nan, nan, nan, nan, nan, nan, nan, nan, nan, nan, nan, nan, nan, nan, nan, nan, nan, nan, nan, nan, nan, nan, nan, nan, nan, nan, nan, nan, nan, nan, nan, nan, nan, nan, nan, nan, nan, nan, nan, nan, nan, nan, nan, nan, nan, nan, nan, nan, nan, nan, nan, nan, nan, nan, nan, nan, nan, nan, nan, nan, nan, nan, nan, nan, nan, nan, nan, nan, nan, nan, nan, nan, nan, nan, nan, nan, nan, nan, nan, nan, nan, nan, nan, nan, nan, nan, nan, nan, nan, nan, nan, nan, nan, nan, nan, nan, nan, nan, nan, nan, nan, nan, nan, nan, nan, nan, nan, nan, nan, nan, nan, nan, nan, nan, nan, nan, nan, nan, nan, nan, nan, nan, nan, nan, nan, nan, nan, nan, nan, nan, nan, nan, nan, nan, nan, nan, nan, nan, nan, nan, nan, nan, nan, nan, nan, nan, nan, nan, nan, nan, nan, nan, nan, nan, nan, nan, nan, nan, nan, nan, nan, nan, nan, nan, nan, nan, nan, nan, nan, nan, nan, nan, nan, nan, nan, nan, nan, nan, nan, nan, nan, nan, nan, nan, nan, nan, nan, nan, nan, nan, nan, nan, nan, nan, nan, nan, nan, nan, nan, nan, nan, nan, nan, nan, nan, nan, nan, nan, nan, nan, nan, nan, nan, nan, nan, nan, nan, nan, nan, nan, nan, nan, nan, nan, nan, nan, nan, nan, nan, nan, nan, nan, nan, nan, nan, nan, nan, nan, nan, nan, nan, nan, nan, nan, nan, nan, nan, nan, nan, nan, nan, nan, nan, nan, nan, nan, nan, nan, nan, nan, nan, nan, nan, nan, nan, nan, nan, nan, nan, nan, nan, nan, nan, nan, nan, nan, nan, nan, nan, nan, nan, nan, nan, nan, nan, nan, nan, nan, nan, nan, nan, nan, nan, nan, nan, nan, nan, nan, nan, nan, nan, nan, nan, nan, nan, nan, nan, nan, nan, nan, nan, nan, nan, nan, nan, nan, nan, nan, nan, nan, nan, nan, nan, nan, nan, nan, nan, nan, nan, nan]","[nan, nan, nan, nan, nan, nan, nan, nan, nan, nan, nan, nan, nan, nan, nan, nan, nan, nan, nan, nan, nan, nan, nan, nan, nan, nan, nan, nan, nan, nan, nan, nan, nan, nan, nan, nan, nan, nan, nan, nan, nan, nan, nan, nan, nan, nan, nan, nan, nan, nan, nan, nan, nan, nan, nan, nan, nan, nan, nan, nan, nan, nan, nan, nan, nan, nan, nan, nan, nan, nan, nan, nan, nan, nan, nan, nan, nan, nan, nan, nan, nan, nan, nan, nan, nan, nan, nan, nan, nan, nan, nan, nan, nan, nan, nan, nan, nan, nan, nan, nan, nan, nan, nan, nan, nan, nan, nan, nan, nan, nan, nan, nan, nan, nan, nan, nan, nan, nan, nan, nan, nan, nan, nan, nan, nan, nan, nan, nan, nan, nan, nan, nan, nan, nan, nan, nan, nan, nan, nan, nan, nan, nan, nan, nan, nan, nan, nan, nan, nan, nan, nan, nan, nan, nan, nan, nan, nan, nan, nan, nan, nan, nan, nan, nan, nan, nan, nan, nan, nan, nan, nan, nan, nan, nan, nan, nan, nan, nan, nan, nan, nan, nan, nan, nan, nan, nan, nan, nan, nan, nan, nan, nan, nan, nan, nan, nan, nan, nan, nan, nan, nan, nan, nan, nan, nan, nan, nan, nan, nan, nan, nan, nan, nan, nan, nan, nan, nan, nan, nan, nan, nan, nan, nan, nan, nan, nan, nan, nan, nan, nan, nan, nan, nan, nan, nan, nan, nan, nan, nan, nan, nan, nan, nan, nan, nan, nan, nan, nan, nan, nan, nan, nan, nan, nan, nan, nan, nan, nan, nan, nan, nan, nan, nan, nan, nan, nan, nan, nan, nan, nan, nan, nan, nan, nan, nan, nan, nan, nan, nan, nan, nan, nan, nan, nan, nan, nan, nan, nan, nan, nan, nan, nan, nan, nan, nan, nan, nan, nan, nan, nan, nan, nan, nan, nan, nan, nan, nan, nan, nan, nan, nan, nan, nan, nan, nan, nan, nan, nan, nan, nan, nan, nan, nan, nan, nan, nan, nan, nan, nan, nan, nan, nan, nan, nan, nan, nan, nan, nan, nan, nan, nan, nan, nan, nan, nan, nan, nan, nan, nan, nan, nan, nan, nan, nan, nan, nan, nan, nan, nan, nan, nan, nan, nan, nan, nan, nan, nan, nan, nan, nan, nan, nan, nan, nan, nan, nan, nan, nan, nan, nan, nan, nan, nan, nan, nan, nan, nan, nan, nan, nan, nan, nan, nan, nan, nan, nan, nan, nan, nan, nan, nan, nan, nan, nan, nan, nan, nan, nan, nan, nan, nan, nan, nan, nan, nan, nan, nan, nan, nan, nan, nan, nan, nan, nan, nan, nan, nan, nan, nan, nan, nan, nan, nan, nan, nan, nan, nan, nan, nan, nan, nan, nan, nan, nan, nan, nan, nan, nan, nan, nan, nan, nan, nan, nan, nan, nan, nan, nan, nan, nan, nan, nan, nan, nan, nan, nan, nan, nan, nan, nan, nan, nan, nan, nan, nan, nan, nan, nan, nan, nan, nan, nan, nan, nan, nan, nan, nan, nan, nan, nan, nan, nan, nan, nan, nan, nan, nan, nan, nan, nan, nan, nan, nan, nan, nan, nan, nan, nan, nan, nan, nan, nan, nan, nan, nan, nan, nan, nan, nan, nan, nan, nan, nan, nan, nan, nan, nan, nan, nan, nan, nan, nan, nan, nan, nan, nan, nan, nan, nan, nan, nan, nan, nan, nan, nan, nan, nan, nan, nan, nan, nan, nan, nan, nan, nan, nan, nan, nan, nan, nan, nan, nan, nan, nan, nan, nan, nan, nan, nan, nan, nan, nan, nan, nan, nan, nan, nan, nan, nan, nan, nan, nan, nan, nan, nan, nan, nan, nan, nan, nan, nan, nan, nan, nan, nan, nan, nan, nan, nan, nan, nan, nan, nan, nan, nan, nan, nan, nan, nan, nan, nan, nan, nan, nan, nan, nan, nan, nan, nan, nan, nan, nan, nan, nan, nan, nan, nan, nan, nan, nan, nan, nan, nan, nan, nan, nan, nan, nan, nan, nan, nan, nan, nan, nan, nan, nan, nan, nan, nan, nan, nan, nan, nan, nan, nan, nan, nan, nan, nan, nan, nan, nan, nan, nan, nan, nan, nan, nan, nan, nan, nan, nan, nan, nan, nan, nan, nan, nan, nan, nan, nan, nan, nan, nan, nan, nan, nan, nan, nan, nan, nan, nan, nan, nan, nan, nan, nan, nan, nan, nan, nan, nan, nan, nan, nan, nan, nan, nan, nan, nan, nan, nan, nan, nan, nan, nan, nan, nan, nan, nan, nan, nan, nan, nan, nan, nan, nan, nan, nan, nan, nan, nan, nan, nan, nan, nan, nan, nan, nan, nan, nan, nan, nan, nan, nan, nan, nan, nan, nan, nan, nan, nan, nan, nan, nan, nan, nan, nan, nan, nan, nan, nan, nan, nan, nan, nan, nan, nan, nan, nan, nan, nan, nan, nan, nan, nan, nan, nan, nan, nan, nan, nan, nan, nan, nan, nan, nan, nan, nan, nan, nan, nan, nan, nan, nan, nan, nan, nan, nan, nan, nan, nan, nan, nan, nan, nan, nan, nan, nan, nan, nan, nan, nan, nan, nan, nan, nan, nan, nan, nan, nan, nan, nan, nan, nan, nan, nan, nan, nan, nan, nan, nan, nan, nan, nan, nan, nan, nan, nan, nan, nan, nan, nan, nan, nan, nan, nan, nan, nan, nan, nan, nan, nan, nan, nan, nan, nan, nan, nan, nan, nan, nan, nan, nan, nan, nan, nan, nan, nan, nan, nan, nan, nan, nan, nan, nan, nan, nan, nan, nan, nan, nan, nan, nan, nan, nan, nan, nan, nan, nan, nan, nan, nan, nan, nan, nan, nan, nan, nan, nan, nan, nan, nan, nan, nan, nan, nan, nan, nan, nan, nan, nan, nan, nan, nan, nan, nan, nan, nan, nan, nan, nan, nan, nan, nan, nan, nan, nan, nan, nan, nan, nan, nan, nan, nan, nan, nan, nan, nan, nan, nan, nan, nan, nan, nan, nan, nan, nan, nan, nan, nan, nan, nan, nan, nan, nan, nan, nan, nan, nan, nan, nan, nan, nan, nan, nan, nan, nan, nan, nan, nan, nan, nan, nan, nan, nan, nan, nan, nan, nan, nan, nan, nan, nan, nan, nan, nan, nan, nan, nan, nan, nan, nan, nan, nan, nan, nan, nan, nan, nan, nan]",1001,False,1001,
92,synthetic_ordering1000,EGB_XGB_GAM_CYCLIC_RANDOM_CYCLIC_RANDOM,"[1.0, 0.9988747513898989, 0.9976147659863649, 0.9963610832586143, 0.9951096120806253, 0.9938695013145861, 0.9926371923029814, 0.991411754130174, 0.9901931036253077, 0.9889784791227939, 0.9877653522162746, 0.9865574706781279, 0.985354954413492, 0.9841564457190607, 0.9829613305580238, 0.9817685285119353, 0.9805790343571132, 0.97939167878815, 0.978205457761794, 0.9770204244203968, 0.9758364388829655, 0.9746533617313766, 0.973471890711268, 0.9722917159271283, 0.9711126547168185, 0.9699356152586027, 0.9687600793130662, 0.9675856377362175, 0.9664125442617444, 0.9652412901957973, 0.9640711924186304, 0.962905223446147, 0.9617423297269856, 0.9605805427391989, 0.9594207808780932, 0.958262605741173, 0.9571055311821155, 0.9559489915367223, 0.9547931972146516, 0.9536383816743242, 0.9524844154449005, 0.9513319572989364, 0.9501809135628237, 0.9490305331020522, 0.9478811617075962, 0.9467322818185553, 0.9455852794508214, 0.944439251020297, 0.9432937488265866, 0.9421929022527694, 0.941048821251145, 0.9399058125476054, 0.9387635161124213, 0.9376228172839258, 0.9364824719339081, 0.9353429081580409, 0.9342044301047625, 0.9330661376533207, 0.9319283726760643, 0.9307912495353904, 0.9296550717446894, 0.9285197723954906, 0.9273852994543347, 0.92625167991798, 0.9251183054484529, 0.9240270986696482, 0.9228947929957807, 0.9217630983286543, 0.9206320202271435, 0.9195013847923384, 0.9183714115434917, 0.9172428243692758, 0.9161146426486662, 0.9149870107239735, 0.913859859468241, 0.9127330964721689, 0.9116070163417298, 0.9104812597670158, 0.9093561011907975, 0.9082312879251985, 0.9071449819277582, 0.9060212576481239, 0.9048979573008934, 0.90377489342895, 0.9026522213847674, 0.9015303167415446, 0.9004091542351327, 0.8992884154670107, 0.8981682618176944, 0.89704854140611, 0.8959289588233184, 0.8948501111547559, 0.8937312792918283, 0.8926126758142718, 0.8914953212586502, 0.8903784958351174, 0.889262601317574, 0.8881469217647483, 0.8870318602719693, 0.8859172306610642, 0.8848030644319376, 0.8836897888346705, 0.8825767131785582, 0.8814638996609652, 0.8803514020512792, 0.8792393945425054, 0.8781275990518538, 0.8770161587409382, 0.8759051090591022, 0.8747945930345289, 0.8736846174861264, 0.8725750691192988, 0.8714657524402927, 0.8703570002125506, 0.8692488456162165, 0.8681409199445703, 0.8670693960370699, 0.8659623012049753, 0.8648556812597334, 0.863749540901714, 0.8626437773482009, 0.8615384857306614, 0.8604334801047273, 0.8593286591800083, 0.8582241855387398, 0.8571203278502735, 0.8560167869452506, 0.8549134930017223, 0.8538107596557989, 0.8527084291622286, 0.8516062507256497, 0.8505043767163482, 0.8494028062352001, 0.8483016552663927, 0.8472012237516596, 0.8461012070475554, 0.8450014508391499, 0.8439021180722023, 0.8428032033578227, 0.8417049041338999, 0.8406067992045324, 0.8395091069319289, 0.838411836389804, 0.8373148923125517, 0.8362181510900687, 0.8351217999196292, 0.8340256305931948, 0.8329299943596927, 0.8318349046104885, 0.8307399462674091, 0.8296452206795679, 0.8285506737406243, 0.8274565165689023, 0.8263627112746047, 0.8252692259612608, 0.8241758698144048, 0.8230826910116976, 0.8219897791746215, 0.8208971523779123, 0.8198050046529506, 0.8187131576295295, 0.8176214922876527, 0.8165305154001242, 0.8154398529940382, 0.8143494204004703, 0.8132593152600649, 0.8121694997304629, 0.8110798433780925, 0.8099903638475077, 0.8089009918934069, 0.8078118587483699, 0.8067231287398722, 0.8056347279570149, 0.8045465188991171, 0.8034586557840422, 0.8023710016099015, 0.8012835786206353, 0.8001967347194503, 0.7991101130668004, 0.7980238817951044, 0.7969377228468905, 0.7958518318312371, 0.7947662691396805, 0.7936809401386982, 0.7925958422587758, 0.791511110809824, 0.7904268276529196, 0.7893427177761263, 0.7882588682144882, 0.7871753126997799, 0.7860919881686216, 0.7850087836639101, 0.7839258796695464, 0.7828431828722239, 0.7817609413148205, 0.7806789771551269, 0.7795972317874865, 0.7785156206310995, 0.7774342766589476, 0.7763534623344399, 0.7752728754412294, 0.774192697570349, 0.7731127031223826, 0.772032906125254, 0.7709534315192091, 0.7698742209055143, 0.7687953113229035, 0.7677166534222429, 0.7666381207794541, 0.7655597970250663, 0.7644818333239847, 0.7634042565080904, 0.7623271384344085, 0.7612501745058694, 0.7601738037153734, 0.7590976248489881, 0.7580215626098028, 0.7569460125551736, 0.7558709834245091, 0.7547962018325859, 0.7537217804954641, 0.7526477809861802, 0.7515740588426633, 0.7505008626880375, 0.7494279773951876, 0.7483552350969717, 0.7472830014310891, 0.746210827030772, 0.7451388436061422, 0.7440672401466416, 0.7429959162287542, 0.7419248095654307, 0.7408539610677716, 0.7397832772625855, 0.7387129103989551, 0.7376426600588688, 0.7365726017675804, 0.7355027010663683, 0.73443300416585, 0.7333636436304267, 0.7322945189134458, 0.7312258038396814, 0.7301574252725698, 0.7290891242440247, 0.728021139185753, 0.7269533189208055, 0.725885732556923, 0.7248183893771472, 0.7237517566113933, 0.7226853955957524, 0.7216194142356193, 0.720553639560058, 0.7194881061962262, 0.7184227975861631, 0.7173576732326288, 0.716292939631449, 0.7152285220694939, 0.7141645571048254, 0.7131007479647271, 0.7120371937988199, 0.7109737187587795, 0.7099104184560538, 0.7088472857680909, 0.7077844076842134, 0.7067219009545571, 0.7056597401292356, 0.7045977468787084, 0.7035360581531362, 0.7024746670694441, 0.7014136513228915, 0.7003529183612783, 0.6992926166776207, 0.6982324454467922, 0.6971725852938702, 0.6961128848488405, 0.6950537222202243, 0.6939948871596692, 0.6929363338081057, 0.6918779518708933, 0.6908197294696865, 0.6897617280461386, 0.6887039102314738, 0.687646414666841, 0.6865891526258264, 0.6855320106863853, 0.6844753779323869, 0.6834191093706407, 0.6823631207119207, 0.681307405057119, 0.6802520297957787, 0.6791972086259574, 0.6781427416408261, 0.6770885359644234, 0.6760344597560176, 0.6749807587479195, 0.6739272525552057, 0.6728742460669801, 0.671821651550042, 0.6707694407695552, 0.6697173727579029, 0.6686654988081293, 0.667614045645237, 0.6665627713297336, 0.6655121508343905, 0.664461742507943, 0.6634114789483293, 0.6623614275755786, 0.6613117285318513, 0.6602623267953105, 0.6592133476979599, 0.6581645343748365, 0.6571160527989439, 0.6560676634806493, 0.6550193365230517, 0.6539712000004718, 0.652923156088874, 0.6518753110443317, 0.6508278210079979, 0.649780503200755, 0.648733406636131, 0.6476865032125584, 0.6466396917277052, 0.645593261095622, 0.6445471243374693, 0.6435011424530434, 0.6424554038281208, 0.641409863689258, 0.6403645520188572, 0.6393193807783212, 0.6382743752703101, 0.6372297043706627, 0.6361853484120579, 0.6351412177878251, 0.6340974261351668, 0.633053841665592, 0.6320104610691785, 0.6309672398790994, 0.6299241175178962, 0.6288811370373915, 0.6278384327132264, 0.6267961171574432, 0.6257540227141083, 0.6247120066773597, 0.623670211884184, 0.6226286580989862, 0.6215873078063401, 0.6205462017129866, 0.6195054310319749, 0.6184648659467528, 0.6174245277425301, 0.6163843187262972, 0.61534450627323, 0.614304906129499, 0.6132654623949232, 0.6122264134063748, 0.6111875641399478, 0.6101489199522068, 0.6091104948126702, 0.6080723723982018, 0.6070344937463806, 0.6059968263826656, 0.6049594961314002, 0.6039227112936029, 0.6028862132202029, 0.6018499513595739, 0.6008139126932247, 0.5997780675773975, 0.598742342171515, 0.5977068835837279, 0.5966717820942797, 0.5956368520650676, 0.5946021916921014, 0.5935677119047009, 0.5925333511093198, 0.5914991154551952, 0.5904650611588126, 0.5894311441697514, 0.5883974014571317, 0.5873637992519724, 0.5863305103815863, 0.5852974835265337, 0.5842647269328884, 0.5832320904528137, 0.5822000112137884, 0.5811679826218457, 0.5801362647895696, 0.5791046623399665, 0.5780732492280384, 0.5770420262162661, 0.5760110233367575, 0.574980271803048, 0.5739500809060466, 0.5729201287943508, 0.5718903754702195, 0.5708608602145754, 0.5698314535337294, 0.5688022218231552, 0.5677731401513701, 0.5667443581910386, 0.5657157512685117, 0.5646875117740902, 0.5636595524960001, 0.56263178783973, 0.5616044312118416, 0.5605773223273778, 0.5595504816775938, 0.5585238858303481, 0.5574974348915595, 0.5564711280797846, 0.5554448600527244, 0.5544188174529745, 0.5533933045759072, 0.5523679593999314, 0.5513426556868689, 0.5503175705289298, 0.5492928521167706, 0.5482682641459956, 0.5472440069959581, 0.5462199859124888, 0.5451961607142428, 0.5441724629114932, 0.5431488874635468, 0.54212568985633, 0.5411026275826639, 0.5400797516494491, 0.5390570817977938, 0.5380346944587506, 0.537012542447902, 0.5359906351412765, 0.5349688494378, 0.5339472094351614, 0.5329257233804763, 0.5319045992725371, 0.530883631971528, 0.5298627022184756, 0.5288420162552416, 0.5278216202605244, 0.5268015620906067, 0.5257817611612235, 0.5247620835259499, 0.5237426484340001, 0.522723311430675, 0.5217042501783778, 0.5206854387082547, 0.5196668821038462, 0.5186485371143172, 0.5176304623165288, 0.5166126557831363, 0.5155950393219406, 0.5145775376902749, 0.5135603078531186, 0.5125432254905954, 0.5115263311378759, 0.5105096351244167, 0.5094932844567093, 0.5084772270560527, 0.5074614375998611, 0.5064457357563501, 0.5054301672240615, 0.5044148396288255, 0.5033997011221961, 0.502384672110229, 0.5013698247586292, 0.50035511764819, 0.49934062771683935, 0.4983264258820654, 0.4973125846948377, 0.4962990802395527, 0.49528572020171574, 0.4942724943226545, 0.4932595398440478, 0.4922468591715131, 0.4912343855488189, 0.4902220707454223, 0.48920992038998873, 0.48819803450896737, 0.4871862837735922, 0.48617472679809304, 0.4851634028315832, 0.4841521499558567, 0.48314103383226953, 0.48213006776923695, 0.4811192905096089, 0.4801086764114599, 0.47909835737576667, 0.4780883589707437, 0.47707850433681054, 0.4760688568408904, 0.4750595614348649, 0.47405044117032835, 0.47304143063631815, 0.47203283619015474, 0.47102435747256194, 0.47001610372752756, 0.4690080268351345, 0.4680001180297822, 0.4669924918191953, 0.4659852409375865, 0.4649782088810869, 0.4639712957180532, 0.46296456843102857, 0.46195802817064724, 0.46095167728225794, 0.45994547664663676, 0.45893960317974675, 0.4579339538993953, 0.4569286161523357, 0.4559234310910675, 0.45491849881664026, 0.45391372079347364, 0.45290905441281637, 0.4519046130464063, 0.45090032013422743, 0.44989624922343835, 0.4488923855422048, 0.44788875731553734, 0.4468852390942094, 0.44588181430713025, 0.4448785126461218, 0.44387526126012355, 0.4428721516660842, 0.4418692869106907, 0.44086652700491086, 0.4398639439078478, 0.4388618083258541, 0.43785997491290624, 0.4368583909040849, 0.43585722923118747, 0.4348561450201805, 0.4338551492204824, 0.43285437939266797, 0.4318539724781124, 0.4308537255540136, 0.42985362338660077, 0.42885362363587165, 0.42785372634154684, 0.4268540190795244, 0.425854558274231, 0.42485532639912355, 0.4238563266699312, 0.42285756462040086, 0.42185933494549166, 0.4208612754249234, 0.41986351001724387, 0.4188659009642885, 0.4178685185143296, 0.41687127112950606, 0.4158741480303094, 0.41487709899604724, 0.4138802497697392, 0.412883701213208, 0.41188740336541835, 0.4108912899793206, 0.4098953135181655, 0.40889942966954107, 0.40790389082217987, 0.40690849106110816, 0.40591341986104973, 0.40491844474788763, 0.403923739801569, 0.40292920218933387, 0.401934808846584, 0.4009406975050715, 0.3999467596373553, 0.39895305413518817, 0.39795953667932527, 0.39696622842437407, 0.3959730922430135, 0.3949800787789635, 0.39398722834413474, 0.39299457616420347, 0.39200206856723263, 0.3910097681790686, 0.3900176759557159, 0.38902573012219677, 0.3880338612037225, 0.38704220016935464, 0.386050744811176, 0.3850594570515681, 0.38406823642408844, 0.3830771774978976, 0.3820863126730399, 0.3810957382755802, 0.38010532309955464, 0.37911509042229274, 0.3781249997131993, 0.37713514317787156, 0.3761454095868461, 0.37515589981299463, 0.3741665887036872, 0.3731773944194477, 0.37218841648115647, 0.37119965559169427, 0.3702110516892361, 0.3692225526663702, 0.3682341999683377, 0.3672459849317315, 0.36625793822888, 0.3652701186328622, 0.3642824871880822, 0.36329522537106296, 0.362308195852549, 0.3613216184125919, 0.36033514866853245, 0.3593489784917314, 0.3583630007864674, 0.3573772043369063, 0.35639179821160355, 0.3554065121821518, 0.3544214269655396, 0.35343654741476005, 0.3524517899386873, 0.3514672887208722, 0.35048317380989397, 0.34949914383906433, 0.34851535071089407, 0.3475316608307083, 0.3465482247773514, 0.3455649321972675, 0.34458171806888627, 0.3435987789936305, 0.3426160137664061, 0.34163343564565785, 0.3406510241855615, 0.33966886130214813, 0.33868702794865824, 0.33770530163271906, 0.3367237864670457, 0.33574247785574984, 0.3347613794147974, 0.33378039368053486, 0.33279958616243666, 0.331819100041424, 0.33083868155351326, 0.329858433075701, 0.32887835245240243, 0.3278983807199237, 0.32691862943680317, 0.32593922179779666, 0.32495998544524857, 0.3239809649286528, 0.323002166380968, 0.3220236659829331, 0.3210455038741354, 0.32006749657166844, 0.3190898867651809, 0.3181124890258457, 0.317135174091102, 0.3161579463369316, 0.31518087735254774, 0.3142039190863713, 0.313227134666429, 0.31225041919469565, 0.31127395705694283, 0.3102976664110052, 0.30932152832192295, 0.3083455299577942, 0.30736966768619556, 0.30639402996182363, 0.30541864007741154, 0.30444344438269244, 0.30346860274134335, 0.3024940164218683, 0.30151962530488857, 0.3005453790199075, 0.29957128416080825, 0.29859744672693367, 0.2976239003371696, 0.29665071575371915, 0.29567769741412636, 0.2947049170290891, 0.2937323387346675, 0.2927599623439546, 0.291787672850055, 0.2908155655318573, 0.28984377032434583, 0.288872214177365, 0.2879008528255147, 0.28692962626456003, 0.2859585496367655, 0.28498758266008384, 0.28401683184674453, 0.28304620188199553, 0.2820759516942702, 0.2811060157531807, 0.2801362592285571, 0.2791667078796796, 0.27819751385057445, 0.27722852246440904, 0.27625966798266094, 0.2752910277912478, 0.27432276605871253, 0.27335468589790246, 0.2723868862796826, 0.2714194288648354, 0.27045225998644123, 0.26948537975276315, 0.2685188488044029, 0.2675525418000817, 0.26658654748608995, 0.2656207192724688, 0.2646552419080125, 0.26368988003395166, 0.26272461859584856, 0.2617597542710391, 0.260795120375608, 0.25983078645884, 0.258866574379348, 0.2579026211309448, 0.25693882147086067, 0.2559753124795104, 0.25501213097896624, 0.2540492227265, 0.25308653383670443, 0.25212409033554783, 0.2511620320218379, 0.25020010680278215, 0.2492385481622478, 0.24827719934049916, 0.2473159887505389, 0.24635496000239368, 0.24539424245019062, 0.2444337544223157, 0.24347349876525684, 0.2425135871851963, 0.24155393724030505, 0.24059455092696722, 0.23963540972993003, 0.2386765677330107, 0.23771784661850903, 0.23675939847535368, 0.23580119968616214, 0.23484348870564373, 0.23388601960918382, 0.23292875136569724, 0.23197189076462074, 0.23101527821439527, 0.2300590779046864, 0.22910301607468136, 0.22814725551623255, 0.22719174018263874, 0.22623639769930035, 0.22528156499253602, 0.22432745872940657, 0.2233735762030508, 0.22242000927729766, 0.2214667432424393, 0.22051381090902383, 0.21956108940714486, 0.21860865553741693, 0.21765632965002016, 0.21670428286176419, 0.21575243928275523, 0.21480077490248303, 0.2138494545681607, 0.21289826126600894, 0.2119474585572783, 0.2109970332016955, 0.21004676468464095, 0.2090969892063587, 0.20814757530681316, 0.20719833192731052, 0.206249191305935, 0.20530025000703928, 0.20435145006200722, 0.20340299037575163, 0.20245471452167335, 0.20150668104593014, 0.20055883165173966, 0.19961121180587152, 0.19866423078836998, 0.19771772595218567, 0.1967715396654141, 0.19582573704056067, 0.1948801836205863, 0.19393497643888605, 0.19299008216137536, 0.1920458427872725, 0.1911022250678162, 0.1901588738960589, 0.18921589868794858, 0.18827359098511, 0.1873314770403363, 0.18638973632552455, 0.1854482610779542, 0.1845070442661862, 0.18356591635593883, 0.18262514106274913, 0.18168466833803604, 0.1807444418797695, 0.1798045970925693, 0.17886507018085043, 0.17792588808753934, 0.1769870804490222, 0.17604871561298424, 0.17511055221963442, 0.1741725240820287, 0.1732347352900032, 0.1722970811974854, 0.17135976410293302, 0.17042283994555085, 0.16948633526991744, 0.16854995034729853, 0.16761380727010863, 0.16667781759322148, 0.16574210081273505, 0.16480681496081878, 0.16387179179563538, 0.16293701645154166, 0.16200247070803003, 0.161068278265436, 0.16013438300223393, 0.15920082740714686, 0.1582676386272987, 0.15733463969314507, 0.1564019313388652, 0.1554695982702884, 0.1545435726538817, 0.15361217655983755, 0.15268110205712188, 0.15175024150592778, 0.15081964818554217, 0.14989480855725845, 0.1489650713310197, 0.1480356489178512, 0.14710680391560826, 0.14617818199121527, 0.14524996418420916, 0.1443222468727261, 0.1433947238008279, 0.14246746672760904, 0.14154716785081978, 0.14062019682738752, 0.13969349830690803, 0.1387672199651207, 0.1378411730743949, 0.1369154345369195, 0.13598990244859518, 0.1350648136606587, 0.13414012355446148, 0.13321583872364, 0.13229171581817828, 0.13136790998225334, 0.13044428229836136, 0.1295209911234304, 0.12859796363296053, 0.12768258205765268, 0.1267605876091274, 0.1258388804157194, 0.12491755062266789, 0.12399666919800414, 0.12307606929434259, 0.12215593647472159, 0.12123599990907315, 0.12031624905318576, 0.11939673359280616, 0.11847744884337601, 0.117558424564064, 0.11663964046410698, 0.11572110974421634, 0.11480279063686036, 0.11388479692263491, 0.11296698880668428, 0.11204937613355641, 0.11113191781508909, 0.11021477152507483, 0.10929789288276881, 0.10838139561520707, 0.10746511242602652, 0.10654944960552278, 0.10563405746597954, 0.10471931525613154, 0.1038049982437641, 0.10289115457729248, 0.10197775009873025, 0.10106480593787051, 0.10015409340625174, 0.09924185963695134, 0.09832988588357729, 0.09741840534923499, 0.09650717817895763, 0.09559613137137193, 0.09468535477341761, 0.09377486285628292, 0.09286468759504345, 0.09195491502541833, 0.09104599781045217, 0.09013807069041715, 0.08923070346953377, 0.0883237164776633, 0.08741796930699092, 0.08651301038103987, 0.08560868980399586, 0.08470482244879567, 0.08380147675675087, 0.0828986355002841, 0.08199626858416663, 0.08110644266314489, 0.08021503432516748, 0.07931377256473557, 0.07841299810047644, 0.07751245848444241, 0.07661259577625304, 0.07571345627791166, 0.07482498596791966, 0.07392692906940292, 0.07302954411624225, 0.0721329863511502, 0.0712370467126467, 0.07034162071569863, 0.06944663166000373, 0.06855213815995566, 0.06765806674089021, 0.06676450449939278, 0.06587191242152765, 0.06497994911996054, 0.06408894721399623, 0.06319863927048988, 0.062309078734600454, 0.06142008123295748, 0.06053146973892497, 0.05964406344239511, 0.05875773137944368, 0.05787200300473098, 0.05698681477011056, 0.05610206495274689, 0.055218468626887354, 0.05433587874845876, 0.05345388120968895, 0.05258037956441064, 0.05169988324660513, 0.050820510251503435, 0.049941920285510366, 0.04906418575352288, 0.048187408413166655, 0.04731149863817104, 0.04643666116545272, 0.04556331921622673, 0.0446908863306264, 0.043819178615140765, 0.04294836784564773, 0.042084580047102416, 0.041215713350436924, 0.040347596236733854, 0.03948032588164291, 0.038613778267526565, 0.03774802591939465, 0.03688413374585662, 0.036021828694795616, 0.035160702156773596, 0.03430099097926642, 0.03344282041765813, 0.03258616903755152, 0.03173080100152997, 0.030877109828396428, 0.030024757703623485, 0.02917426799500788, 0.0283252608461243, 0.027478093367584323, 0.02663283927980033, 0.025789769269254435, 0.024948853695755713, 0.024110038769110116, 0.023273707886459508, 0.02243959031954195, 0.02160789763028526, 0.02077877450173051, 0.019953016625224564, 0.01913057071483954, 0.018311676037915024, 0.017497106154717723, 0.01668644745704654, 0.015881121135032518, 0.015079944568209849, 0.014284093683081343, 0.013494356808010543, 0.01271070792558118, 0.011935386360618543, 0.011168297488094626, 0.010409389773094609, 0.009659997768088702, 0.008928398532566847, 0.00819993547569071, 0.007491450462546928, 0.006791888498774852, 0.006111915904150307, 0.005454993764434417, 0.004811555972478585, 0.004190889512410008, 0.003596250182366455, 0.003031702130384123, 0.0025020814919024864, 0.0020091271316339367, 0.0015633465464241756, 0.0011681409140758096, 0.0008177930975466075, 0.0005262842725988802, 0.00029684762121799066, 0.00013227235325545582, 3.0528126737485866e-05, 0.0]","[0.0, 1.2751762880163978e-05, 1.057630594419309e-05, 9.893767192405899e-06, 1.0192018706760103e-05, 1.0768764762714084e-05, 1.380832795389766e-05, 1.7650053635970792e-05, 1.9454289865498053e-05, 1.980895871746655e-05, 2.1087775906689623e-05, 2.2351508917542863e-05, 2.1736584166386386e-05, 2.071872335690539e-05, 1.9089276362596578e-05, 1.869069631551962e-05, 1.9464347566492787e-05, 2.166068164535846e-05, 2.4560849279105323e-05, 2.6614924583389477e-05, 2.828132733596824e-05, 2.9932774855463884e-05, 3.1299178147524794e-05, 3.309722927661205e-05, 3.562909142097242e-05, 3.9004756026092785e-05, 4.267170918278049e-05, 4.644000033823672e-05, 5.019031877290645e-05, 5.410192613221806e-05, 5.704560247865415e-05, 6.0286915659852864e-05, 6.314559103037137e-05, 6.636601487422175e-05, 6.834225176252781e-05, 6.900135321558121e-05, 7.014517945824143e-05, 7.183152801620037e-05, 7.340862507332974e-05, 7.519766355018072e-05, 7.670859021772353e-05, 7.771406473336652e-05, 8.00749320379086e-05, 8.239610373609449e-05, 8.445221198168849e-05, 8.640775753663086e-05, 8.761756578729821e-05, 8.863487013903025e-05, 8.94933105883582e-05, 0.00017208731007828664, 0.00017305363890684586, 0.0001735476211181082, 0.0001737320676895752, 0.00017439852924425162, 0.00017489594640145295, 0.0001751790357548712, 0.0001752812452225122, 0.00017531518695488798, 0.00017535371652136375, 0.0001754279166375663, 0.00017570725129154572, 0.00017588573358322016, 0.00017594021649924954, 0.00017592833608982318, 0.00017589378609961844, 0.0001584863958010707, 0.00015818110043579458, 0.00015854788072666915, 0.00015869739989153106, 0.0001591510206286309, 0.000159367857996464, 0.00015956395392462984, 0.00015971567345238088, 0.00015982458016993725, 0.0001600054188692707, 0.00016004806837945331, 0.00016036106788581563, 0.00016070808986457143, 0.0001608216533006484, 0.00016085599996077315, 0.00015190648815653626, 0.00015232908078623096, 0.00015277330811909882, 0.00015321839533218262, 0.00015384824622942798, 0.00015414920902816039, 0.00015468819212321655, 0.0001550433991262219, 0.0001559773298980108, 0.0001569353712982349, 0.00015786666020587402, 0.00016702905598065077, 0.0001687510884908063, 0.0001706021720978171, 0.0001724493424104604, 0.00017443072850918895, 0.0001762005154672367, 0.0001778761525911496, 0.0001797389893408394, 0.00018196396297349973, 0.00018423770507165407, 0.0001859704588984822, 0.00018772434850970217, 0.00018933100752541561, 0.00019113747999946555, 0.0001925520365536705, 0.00019393568616062295, 0.00019554848970950827, 0.00019707882022506514, 0.0001983425395527804, 0.00019943347626403158, 0.0002005516508569476, 0.00020156807850546732, 0.00020280803491689946, 0.00020385069704475256, 0.00020491204570125741, 0.00017525777952599782, 0.00017628647522850943, 0.00017748058262408078, 0.00017878551857313294, 0.00017990630116649324, 0.0001810560174910668, 0.00018212012165630447, 0.00018303407958278624, 0.00018370267108505306, 0.0001845222628147084, 0.00018557170453089084, 0.00018647346350539304, 0.00018742620620348634, 0.00018858554987801588, 0.00018984333386978496, 0.00019123059693006, 0.0001924775949962595, 0.00019364705750601113, 0.0001950022378712208, 0.00019623463696689903, 0.0001975188185211043, 0.00019856067892399607, 0.00019964973303048656, 0.0002009749426306247, 0.00020234647228591218, 0.0002038287811663927, 0.00020500150837821082, 0.00020613039802216347, 0.00020730518500493116, 0.00020843426481199364, 0.00020955532071815963, 0.00021069085279783607, 0.0002121090531165498, 0.00021361278757819817, 0.00021507410012000833, 0.00021632813198982833, 0.0002173378355808215, 0.0002182528993875292, 0.00021936465408702483, 0.00022053275896550463, 0.00022156991557539793, 0.00022258770408157926, 0.00022342630317346516, 0.00022437715970073435, 0.00022503550551189466, 0.0002255620678636838, 0.00022654100915139877, 0.00022759913422546146, 0.0002288124518371493, 0.00022992626999065107, 0.00023104166594317417, 0.00023221822218726424, 0.00023344057821223172, 0.00023466502991502286, 0.00023587469869804103, 0.00023690467251752005, 0.00023788058572365132, 0.0002389152081029344, 0.0002402002038060752, 0.000241488698155513, 0.0002429505990487496, 0.00024429054493025173, 0.0002454651513809066, 0.0002461022948810229, 0.00024676537534543374, 0.0002474636989116538, 0.00024832654147633425, 0.00024904244493831877, 0.0002496843417380353, 0.0002502987542786943, 0.0002508652216402126, 0.000251445286114035, 0.00025216677328353894, 0.00025303190085388874, 0.0002538690986475541, 0.00025474719287772735, 0.00025563344524935253, 0.00025655293244253736, 0.00025749953488269473, 0.00025814306490360355, 0.0002589043992679692, 0.00025967810272348787, 0.00026049007307799694, 0.0002612590119414977, 0.0002620166638956861, 0.0002624643251081489, 0.00026301558120195854, 0.0002634648928387184, 0.00026361975763413955, 0.00026377923880083117, 0.00026396197609647123, 0.0002643105781122892, 0.00026471081631138647, 0.00026508223154808635, 0.0002654907259873392, 0.000266088797361284, 0.00026670613848953366, 0.0002673081864354604, 0.0002680345084997724, 0.00026881851150004223, 0.0002696162072661987, 0.0002704932367269101, 0.000271285693898366, 0.0002722095573602933, 0.000273124060124077, 0.00027403479220671514, 0.00027505766451408465, 0.0002760757231100788, 0.00027718723861802733, 0.00027833150898106784, 0.0002791355757180282, 0.0002799435703333541, 0.00028072772530046496, 0.00028160606398027393, 0.0002826839874951415, 0.00028361071520195506, 0.00028440639946543573, 0.0002852358053216306, 0.00028613085064160343, 0.00028706412442542235, 0.0002879764421302331, 0.0002888788025684265, 0.00028994204762063016, 0.00029106101347475783, 0.0002920774369168491, 0.00029311254306726406, 0.0002938282647710461, 0.0002945250469523605, 0.0002951975117122454, 0.00029591291652758436, 0.00029656211287946283, 0.0002973730203273363, 0.00029828293511267515, 0.00029923724869797345, 0.0003004998052239292, 0.0003016938046670146, 0.00030287322098612843, 0.0003042548563322511, 0.00030568940872364466, 0.0003070991079355578, 0.00030841585009462065, 0.00030991191280879264, 0.0003112848658609769, 0.00031247196910565964, 0.00031363004030136263, 0.00031488926635328985, 0.0003161608033579398, 0.0003175645020089346, 0.00031894775403030855, 0.0003203051182615911, 0.00032168875882283707, 0.00032301412260796105, 0.000324366819165002, 0.00032567916521086777, 0.00032687905233825187, 0.0003279191911460826, 0.00032901524373578816, 0.0003302426894887956, 0.0003314596669309921, 0.00033259045571091216, 0.00033376685027116477, 0.00033473221961155005, 0.0003356941700121288, 0.00033662851001756014, 0.00033761670236042015, 0.000338574377206093, 0.0003397267356531687, 0.0003408462445368735, 0.0003419136555229971, 0.00034305718565877185, 0.00034397311538276245, 0.00034490816788940794, 0.000345755760092421, 0.00034656305861927565, 0.00034732055112598244, 0.0003481307061766026, 0.00034886749203918093, 0.00034953197555325817, 0.00034992359684278497, 0.00035028925288263887, 0.00035066297529173996, 0.000351229570664765, 0.000351844569397789, 0.0003525439910735122, 0.0003531999483151712, 0.00035374205017129663, 0.0003541959682802533, 0.00035468560974966985, 0.0003551593406467244, 0.0003555766212050335, 0.0003559093913436164, 0.00035624189805948304, 0.0003565534886332028, 0.0003566891300127003, 0.000356854665650585, 0.00035704386589493353, 0.00035724352452380046, 0.00035740196678609007, 0.00035756842873457215, 0.00035774120756401563, 0.00035787996469055066, 0.00035795161690561596, 0.00035811744860722713, 0.0003582266512479575, 0.00035838340677841324, 0.0003585410474192188, 0.00035855806979318515, 0.0003588385265725034, 0.0003590842218786576, 0.00035945340627258337, 0.0003597527041304317, 0.00036003401479495033, 0.0003603621151680199, 0.0003605979292577121, 0.0003608536989697144, 0.000361143913327281, 0.00036157654720414686, 0.00036182974456461193, 0.0003619695295072555, 0.000361958597690174, 0.00036193563826229477, 0.00036195347819829545, 0.0003618916860991867, 0.00036186592424858295, 0.0003618279313851017, 0.0003619169937037382, 0.000362098433961829, 0.00036220589903372956, 0.0003624805444325836, 0.0003628090891012476, 0.0003631360652778039, 0.00036340185428545863, 0.0003636199339306128, 0.00036393793225448405, 0.0003642315620670396, 0.000364571787302548, 0.00036490790393261906, 0.00036541839780811593, 0.0003658151733367899, 0.0003662304206501571, 0.00036663891867104036, 0.00036695903301287003, 0.0003671305893604993, 0.00036744203919923955, 0.00036782877034903353, 0.0003683302737642285, 0.0003687551456184686, 0.000369182156417769, 0.0003695421167905047, 0.0003699113855306471, 0.0003702931771798432, 0.0003706579465375105, 0.0003711296790961037, 0.000371766462330539, 0.0003723724613086734, 0.00037290026571152365, 0.0003735766625074949, 0.0003742009189966194, 0.00037485953113585585, 0.0003755678074124064, 0.0003762197200871891, 0.0003769294212179911, 0.00037769030743840375, 0.00037840941923316274, 0.0003791586442147891, 0.00038012551978872685, 0.00038113340597867047, 0.0003817527173422974, 0.00038236038026612094, 0.0003829315961999135, 0.00038350872919887697, 0.00038400561982443476, 0.0003844632186884007, 0.0003848237291868628, 0.0003851239011281044, 0.000385706945993304, 0.0003861860382756777, 0.0003865997591849604, 0.00038695982961920643, 0.00038734656486797737, 0.00038780713387760117, 0.00038826613314520104, 0.00038874281746647193, 0.00038917156439977204, 0.000389628353434722, 0.00039004660538706856, 0.0003904939864395655, 0.0003910521088194278, 0.0003916884869551151, 0.00039228457704613674, 0.0003928360455828232, 0.0003933860499444228, 0.0003938874721058648, 0.0003943778891442951, 0.0003948197424346125, 0.00039545326974294525, 0.00039601775157196897, 0.00039660959433657, 0.0003971475513942216, 0.00039777123835260826, 0.00039838386505315404, 0.00039907397020414343, 0.00039969124716988653, 0.00040021454801096964, 0.00040069935323356785, 0.00040119919327297936, 0.00040167907069635367, 0.00040210270350204025, 0.0004026739322315853, 0.000403237808155994, 0.0004036722433458995, 0.00040413021737804785, 0.0004045657879538194, 0.00040498913914567395, 0.00040547736466566275, 0.00040596492524161616, 0.00040654774560355296, 0.00040711807885827694, 0.0004077060278088313, 0.0004084231080644247, 0.00040908204030859816, 0.0004098445239094048, 0.00041055417352615914, 0.00041130919687090624, 0.0004119332959399728, 0.00041255743581833273, 0.0004131516844010636, 0.00041380566416258544, 0.00041431874741506804, 0.00041489997848404426, 0.00041567324401337486, 0.00041646380776100983, 0.0004172485328362536, 0.0004181005754783556, 0.0004192412644536083, 0.00042040372868558596, 0.00042154977402259896, 0.00042275705658218875, 0.00042396155437221896, 0.0004249791636591686, 0.0004258241630977071, 0.00042666385026703633, 0.0004275107367551536, 0.0004283144864996252, 0.0004291251112713534, 0.0004298953248110929, 0.00043069421498668185, 0.00043147756075414954, 0.0004323215821904466, 0.000433287363883338, 0.0004343028237074078, 0.00043526294717644856, 0.00043617001266079574, 0.0004370920323319371, 0.0004379019805036322, 0.00043869921132221745, 0.0004394165095771191, 0.000440064871837981, 0.00044067391276685324, 0.0004412239671353311, 0.0004417094976893406, 0.0004421579638205261, 0.00044258824394123814, 0.00044302420880861925, 0.00044343665044424096, 0.00044388895484907327, 0.00044442037508390605, 0.000444971186800642, 0.0004454091313513664, 0.00044590221119209113, 0.00044637308613850975, 0.000446784982687436, 0.0004474262649143636, 0.0004480765302451653, 0.0004487558410444756, 0.00044970831479177023, 0.0004507193971840013, 0.00045165116715958404, 0.000452665934595077, 0.0004536702047563666, 0.0004546879545320724, 0.0004556394210267607, 0.0004565334991465859, 0.00045737007950054175, 0.0004581223362837102, 0.0004589131265903379, 0.00045976811076235745, 0.0004606635466015366, 0.0004614317074484757, 0.0004622990777893281, 0.0004634251123677663, 0.0004645721124019587, 0.0004657192870164388, 0.0004668193383525361, 0.0004678698524543209, 0.00046878518814418566, 0.00046961757454438876, 0.00047050236448765564, 0.00047130624237636497, 0.0004720206880915261, 0.0004727537126994071, 0.00047345835914018776, 0.0004740983035326764, 0.0004747361336415993, 0.00047534604899941257, 0.0004759043798520889, 0.00047652558369124404, 0.0004771609970478633, 0.00047785125912004427, 0.0004784764061008124, 0.00047901097266896006, 0.0004795915784422222, 0.00048015365521308445, 0.00048072783534469854, 0.0004812764338760893, 0.0004818611355504968, 0.000482490558914809, 0.00048316716011268765, 0.0004838189656429647, 0.00048452432947465807, 0.0004851447728089469, 0.0004856942306611751, 0.00048624752235404645, 0.000486806260574115, 0.00048733694951321306, 0.00048797463169845116, 0.0004885165013705852, 0.0004892526786314194, 0.0004901276710048486, 0.0004910118068650077, 0.0004918664608299993, 0.0004926838655383622, 0.0004935599213974169, 0.0004943466045959237, 0.0004949462667197293, 0.000495757273832061, 0.0004965014164338708, 0.000497175563123949, 0.0004978710310654067, 0.0004987717460529943, 0.0004996689032979099, 0.0005004898330764617, 0.0005014158976049079, 0.0005023430863338477, 0.0005032535755574852, 0.0005042209108316615, 0.0005052530529368822, 0.0005062856795675642, 0.0005071974883073253, 0.0005080781012566589, 0.0005090843689932643, 0.0005100498586419073, 0.000511052571758976, 0.0005120356439455071, 0.0005129057337450744, 0.0005137147708214009, 0.000514601926296044, 0.0005155446070462794, 0.0005164069947923827, 0.0005172366879127469, 0.0005180383397058852, 0.0005187466856374369, 0.0005193870365280058, 0.0005200806432319385, 0.0005208051340495483, 0.0005214867010306274, 0.0005225477809558658, 0.0005235420858850521, 0.0005244813014311068, 0.0005254262359114141, 0.0005263244652684082, 0.0005271803425732733, 0.0005279589057672827, 0.0005286843328830935, 0.0005293933832708346, 0.0005300531714481808, 0.0005307565611768568, 0.0005315098528043803, 0.000532282728805757, 0.0005330863159433415, 0.0005338478212026732, 0.0005345979980990729, 0.0005354078268745457, 0.0005361529782805972, 0.0005370418165261295, 0.0005378886909784556, 0.0005387063666843946, 0.0005395244822296466, 0.0005402829513662719, 0.0005409989541120795, 0.0005416448143567272, 0.0005421411454389, 0.0005427221333606263, 0.000543240118637519, 0.0005438644394116232, 0.0005446196399677006, 0.0005455084786165864, 0.0005463046526898055, 0.0005470629798345156, 0.0005478629707049986, 0.0005485934125142964, 0.0005493757248893194, 0.0005501304500296302, 0.0005508507327455195, 0.0005518139400029265, 0.0005527095110424515, 0.0005536308300535266, 0.0005545629179635699, 0.0005554594925236365, 0.0005562427258265828, 0.0005569898295076938, 0.0005576604413662456, 0.0005582294449280146, 0.0005586853057374658, 0.0005592295152639732, 0.0005597569700679936, 0.0005603327169882379, 0.0005609268532479627, 0.0005614769081815458, 0.0005622324961589293, 0.000562982194136184, 0.0005637121114642075, 0.000564480008270951, 0.0005653737517185004, 0.0005662724426614097, 0.0005671407142407804, 0.0005680941988263431, 0.000568989695543771, 0.0005698580428431774, 0.0005706714977675797, 0.0005713904348326536, 0.0005720993674151855, 0.0005727880942653858, 0.0005735101973177271, 0.0005742179248098421, 0.0005748671671438479, 0.0005755041169175783, 0.0005759682099296276, 0.0005764493411394879, 0.0005769653484644375, 0.0005774267520267642, 0.0005779315488353957, 0.0005784577651150762, 0.0005789102143781876, 0.000579334586964252, 0.0005796256538394137, 0.0005799081112868213, 0.0005802090065611427, 0.0005804978878901229, 0.0005807568952004535, 0.0005811141173218335, 0.0005814116759965156, 0.0005816134518843809, 0.0005817477434842128, 0.0005817805854888514, 0.0005818415999471201, 0.0005819847252718099, 0.0005821967205785472, 0.000582411473053549, 0.0005827325271928867, 0.0005830685468438407, 0.0005835034128605557, 0.0005838880198863297, 0.0005843505978885484, 0.0005848203149696338, 0.0005851783481990767, 0.0005854706177234398, 0.0005855862517327899, 0.0005856845347924671, 0.0005860050506740455, 0.0005862559140042959, 0.0005865197424156003, 0.0005867794143944168, 0.0005870941747856367, 0.0005874459669579584, 0.0005877640791299646, 0.0005881044933208366, 0.0005884480029029371, 0.0005887011851055491, 0.0005889406350524155, 0.0005891069724919372, 0.0005894711309083725, 0.0005898598521772682, 0.0005900814181178371, 0.0005902967422554237, 0.0005903576427089249, 0.0005903773433398949, 0.0005903507888048014, 0.0005902070716054568, 0.000590017927189694, 0.0005898545830625689, 0.0005896784581573851, 0.0005894520754117293, 0.0005892317195499544, 0.0005890889708162672, 0.000588971245025464, 0.0005890368532401581, 0.0005890628483882556, 0.0005890754714655181, 0.0005890464732421169, 0.0005889922714837361, 0.000588920949617785, 0.0005889039783449885, 0.0005888625174587314, 0.0005888234162887843, 0.0005889144791056519, 0.0005890403359537439, 0.0005891372024408265, 0.0005893204658312789, 0.0005896290583800096, 0.0005898420447146834, 0.0005900187995319209, 0.0005901705554562434, 0.0005902424337620692, 0.0005906058492929323, 0.0005910220723910585, 0.0005915396442600879, 0.0005922264853412475, 0.0005929599324892789, 0.0005934893934038101, 0.0005939567554419574, 0.0005942605637181898, 0.0005945747687381604, 0.0005947638194334988, 0.0005952140432685171, 0.0005956420013913452, 0.0005959951750583003, 0.0005963407475707765, 0.0005966808768168605, 0.0005972253080902105, 0.0005978556964753241, 0.00059875496969911, 0.0005996128405573849, 0.0006003120190658511, 0.0006009646512711557, 0.0006015791928237089, 0.0006022748049226711, 0.0006029135821514224, 0.0006038297578164034, 0.0006047330745063654, 0.0006054837674372744, 0.0006062364715996029, 0.0006070433499546069, 0.0006078625003780531, 0.0006085882962013227, 0.0006093318350520587, 0.0006100817470774759, 0.0006108022958575692, 0.0006114977716625929, 0.0006120984170093136, 0.0006126256990668031, 0.0006132145870844501, 0.0006136972727100491, 0.0006142079751780456, 0.0006144746543412121, 0.0006146288157744478, 0.0006148110558257184, 0.0006151203701291811, 0.0006154360931192198, 0.0006157268303919446, 0.0006159230389784033, 0.0006164553839036671, 0.000616707306367551, 0.0006169800031801455, 0.0006171825327609049, 0.000617424611937913, 0.0006175575043024319, 0.0006176555442384177, 0.0006176252383513539, 0.0006175776821418101, 0.0006175530418583429, 0.0006175351164044777, 0.0006175193962566148, 0.0006174186729097156, 0.0006171241071139948, 0.0006166994497031259, 0.0006162328478108056, 0.0006157854844657321, 0.0006151936203133649, 0.0006145714681742721, 0.0006139178479301017, 0.0006134554923296491, 0.0006129351983477365, 0.0006126226259030572, 0.000612260483498105, 0.0006119627435132834, 0.0006116760394337438, 0.0006113932774618726, 0.0006111409403207878, 0.0006109878738681482, 0.0006110932663558132, 0.0006111376561034196, 0.0006113529911053672, 0.0006115252616876517, 0.0006115187432702901, 0.0006116026394106725, 0.0006117654015483098, 0.0006117798228194424, 0.0006117148648601857, 0.0006117387063981514, 0.0006117804424726212, 0.0006042831369954721, 0.0006042929018752371, 0.0006043285730339592, 0.0006044551326131474, 0.0006044937951851471, 0.0006050548330052419, 0.0006053487784936078, 0.0006057574136112034, 0.0006063281815616737, 0.0006071765232418458, 0.0006078718977324129, 0.0006085294075394818, 0.0006092850434872894, 0.0006100763232428691, 0.0006071338547953973, 0.0006079243284245052, 0.000608801070513417, 0.0006101264546375357, 0.0006113293841508904, 0.0006125256110874839, 0.0006137386463431154, 0.0006150813535784723, 0.0006164444140244717, 0.0006175442775803823, 0.0006187138380792946, 0.0006196931671352418, 0.0006207149487939592, 0.0006217267539649286, 0.0006224966116556224, 0.0006345919445803315, 0.0006355435764189894, 0.0006364966862361479, 0.0006372733886337932, 0.0006380334122770286, 0.0006387108470480383, 0.0006395917669801558, 0.0006405019900576478, 0.0006413263019174259, 0.0006423043491734405, 0.0006433053207543596, 0.0006443266807965657, 0.0006454224610421552, 0.0006465246447876029, 0.0006475448032154521, 0.0006486578997329492, 0.0006498331761247428, 0.0006509764748587612, 0.0006520696871362757, 0.0006531243322199234, 0.0006541130817942173, 0.0006549888339645428, 0.0006558067337488174, 0.0006562602298938296, 0.000656564226913352, 0.0006562489010142022, 0.000656222733391279, 0.0006558827900525299, 0.0006555431610732429, 0.0006552099568511361, 0.0006553896803872387, 0.0006550033816637576, 0.0006547000832771372, 0.000654364420395266, 0.0006538083472859775, 0.0006532858280730729, 0.0006527313312926495, 0.0006520633742936032, 0.0006514177160150938, 0.0006507331710769274, 0.0006497941192666524, 0.0006492839862690619, 0.0006485945785491124, 0.0006479192933220756, 0.0006468957507230462, 0.0006462624161611219, 0.0006455929427848788, 0.0006451587801304866, 0.0006445828604084216, 0.000644198936053504, 0.000643770896793606, 0.0006465778175977955, 0.0006302347001643907, 0.0006297180578897747, 0.0006292501287274358, 0.0006287364668764991, 0.0006281199130284713, 0.000627554015631722, 0.0006298059665531637, 0.00062946235332255, 0.0006290797174531692, 0.0006290274695341209, 0.0006286743545183785, 0.0006285711003795423, 0.000628518991402697, 0.000628094111760092, 0.0006279303914782624, 0.0006276550821982956, 0.000627476938237902, 0.000627682086046702, 0.0006280850709920285, 0.0006284688535320855, 0.0006289346632579254, 0.0006291539131750465, 0.0006293508255748218, 0.0006297316991306861, 0.0006295222223676385, 0.0006292812298533587, 0.0006290644877593833, 0.0006287739555091376, 0.0006281387303851688, 0.0006275678728531218, 0.0006270905711952372, 0.000623014515283172, 0.0006225663725621814, 0.0006217788954991244, 0.0006210313303873169, 0.0006201871750827324, 0.0006192226218769986, 0.0006182607821448535, 0.0006174545599789206, 0.0006161101156167202, 0.0006145688641273204, 0.0006129965589554996, 0.0006114693899770791, 0.000618297405883703, 0.0006168919356982591, 0.0006154335647938706, 0.0006138334833834321, 0.0006122256399174984, 0.0006106401887286055, 0.0006096801818439949, 0.0006086365054086013, 0.0006078407625958199, 0.0006070346914161819, 0.00060617672706856, 0.0006058877824010621, 0.0006057377011576659, 0.0006053294394353888, 0.0006050666361913929, 0.0006049406567204383, 0.0006048484278364853, 0.0006048361028451776, 0.0006045205028131441, 0.0006038182797031427, 0.0006031686924146874, 0.0006024224785181082, 0.0006019672268555377, 0.000601478170484317, 0.0006009484493362797, 0.0006000412719061529, 0.0005994774445134259, 0.0005986875160111502, 0.0005973862280087825, 0.0005951876252798228, 0.0005926653080538545, 0.0005893913772277092, 0.000585863014903958, 0.0005818424949978159, 0.0005772202883459934, 0.000572276272126748, 0.0005667520895119376, 0.0005607047141896729, 0.0005541466569767476, 0.0005467665482776574, 0.0005419162415026358, 0.0005318905243475125, 0.0005257093407808661, 0.0005143005150125207, 0.000503826896927356, 0.0004839393258396374, 0.0004691327928278306, 0.0004519428339795921, 0.0004326384362533734, 0.00041082433789009205, 0.0003850665299050518, 0.00035539370684098555, 0.00032284943752425885, 0.0002874616289646722, 0.0002469418549218515, 0.00020271398586047917, 0.0001570267056774708, 0.00010684892471053077, 5.582657315075788e-05, 0.0]",1001,False,1001,0.4727597465080239
93,synthetic_ordering1000,EGB_XGB_GAM_CYCLIC_RANDOM_REVERSE_CYCLIC_RANDOM_REVERSE,"[1.0, 0.9990092660366576, 0.9979431978880108, 0.9968797930960646, 0.995820476648699, 0.9947622778011619, 0.9937056446407853, 0.9926498616199982, 0.9915951426997655, 0.990540916380608, 0.9894876012673848, 0.9884349848553736, 0.9873832246164069, 0.9863322183540031, 0.9852818872014388, 0.9842319445992362, 0.9831822778556427, 0.9821334443275944, 0.9810850554193534, 0.9800373088583486, 0.9789900601009001, 0.9779431140064274, 0.9768968766347147, 0.9758511489883507, 0.9748057226763333, 0.9737604310121319, 0.9727152654144702, 0.9716703608907332, 0.9706256882019451, 0.9695815694849648, 0.9685379155228457, 0.9674944376413702, 0.9664511876146931, 0.9654080541608027, 0.9643650606896333, 0.9633222517801503, 0.9622794961508319, 0.9612370029957635, 0.9601946278332536, 0.9591525058758392, 0.9581105751125776, 0.9570688015763965, 0.9560271767469141, 0.9549858285209843, 0.9539448034400394, 0.9529038925395206, 0.9518631300441474, 0.950822585417726, 0.9497822745239308, 0.9487421806278611, 0.9477023762014983, 0.946662849123307, 0.9456235335539811, 0.9445844388989727, 0.9435454074069252, 0.9425066166995381, 0.9414679063330104, 0.9404293110810258, 0.9393908868215419, 0.9383525536576631, 0.9373143085214263, 0.9362762328000986, 0.9352383619108128, 0.9342006942035459, 0.9331632281271522, 0.9321259205540564, 0.9310887289294192, 0.930051661248371, 0.9290147524321666, 0.9279779046015542, 0.9269411310026193, 0.9259044800585929, 0.924867920511953, 0.9238314320812169, 0.9227950751534338, 0.9217587953319104, 0.9207226551293933, 0.9196865926548223, 0.9186505760032622, 0.9176146709198996, 0.9165788802679657, 0.9155431629223898, 0.9145076055629854, 0.9134720844780648, 0.9124366341844692, 0.9114014061186897, 0.9103662732258657, 0.9093312334320135, 0.9082962005870565, 0.9072612822211885, 0.9062265147276426, 0.9051917917429755, 0.9041571693943753, 0.9031226427983083, 0.9020881695197819, 0.9010537328025512, 0.9000194864259867, 0.8989853649197587, 0.8979513520166978, 0.8969175419526552, 0.8958837951479414, 0.8948501685184762, 0.8938166789845459, 0.8927833360036154, 0.8917500824945719, 0.8907169195510107, 0.8896838638829987, 0.8886509068113415, 0.887618074263434, 0.8865853143191051, 0.8855526519688132, 0.8845200627664387, 0.8834875599637956, 0.8824551786761006, 0.8814229595095217, 0.8803908327197613, 0.8793588073956826, 0.878326896343998, 0.8772950508236171, 0.876263254556461, 0.875231530090278, 0.8741998824980362, 0.8731683146533886, 0.8721368706160278, 0.8711055167344235, 0.8700742510838275, 0.8690430969784263, 0.8680120737470425, 0.8669810950293207, 0.865950218427796, 0.8649194770070325, 0.8638888825821031, 0.8628583841883751, 0.8618280719746491, 0.8607978047224567, 0.8597675861131672, 0.8587374187835012, 0.8577073789465622, 0.8566774096278673, 0.8556475876347299, 0.8546178309530932, 0.8535881137560436, 0.8525584820875463, 0.8515289828361879, 0.8504995238887799, 0.8494701101910664, 0.848440785903054, 0.8474115371401144, 0.8463823987395985, 0.845353300386137, 0.8443242548233055, 0.8432952844448056, 0.8422664237967956, 0.841237601309723, 0.8402088239280869, 0.839180131860676, 0.8381515228577585, 0.8371229780805439, 0.8360945024213585, 0.8350661494949378, 0.83403786036651, 0.8330095895427465, 0.8319813903734881, 0.8309532451726932, 0.8299251424480694, 0.8288971233715028, 0.8278691845062864, 0.8268414272442491, 0.8258137664499543, 0.8247861404816836, 0.8237586542197096, 0.8227312698997039, 0.8217039941987929, 0.8206767835471277, 0.8196496662582813, 0.8186226388096092, 0.8175956767220033, 0.8165687667777035, 0.8155419381912905, 0.8145151801281335, 0.8134885145626288, 0.8124619793058689, 0.8114354741584944, 0.8104090239249189, 0.8093826304243011, 0.8083563323417684, 0.8073300803458949, 0.8063038797082844, 0.8052777239411952, 0.8042516172302069, 0.8032255666448098, 0.8021996595344681, 0.8011737942954223, 0.8001479648887487, 0.799122191844934, 0.798096518721806, 0.7970709739425005, 0.7960454718229184, 0.7950199884575808, 0.7939945923433578, 0.7929692150441451, 0.7919439322159249, 0.7909186986271429, 0.7898935906211759, 0.7888685211722499, 0.7878435309502344, 0.7868185759744342, 0.7857936874275089, 0.7847688887665012, 0.7837441404827008, 0.7827194308161427, 0.7816947703375662, 0.7806701661034685, 0.7796456879724751, 0.7786212473404652, 0.777596859644434, 0.7765725190846051, 0.7755482274125234, 0.7745240709881324, 0.7734999675694947, 0.7724758890684343, 0.7714518802940707, 0.7704279405088725, 0.7694041065340024, 0.7683803195262947, 0.7673565975496068, 0.766332946628887, 0.7653093397805802, 0.7642858022368129, 0.7632623091214081, 0.7622388531837311, 0.7612154810092191, 0.760192170141899, 0.7591689332449783, 0.7581457659382413, 0.7571226636477169, 0.756099639444449, 0.7550766636522017, 0.7540537342522537, 0.7530308811604078, 0.7520080892567925, 0.7509853405947705, 0.7499627067589923, 0.748940130429389, 0.7479176197277354, 0.7468952089079933, 0.745872868302057, 0.7448506673568913, 0.7438285086644718, 0.7428063770008134, 0.7417842835406977, 0.7407622599249183, 0.7397403100809636, 0.7387184286295684, 0.7376965752853605, 0.7366747757031273, 0.7356530033995774, 0.7346312959390057, 0.733609648796412, 0.7325880661968928, 0.7315665980227528, 0.7305452312882398, 0.729523883727339, 0.7285026418683993, 0.7274814990494067, 0.7264603982938425, 0.7254394136421854, 0.7244184945700198, 0.7233976609977986, 0.722376894370373, 0.7213561681554197, 0.7203355080387988, 0.7193148896879807, 0.7182942979393703, 0.7172737355290018, 0.7162532151076478, 0.7152327988360165, 0.7142124451550624, 0.7131921678967104, 0.7121719341666986, 0.7111517330963399, 0.7101315781992421, 0.7091115236250297, 0.7080914960027606, 0.7070715837192751, 0.7060517093358307, 0.7050319426239594, 0.7040122400888691, 0.702992579428153, 0.7019729523194518, 0.7009533854364411, 0.6999338861259503, 0.6989144724423845, 0.6978951102914177, 0.6968758154668122, 0.6958565916392448, 0.6948374482913352, 0.6938183266400262, 0.6927992987488455, 0.691780336666772, 0.6907614635945999, 0.6897426685576742, 0.6887238956854067, 0.6877051739694797, 0.6866864930725656, 0.6856679009459812, 0.6846493449640783, 0.6836308297198949, 0.6826123608501268, 0.6815939274551576, 0.6805755530763438, 0.6795572249329653, 0.678538967981887, 0.6775207950504101, 0.6765026624448958, 0.6754846099176581, 0.674466634214215, 0.6734486832046296, 0.6724307740519294, 0.6714129266836484, 0.6703951245636295, 0.6693773756963217, 0.6683596880389758, 0.6673420292681215, 0.666324421007448, 0.6653069020900901, 0.6642894610377089, 0.663272071248348, 0.6622547797372403, 0.661237523028073, 0.660220282773015, 0.6592031035411774, 0.6581859547349836, 0.6571688704981291, 0.6561518318868539, 0.6551348313540503, 0.6541178615766199, 0.6531009281582498, 0.6520840552692091, 0.6510672221345262, 0.6500504393204485, 0.64903371112332, 0.6480170406141199, 0.6470003976128019, 0.6459838386098532, 0.6449673274573697, 0.6439508488132297, 0.642934445165069, 0.6419180626837713, 0.6409017426030833, 0.6398854460885888, 0.6388691851615451, 0.6378529768568979, 0.6368368451804818, 0.6358207586853558, 0.6348047337315753, 0.6337887852080535, 0.6327728509427369, 0.6317569961622992, 0.6307412145888999, 0.629725491426185, 0.6287097903502039, 0.6276941019509895, 0.6266784674062359, 0.6256628718739673, 0.6246473378936187, 0.6236318400508555, 0.622616387312841, 0.6216009870013188, 0.620585628586708, 0.6195703153528332, 0.6185550927910218, 0.6175399000777174, 0.6165286532285761, 0.6155135195070048, 0.6144984496037088, 0.6134834378902985, 0.6124684809198897, 0.6114535824392222, 0.6104387485556512, 0.6094239636270015, 0.6084092410707748, 0.6073945570388664, 0.6063799349236291, 0.6053653624663402, 0.6043508226913742, 0.6033363203749784, 0.6023218706589161, 0.6013074803867184, 0.6002931256493753, 0.5992788265197482, 0.5982645636705557, 0.5972503316310052, 0.5962361384367404, 0.5952219945069903, 0.5942079111042203, 0.5931938449447697, 0.5921798265310616, 0.5911658648513851, 0.5901519369410156, 0.589138027369387, 0.5881241912491657, 0.5871104541989013, 0.5860967686273885, 0.585083121109651, 0.5840694895471971, 0.583055890492074, 0.5820423416120517, 0.5810288715497643, 0.5800154506960586, 0.5790020544645488, 0.5779886695473768, 0.5769753414685558, 0.5759620704215196, 0.5749488517227261, 0.5739356994357816, 0.5729225882413076, 0.5719095018340663, 0.5708964932476883, 0.5698835555085136, 0.5688706849520446, 0.5678578974917871, 0.5668452151394139, 0.5658325544186928, 0.5648199206895994, 0.5638073219819206, 0.5627947935398565, 0.561782377924355, 0.5607699866553288, 0.5597576716151712, 0.5587453964144358, 0.5577331654152164, 0.5567209756822091, 0.5557088374909309, 0.5546967378809168, 0.5536846896863981, 0.5526726779593887, 0.5516607225811969, 0.5506487894598047, 0.5496368946243315, 0.5486250429204977, 0.5476132197465791, 0.5466014165353341, 0.5455896513648149, 0.5445779364886534, 0.5435663035054743, 0.5425547022719357, 0.5415431079216153, 0.5405315593320077, 0.5395200548777391, 0.5385085968491936, 0.5374971825309535, 0.5364858010741741, 0.5354744642229738, 0.5344631914943544, 0.5334519704496173, 0.5324408163406774, 0.5314297097621236, 0.5304186530227135, 0.5294076529958227, 0.5283966897597614, 0.5273857626593679, 0.5263748550365828, 0.525364023847065, 0.5243532322387853, 0.5233425711216381, 0.5223319459626776, 0.5213213634297161, 0.5203108150868825, 0.5193002840535594, 0.5182897812297357, 0.5172793318807483, 0.5162689352944307, 0.5152586053933834, 0.5142483277154419, 0.5132380702173217, 0.5122278590034882, 0.5112176859307522, 0.5102075492912539, 0.5091974486525643, 0.5081874029084181, 0.5071774019767139, 0.5061674456629948, 0.5051575322076644, 0.5041476666143179, 0.5031379334504906, 0.5021282609417308, 0.5011186398325786, 0.5001090598805025, 0.499099503076463, 0.4980900325798084, 0.49708059366629087, 0.49607120184665343, 0.49506187128491375, 0.49405256442684387, 0.49304330172183947, 0.4920340441431447, 0.49102482356182053, 0.4900156271578549, 0.4890064732056544, 0.487997345560472, 0.48698824393418283, 0.4859791911928511, 0.4849701700938109, 0.4839612238237965, 0.48295230039890713, 0.48194342207115604, 0.48093457051209826, 0.4799257550016943, 0.47891700548067045, 0.47790829612376884, 0.47689964091462206, 0.47589102164749714, 0.4748824406710102, 0.47387390005861096, 0.4728654315432081, 0.47185702136352586, 0.4708486391744378, 0.4698403017778247, 0.4688320122464421, 0.46782375306550356, 0.4668155128436798, 0.4658073212065876, 0.46479922124114814, 0.4637911795984788, 0.46278317176769057, 0.46177522947341193, 0.46076731465294596, 0.45975945093476034, 0.4587516118481143, 0.4577438007862811, 0.4567360426006699, 0.4557283230201882, 0.4547206686295904, 0.45371304368642357, 0.45270546636939624, 0.45169793920163465, 0.45069044580872586, 0.44968302548414085, 0.44867564640660457, 0.44766831719530265, 0.446661045515944, 0.44565382166998485, 0.4446466575915469, 0.44363954954241647, 0.4426324959900237, 0.44162547433725674, 0.4406185154026815, 0.43961158871514333, 0.4386047063531599, 0.43759785126530737, 0.4365910561607615, 0.4355843012913206, 0.4345776284277509, 0.4335710029906387, 0.43256443237511133, 0.43155790602376304, 0.43055141843980616, 0.4295450428259867, 0.4285386913720511, 0.42753244473762814, 0.42652623660228894, 0.42552005600719556, 0.4245139439184057, 0.42350785723884676, 0.42250180888901934, 0.42149581844396744, 0.4204898684102202, 0.4194839591383784, 0.41847812119856, 0.4174723582612813, 0.4164666302667463, 0.415460954840355, 0.4144553257166651, 0.413449725704602, 0.4124441763906727, 0.4114386676898012, 0.4104332308432525, 0.40942781574818354, 0.40842246931288645, 0.4074171531336164, 0.4064118865804242, 0.4054066992022126, 0.40440156109543424, 0.4033964416777597, 0.40239137550009857, 0.4013864097393848, 0.40038151028201785, 0.3993766475472062, 0.39837180722520993, 0.3973670418248804, 0.3963623044557859, 0.3953575931075013, 0.3943529118318301, 0.3933482958313156, 0.3923436984341976, 0.3913391510192853, 0.39033465739067397, 0.38933020084897285, 0.3883258328869653, 0.38732151567460266, 0.3863172274927389, 0.38531302412572505, 0.38430885476013854, 0.3833047696379738, 0.38230073786887253, 0.38129675141567654, 0.38029279117902387, 0.37928888458642634, 0.37828503146255543, 0.37728127315550436, 0.37627756165322984, 0.3752739209962496, 0.3742702946823017, 0.37326668750451814, 0.37226309384585304, 0.3712595903416901, 0.37025611700433647, 0.3692526944937507, 0.368249299556059, 0.36724593479059314, 0.36624259860313113, 0.36523929906826985, 0.3642360310875971, 0.36323282899393194, 0.36222966390035427, 0.36122654663436105, 0.36022348110157665, 0.3592204562481667, 0.3582174967157362, 0.35721458005224443, 0.3562117409072343, 0.3552089643461591, 0.3542062296470006, 0.35320353501303525, 0.35220088419203743, 0.3511982799216706, 0.3501957001850369, 0.3491931676738436, 0.3481906785925958, 0.3471882094470404, 0.34618579651016057, 0.3451834672636793, 0.3441811981259136, 0.34317897280020404, 0.34217685109190754, 0.3411748016376494, 0.34017279460987515, 0.3391708043222407, 0.33816886117168343, 0.3371669600315285, 0.3361651429165734, 0.3351633646808734, 0.33416163477298105, 0.3331599720291892, 0.33215839357564936, 0.33115685268679557, 0.3301553205573672, 0.3291538404709971, 0.32815238168444355, 0.3271509630749144, 0.3261496057083866, 0.3251482951794302, 0.324147022953723, 0.32314580486114586, 0.3221446023218684, 0.3211434598341172, 0.3201423870388144, 0.31914136616979566, 0.31814035089340004, 0.3171393993427303, 0.3161384828839203, 0.3151376138784336, 0.31413682448311087, 0.3131360895878405, 0.31213539129840334, 0.31113470850050995, 0.3101340764972914, 0.3091334773118765, 0.30813290801109944, 0.3071324164469718, 0.3061319698611447, 0.3051316001312009, 0.3041312921084944, 0.30313104086253695, 0.3021308303739219, 0.3011306600318299, 0.3001305307588562, 0.2991304830415551, 0.2981304417166325, 0.2971304694075584, 0.2961305392943016, 0.2951307213496384, 0.29413093869151097, 0.2931312114311784, 0.2921314989321081, 0.2911318263364439, 0.2901322204770738, 0.28913267374268437, 0.2881331628798376, 0.28713370708268604, 0.28613433178166076, 0.2851350262059431, 0.28413576592321016, 0.28313654068132504, 0.28213736899993325, 0.2811382538784253, 0.2801391766496753, 0.27914013723875974, 0.2781411191810904, 0.27714215736973224, 0.27614320974636836, 0.27514432376247944, 0.27414550942069466, 0.2731467562415836, 0.2721480574580962, 0.2711494160793848, 0.27015086223517276, 0.26915239181545314, 0.26815395404537395, 0.2671555669846162, 0.2661572179538547, 0.26515893007669533, 0.26416069481611393, 0.2631625102382045, 0.262164360351314, 0.261166298846995, 0.26016825401858396, 0.2591702869267004, 0.25817239458937397, 0.25717454501815284, 0.2561767312845532, 0.2551789765810646, 0.25418134082221233, 0.25318374865329263, 0.2521862705326945, 0.2511888226395977, 0.25019144495713597, 0.24919411659356366, 0.24819683945275223, 0.24719965337449365, 0.24620251771241755, 0.24520545213620162, 0.2442084509777723, 0.2432115926460725, 0.24221477415410791, 0.24121800006569805, 0.240221273482849, 0.23922459225528686, 0.23822793086147392, 0.2372313232071233, 0.23623476538293006, 0.23523826549268145, 0.2342418640226583, 0.2332455380257196, 0.23224924422724338, 0.2312530174201568, 0.2302568811125158, 0.22926079480632233, 0.22826477702694697, 0.22726878710198956, 0.2262728319227215, 0.2252769580233303, 0.2242811083888559, 0.22328531550502967, 0.2222896066020287, 0.2212939447471552, 0.22029834806283458, 0.21930284223332142, 0.21830742672112868, 0.21731205983219565, 0.21631677989825354, 0.21532154309530133, 0.21432636876945743, 0.21333122835817644, 0.21233612376828398, 0.2113410900983596, 0.2103461013571651, 0.20935115040575533, 0.2083562305917403, 0.20736135306168862, 0.20636657013015292, 0.20537186983996175, 0.2043772033505511, 0.20338263467619555, 0.2023881160837469, 0.20139363776340136, 0.2004026520138197, 0.19940834910907093, 0.19841421520523994, 0.19742012441323445, 0.1964261008672842, 0.1954321110194596, 0.19443822391065985, 0.1934443672477249, 0.19245058067582949, 0.19145684576088767, 0.1904632771396935, 0.18946979229920838, 0.18847643616982274, 0.18748309342649874, 0.18648985038733487, 0.18549668219287269, 0.18450362982066842, 0.183510610548197, 0.18251769962684375, 0.18152492694349576, 0.18053218837129242, 0.17953953743832035, 0.17854694110882346, 0.1775544046656781, 0.17656189838021968, 0.17556946717999328, 0.17457715045123645, 0.1735848550941707, 0.17259261283556643, 0.1716004658196615, 0.17060831838891993, 0.16961630245307274, 0.16862435192511266, 0.167632503160661, 0.16664072391119245, 0.165648998595563, 0.16465735246779023, 0.16366577014606187, 0.16267423562169187, 0.16168278248889908, 0.16069142589790014, 0.15970013583183554, 0.1587089420593646, 0.15771782842708829, 0.1567267856276285, 0.15573580315760618, 0.1547448994492772, 0.15375414626871223, 0.15276345702341354, 0.15177286402119097, 0.15078240078097083, 0.14979203758864043, 0.1488017561050699, 0.14781155112115654, 0.14682138941918177, 0.1458313454531808, 0.1448413493115485, 0.14385147006463586, 0.14286165142249235, 0.14187191383869913, 0.14088229020633602, 0.13989275947925142, 0.13890334676098723, 0.137914043377171, 0.13692483432699723, 0.13593574202989098, 0.13494683006255137, 0.13395809360140523, 0.13296947196505324, 0.1319809343274952, 0.13099249956585352, 0.13000416407487192, 0.12901596602665516, 0.12802789797956024, 0.1270399558090272, 0.1260521170657965, 0.12506443193560504, 0.12407687442339403, 0.1230894685748185, 0.12210213285275721, 0.12111486996548455, 0.12012781411740063, 0.11914088220372428, 0.11815626930317183, 0.11716949933095036, 0.11618285532095804, 0.11519632332765681, 0.11421000629695444, 0.1132237760327502, 0.11223766221548581, 0.1112517036996967, 0.11026594522342956, 0.10928025352067564, 0.10829470088950059, 0.10730933481724876, 0.10632411965968025, 0.10533900734503594, 0.10435543720961844, 0.10337063284690769, 0.10238592760881429, 0.10140132773316564, 0.10041683330181086, 0.09943243963632611, 0.09844818699142457, 0.09746407535563066, 0.09648007440203427, 0.09549624350854427, 0.09451254152328221, 0.09352908526898238, 0.09254565053946061, 0.0915624579996536, 0.09057943036299819, 0.08959654458742256, 0.08861386600305635, 0.08763139679555057, 0.08664905345729253, 0.08566682677449589, 0.08468473729094683, 0.08370282156317901, 0.0827210934617647, 0.0817395727998197, 0.08075823357669608, 0.07977809332057768, 0.07879717190506189, 0.07781656616567634, 0.07683631120568238, 0.07585633387536508, 0.07487655901744364, 0.07389703374865782, 0.07291781350997509, 0.0719388765355967, 0.07096025997639516, 0.0699819024236162, 0.06900391693448125, 0.06802623589032716, 0.06704885965187621, 0.06607181601186377, 0.06509508701088387, 0.06411853636563021, 0.06314235224572243, 0.0621664966990527, 0.06119094198861976, 0.060215801274069745, 0.059241171947227646, 0.05826686570952515, 0.057292925209782256, 0.05631944722518408, 0.05534639714233323, 0.05437372216486105, 0.05340164388432398, 0.05242992068223569, 0.051458725844525766, 0.05048811277854794, 0.049518046980183646, 0.04854870983303923, 0.04758000931581842, 0.046611836108462965, 0.045644317489084166, 0.044677588634192134, 0.04371159197221731, 0.04274632996286342, 0.04178192596896746, 0.040826104636383295, 0.03986345384625114, 0.0389017047152224, 0.03795071023873473, 0.03699084633313735, 0.03603200154923699, 0.03508135772198904, 0.03412622045321657, 0.033170553169585934, 0.03221618103179666, 0.031263137740592396, 0.030311573661097945, 0.02936167578793345, 0.02841336220126319, 0.02746670764533603, 0.026522264048242226, 0.025579730462275567, 0.024639377568121887, 0.023701380257478692, 0.022766016398051484, 0.02183319187565226, 0.02090339383606598, 0.01997684931086273, 0.019053908824345493, 0.018135032388770615, 0.017220364733766962, 0.01631096668107292, 0.015406613706865163, 0.014508176169939217, 0.013616256985806796, 0.012731590671043744, 0.011854677629395637, 0.010987435771312438, 0.010131002755967209, 0.009286600899178049, 0.008462875806569448, 0.007651558752968258, 0.0068528467676809285, 0.006074128428248994, 0.005318276338416293, 0.004589518744315524, 0.00389380132217602, 0.0032358772041322726, 0.0026224753283547566, 0.002055292612806672, 0.0015429599097508601, 0.0010926497801534761, 0.0007099810394260089, 0.00040241673120198964, 0.00017862709890787922, 4.283557644242293e-05, 0.0]","[0.0, 1.3286448577180146e-05, 1.4795105522571726e-05, 1.709341007643141e-05, 1.630915987119737e-05, 1.5661175950503636e-05, 1.5410822643939544e-05, 1.6174805165942282e-05, 1.7244322290717788e-05, 1.853006909810901e-05, 2.0190968899354467e-05, 2.164152695856965e-05, 2.4049586299575302e-05, 2.632468808444697e-05, 2.8380081025031654e-05, 3.047246711456568e-05, 3.274196794699797e-05, 3.4921773839678005e-05, 3.6906571973071644e-05, 3.891557717087614e-05, 4.096489472762527e-05, 4.297302804562587e-05, 4.452891194561321e-05, 4.596844454917896e-05, 4.7453385340802616e-05, 4.8935271091225265e-05, 5.040919362632162e-05, 5.172681273160084e-05, 5.302260337942936e-05, 5.432339236507652e-05, 5.601585252115435e-05, 5.77511641102382e-05, 5.950254171449094e-05, 6.130162306987595e-05, 6.29970073366359e-05, 6.470649751321433e-05, 6.643650274115043e-05, 6.82733992313417e-05, 7.011748632772643e-05, 7.195276117032624e-05, 7.379439431994343e-05, 7.555893252492144e-05, 7.731772454920963e-05, 7.910418544492124e-05, 8.104505648165947e-05, 8.294611748180266e-05, 8.482646175493782e-05, 8.681641060100185e-05, 8.90110075659051e-05, 9.132814361998264e-05, 9.33902115658091e-05, 9.53265483312615e-05, 9.720975638024797e-05, 9.905653743656238e-05, 0.0001009384852484554, 0.00010284030718214678, 0.00010474353229006405, 0.00010669089991065458, 0.00010869365434996345, 0.00011064423326046756, 0.00011256371800279593, 0.00011452205195570684, 0.0001164677215680182, 0.00011836460923182259, 0.00012014487672367157, 0.00012192754994466258, 0.00012369203895681022, 0.00012546860738540532, 0.000127213297425848, 0.00012896961656927477, 0.00013066226249306884, 0.00013234788107471937, 0.00013406866805594, 0.00013582793201250535, 0.00013762262904007576, 0.00013948477585734652, 0.00014132119122613546, 0.00014315789112113393, 0.00014499360070988624, 0.00014680874524754234, 0.00014873237087121443, 0.00015067997003211835, 0.0001525863665452168, 0.00015450222072524558, 0.00015643793868929306, 0.00015831397824312725, 0.00016016706044509344, 0.00016202724009126775, 0.00016389122835417397, 0.00016586630587105694, 0.0001678779011527529, 0.00016986323250926122, 0.00017185129302702083, 0.00017382503329302487, 0.00017581287806008248, 0.00017780653385719432, 0.0001799319564686944, 0.00018213997537410809, 0.0001843614034615415, 0.00018661402673204888, 0.00018890195354943407, 0.0001911652185620069, 0.00019342933285730542, 0.00019574553604450345, 0.00019807028272532336, 0.00020039119874552862, 0.00020268897982609574, 0.0002049918746939828, 0.00020722801647132507, 0.0002094214224230912, 0.00021158392240718665, 0.00021374645618611748, 0.0002159286971922669, 0.00021809289167476858, 0.00022019420982778815, 0.00022226490362561605, 0.00022435983916815872, 0.00022641165500122701, 0.00022848736947355758, 0.00023054027930217207, 0.00023254156919182918, 0.0002345633377484593, 0.00023653028354154838, 0.0002385134051585348, 0.00024048527193835348, 0.0002424663525658268, 0.0002444428892897414, 0.00024639571966400715, 0.0002483476882120919, 0.00025028232878740653, 0.00025221296398095965, 0.00025417788670087794, 0.000256064659200734, 0.00025790550346959615, 0.00025974914123542953, 0.0002615819451640709, 0.0002634215126517494, 0.0002652070925502589, 0.00026696383773581084, 0.0002686457892865986, 0.00027028964496182304, 0.0002719155018068316, 0.00027355426018275925, 0.0002752320134384639, 0.0002769365039545016, 0.00027865102178264344, 0.00028031993396374864, 0.0002819334326748627, 0.00028359234684996405, 0.0002852588373696327, 0.0002869219691335073, 0.00028857276400775443, 0.0002902814393007894, 0.0002919899062561567, 0.0002936700798525978, 0.00029538087706430777, 0.0002970131570640352, 0.00029864592073771074, 0.0003003025835917506, 0.00030190790327583176, 0.00030351509125813784, 0.00030512358492411254, 0.0003067349770218976, 0.00030835387949654713, 0.00030997538614773313, 0.0003115529017820539, 0.0003131706473384884, 0.00031475441911390974, 0.0003162970183807522, 0.000317831579870774, 0.00031931703528559113, 0.0003207281212764779, 0.0003220978957646565, 0.0003234442587153755, 0.0003248115023529551, 0.0003261316612383457, 0.00032744981208105746, 0.00032873453004434664, 0.0003300438368851769, 0.00033137083381151717, 0.00033269464354813684, 0.00033406042752516865, 0.0003354302797970354, 0.0003368330432600102, 0.00033822634220338164, 0.0003395126358915019, 0.0003407670080175963, 0.00034201527454566147, 0.00034325259584638997, 0.00034448737230678434, 0.00034566956861514515, 0.00034681905310012694, 0.00034797877768351707, 0.0003491654081339779, 0.0003503264145938709, 0.0003514270070170075, 0.0003525018046721542, 0.00035357593985950925, 0.00035464489661056654, 0.00035566004722435707, 0.0003566809861827874, 0.00035769970689688093, 0.00035870694991917926, 0.00035965079680459565, 0.0003606002523965296, 0.0003615574581975162, 0.00036248741961032407, 0.00036345146016759195, 0.00036449332980809145, 0.00036552093697314917, 0.0003665298980131234, 0.0003675319116211673, 0.0003685127410065451, 0.0003694476586852862, 0.000370392044152185, 0.00037132613845104577, 0.00037225027992827367, 0.0003731709561517418, 0.0003740687905928469, 0.00037497809162299856, 0.0003758979972881657, 0.0003768062538990445, 0.00037770698249195683, 0.0003785621678359218, 0.00037939576632439043, 0.0003802150468217839, 0.0003810318863180774, 0.0003818413616342129, 0.0003826408186446581, 0.00038346595227156525, 0.0003843211619661201, 0.00038519278739420536, 0.0003860485902260833, 0.000386865526376513, 0.0003876836305544208, 0.0003884971540967565, 0.0003893988113468593, 0.00039032281645387496, 0.0003912245364060362, 0.0003921471756335241, 0.00039305557769807873, 0.00039395059698032467, 0.0003948307016382196, 0.0003957309841950815, 0.00039663462285177985, 0.00039757631078464895, 0.00039855696222220653, 0.00039951044630987036, 0.00040045613004543974, 0.00040139276459490874, 0.0004023107754039395, 0.0004031869350991829, 0.000404057381516201, 0.00040491509983496283, 0.0004057668663159922, 0.00040661823610077763, 0.0004074672961012398, 0.00040829901304386296, 0.00040914044195941324, 0.00041000331158004663, 0.0004108846823083394, 0.000411832847911549, 0.0004127824308430888, 0.00041377376769200614, 0.00041469847745478607, 0.0004156068899477722, 0.00041646457978205284, 0.00041732990873109236, 0.00041823421948542004, 0.0004191454401956755, 0.0004200612979455468, 0.0004209485083054188, 0.000421842204468384, 0.000422733968907294, 0.00042361727527592575, 0.0004245264311951168, 0.0004253532733077022, 0.0004261863988842912, 0.0004269959033346245, 0.0004277873701223371, 0.0004285920116780335, 0.0004294039141969582, 0.00043019124884790177, 0.0004309611603334407, 0.0004317537761670631, 0.000432535012988969, 0.00043325654253754655, 0.00043393693971286384, 0.000434623861723674, 0.00043530736797647867, 0.0004359950285361653, 0.00043671251479625116, 0.0004374289466427717, 0.00043812173674599416, 0.00043880292372238837, 0.0004394557947379666, 0.00044009760602980313, 0.00044073456868110814, 0.0004413955831642718, 0.0004420346176386875, 0.00044263516734888625, 0.0004432615927035643, 0.00044389550070127436, 0.0004445662235533799, 0.00044522383659931615, 0.00044584697519237814, 0.00044645727427244025, 0.0004470533315847324, 0.000447649292528408, 0.0004482323516011771, 0.0004487978458032908, 0.0004493937538139401, 0.0004500256577336003, 0.00045067086933259004, 0.0004513241827585026, 0.00045196941856318973, 0.00045266374902702553, 0.00045336475375209263, 0.00045404851588402, 0.0004547536236891205, 0.0004554604411793933, 0.00045617831509903596, 0.0004568797949339822, 0.0004575809781467341, 0.0004582815683732724, 0.0004589769887029142, 0.00045972408785561515, 0.0004604696313035781, 0.00046125166024152853, 0.00046202710860411035, 0.00046279915571000404, 0.0004635648163619301, 0.000464313328247398, 0.0004650688352057229, 0.0004658261158344561, 0.0004666067182095066, 0.000467380585032396, 0.0004681481038075205, 0.0004689000067788885, 0.0004696311011453566, 0.0004703514352108357, 0.000471049578658917, 0.0004717863344436685, 0.0004725324081968997, 0.000473277714497691, 0.00047405343867293613, 0.000474824172780717, 0.0004755215271607836, 0.00047621692270681786, 0.0004768794036814852, 0.0004775528735830054, 0.0004782308285792705, 0.00047892209273486005, 0.0004796400309986418, 0.0004803456415199873, 0.0004810143110189805, 0.00048166557754695724, 0.00048231084964685554, 0.0004829447495960492, 0.00048356910699826305, 0.00048412996219318437, 0.0004846967741401113, 0.000485253125808815, 0.0004858169840870555, 0.0004863758542431009, 0.0004868910864543019, 0.0004873959363091994, 0.00048790251380012193, 0.0004883980503670394, 0.0004888805518352427, 0.0004893549403863651, 0.0004898512187291961, 0.0004903341681429359, 0.0004879612329215731, 0.0004884738798291391, 0.0004890036936115012, 0.000489548281855252, 0.000490039980077948, 0.0004905475677010444, 0.0004910553661506386, 0.0004915503742662002, 0.0004920173634134249, 0.0004924770473253005, 0.0004929462712330101, 0.0004934020652059566, 0.0004938446462886052, 0.0004942875792492587, 0.0004947349408034845, 0.0004951903766639641, 0.0004956636447601888, 0.0004961512672771314, 0.0004966485801831069, 0.0004971530086718132, 0.0004976426820171788, 0.0004981474684273439, 0.0004986398844799125, 0.0004991322215866229, 0.0004996299640749589, 0.0005001150606925122, 0.0005005987391976737, 0.0005010791571464059, 0.0005015384132829231, 0.00050199194644747, 0.0005024314377286353, 0.0005028842179965115, 0.0005033428108578222, 0.0005037879309498068, 0.0005042295803724098, 0.000504693430469455, 0.0005051427507126035, 0.0005055927285764986, 0.0005060525099797137, 0.0005064804797387605, 0.0005069158753674938, 0.0005073886955154197, 0.0005078232980492295, 0.0005082672170236766, 0.0005087100993056671, 0.0005091193790599456, 0.0005095076901058296, 0.0005098621851300324, 0.0005102762774087539, 0.0005107521882780019, 0.0005112258322750313, 0.0005117103509003125, 0.0005121902523395941, 0.0005126593853024757, 0.0005131110711360156, 0.0005135388086901722, 0.0005139716216459066, 0.0005144217830848069, 0.0005148812562256172, 0.000515329909955341, 0.0005157606790869828, 0.000516191326659571, 0.0005166181367958582, 0.0005170813655441088, 0.0005175488336416989, 0.0005180343745247688, 0.0005185015356082064, 0.0005189280418321713, 0.0005193409687277819, 0.0005197503538579797, 0.0005201533720520582, 0.0005205855515693604, 0.0005210299647137323, 0.0005214516066193034, 0.0005218763679116136, 0.0005222988097431842, 0.0005227264526767673, 0.0005231518808469055, 0.0005235715065962725, 0.0005239914532222999, 0.0005243973785769231, 0.0005247759127295517, 0.0005251797690814365, 0.0005255778617611657, 0.0005259288259097992, 0.0005262830104161963, 0.000526668694226359, 0.000527051819503712, 0.0005274213472650938, 0.0005277892279710706, 0.0005281442954345726, 0.0005285010851821861, 0.0005289725414941858, 0.0005294458148193754, 0.0005299167997649005, 0.0005303888781739669, 0.0005308565097107757, 0.0005313054441357657, 0.0005317739722278703, 0.0005322550228121806, 0.0005327182404604959, 0.0005331832633408046, 0.0005336570338372798, 0.0005341614783642707, 0.0005346770615819336, 0.0005351998080702619, 0.0005357263874765873, 0.0005362588117170361, 0.0005367647121691638, 0.0005372503720107989, 0.0005377127302215716, 0.000538170651024676, 0.0005386132675357242, 0.0005390717292506541, 0.0005395020615253036, 0.0005399324223499893, 0.0005403743719541964, 0.0005408647160795626, 0.0005413543549923307, 0.0005418295881519951, 0.0005422986587084134, 0.0005427564557289372, 0.0005432136004435219, 0.0005436676794630116, 0.0005441113669365799, 0.0005445546073034784, 0.0005449921567263728, 0.0005454308481307633, 0.0005458580923755946, 0.0005462991659029354, 0.0005467555443457232, 0.0005472151893163889, 0.0005476863639186489, 0.0005481555107616067, 0.0005486079040277323, 0.0005490646222250737, 0.0005494721430268917, 0.0005498695449606687, 0.00055025814626022, 0.0005506410580661262, 0.0005510343248257935, 0.000551435013121518, 0.000551856821247652, 0.0005522689505064409, 0.00055267752793286, 0.0005530826362965858, 0.0005534787024423554, 0.0005538660649291188, 0.0005542411700545691, 0.0005546057834626238, 0.0005549749151142198, 0.0005553461179461748, 0.0005557011839745348, 0.0005560564022784008, 0.0005564239874324271, 0.0005568064281838768, 0.0005571939000905201, 0.0005575751538729191, 0.0005579820867675952, 0.0005584083671587316, 0.0005588753251682313, 0.0005593300457272731, 0.0005597508104073135, 0.0005601543621546197, 0.0005605361756084984, 0.0005609127500084449, 0.00056127948737118, 0.0005616343721232527, 0.0005619854564108467, 0.0005623247357865216, 0.0005626623789389976, 0.0005630473509044297, 0.0005633994637843837, 0.0005637630487698968, 0.0005641525639309109, 0.00056454590326287, 0.0005649457861253696, 0.0005653640935111231, 0.0005658114740024232, 0.000566244442420128, 0.0005666806458505796, 0.0005671196256376292, 0.0005675438203144792, 0.0005679662718813857, 0.0005683956023662698, 0.0005688133422576184, 0.000569243835333439, 0.0005697236024629539, 0.0005702264630056257, 0.0005707443961627798, 0.000571236370960401, 0.0005717198152147149, 0.0005722075682620399, 0.0005726916211410811, 0.0005731464790620649, 0.0005735965570967741, 0.0005740608092443567, 0.0005744985173333805, 0.0005749422597709288, 0.0005753906030819544, 0.0005758152702785925, 0.0005762657493585011, 0.0005767188286603048, 0.0005771538739077673, 0.0005775301116638915, 0.0005779166117436958, 0.0005783078183477343, 0.0005786909905263888, 0.0005790866095839473, 0.0005794804717156128, 0.0005799201798434599, 0.0005803529677549582, 0.0005807922543366668, 0.0005813189580228674, 0.0005818365133279043, 0.0005823639679248664, 0.0005829091469807428, 0.0005834508648580423, 0.0005839933970019419, 0.0005845594367226878, 0.0005851451798862618, 0.000585765383935063, 0.0005863941143847243, 0.0005870158703190046, 0.0005876538178293847, 0.0005883208587529943, 0.0005889803686140319, 0.0005896293641810349, 0.0005902959533131894, 0.0005909577916489207, 0.0005916234750185735, 0.0005922613024581527, 0.0005928975985366558, 0.0005935388354124915, 0.0005941854843682489, 0.0005948459837038256, 0.0005954832851351071, 0.0005961345589882644, 0.0005967895555290506, 0.0005973978710080389, 0.0005980032238505843, 0.000598615337562499, 0.0005992345068385563, 0.0005998127600099426, 0.0006003813405719332, 0.0006009141571197402, 0.0006014359680875853, 0.000601964364356341, 0.0006025004883726351, 0.0006030174995849025, 0.0006035309981920809, 0.0006040589359044336, 0.0006045728323653208, 0.0006050868437786305, 0.0006056246360047159, 0.0006061720333885294, 0.0006067227600241416, 0.0006072510285944012, 0.0006077941735508119, 0.0006083486712523261, 0.0006088994453182695, 0.0006094485482493454, 0.0006100268012431253, 0.0006105914858560045, 0.0006111651802237691, 0.0006117629658575834, 0.0006123207909074671, 0.000612875795651913, 0.0006134280401345292, 0.0006140472268173165, 0.0006146592290384781, 0.0006152749963092294, 0.0006158764580456156, 0.0006164399644122525, 0.0006170172076024107, 0.0006176074637553338, 0.0006181893161456601, 0.0006187511035397911, 0.0006193351757675747, 0.0006199039518047977, 0.0006204798639158043, 0.0006210528791338235, 0.0006216600284097301, 0.0006222576741986057, 0.0006228398430416164, 0.0006234168315692363, 0.0006239788950367646, 0.0006245486470943683, 0.0006251213211087503, 0.0006256947160796297, 0.000626251922380458, 0.0006268547394733601, 0.0006274743822617866, 0.0006281268714254204, 0.0006288365100382544, 0.0006295268901846677, 0.0006302169753505476, 0.0006309049377977382, 0.0006316144056416917, 0.0006323173626539352, 0.0006330039130583799, 0.0006336554772877192, 0.0006343169348533878, 0.0006349782718052581, 0.0006356582881818727, 0.0006363317047462813, 0.0006369823867596243, 0.0006376299532846779, 0.0006382839470624481, 0.0006389359391785052, 0.0006396118968151984, 0.0006402803208233977, 0.0006409254983764178, 0.0006415783638475659, 0.0006422214591760816, 0.0006429056747870464, 0.0006436061342602359, 0.0006442835214391589, 0.000644952236964731, 0.0006455949561762926, 0.0006462402715926519, 0.0006468758689875451, 0.0006475190186345824, 0.0006481640987612656, 0.0006488140758645756, 0.0006494469710652741, 0.0006500981922688492, 0.0006507531616289568, 0.0006513641423532429, 0.0006519617660601149, 0.0006525160814408026, 0.000653086095386448, 0.0006536777150677231, 0.0006542719748527548, 0.0006548751048200899, 0.0006554774444540692, 0.0006560814401269172, 0.000656675031975956, 0.000657275234016299, 0.0006578704368608314, 0.000658449499820835, 0.0006590533051214911, 0.0006596575484092003, 0.0006602608806737009, 0.0006609428302022991, 0.000661576157461639, 0.0006621955659325507, 0.0006628068450337097, 0.0006634083007575548, 0.0006640062881668595, 0.0006646177801677572, 0.0006652153359843234, 0.0006658155818556334, 0.0006664134503835267, 0.0006670201463860701, 0.0006676060126719588, 0.00066820230215305, 0.0006688017074087136, 0.0006693988742573397, 0.0006700137598175111, 0.0006706188983635862, 0.0006712199529499442, 0.0006718130097865861, 0.0006724197748052625, 0.0006730037557055917, 0.0006735868122120305, 0.000674163195151157, 0.0006747187209642547, 0.0006752679750582261, 0.0006758199675200042, 0.0006763754663376654, 0.0006769375063328503, 0.0006775296082252183, 0.0006781355168863, 0.0006787499137485042, 0.0006793429518053771, 0.0006799328068232316, 0.0006805142944037427, 0.0006810642058920774, 0.0006816035933237349, 0.0006821605329944882, 0.0006827241750564274, 0.000683293122130174, 0.0006838199053470406, 0.0006843254427339034, 0.0006848356069157823, 0.0006853377506458642, 0.0006858318777800918, 0.0006863395608661081, 0.0006868384834347323, 0.0006873363796853564, 0.000687862100989973, 0.0006883724041880694, 0.0006888985835186176, 0.0006894472980993491, 0.0006899403833317109, 0.0006904263897907863, 0.0006909002816789681, 0.0006913647892228096, 0.0006918315210432002, 0.0006922985423683189, 0.0006927660237031549, 0.0006932239865551546, 0.0006937013429538682, 0.0006941790355488842, 0.0006946686631830888, 0.0006951540146403267, 0.0006956259808272116, 0.0006960933320316556, 0.0006966126564753497, 0.0006971145193492469, 0.000697584922247373, 0.0006980159589201033, 0.0006984723008957958, 0.0006950030790464708, 0.000695393206262815, 0.0006956837773649218, 0.0006960006976074491, 0.0006962885763852874, 0.0006965699035717136, 0.0006968583259484937, 0.0006971462192577736, 0.0006973996764012075, 0.0006976730941497204, 0.0006979244588841291, 0.0006981976490765097, 0.0006983997460963925, 0.0006985766574342106, 0.000698775962438907, 0.0006989786762508143, 0.0006992072741962577, 0.0006994533114365341, 0.0006997228773431205, 0.0007000497226427161, 0.0007003898587424593, 0.0007007508107185593, 0.0007011161343789807, 0.0007014473210341216, 0.000701806095672322, 0.0007021370318576, 0.000702554284651965, 0.0007029900586768926, 0.000703409474124693, 0.000703791976859287, 0.0007041600527555661, 0.0007045569009711171, 0.0007049346334303218, 0.0007053092998852284, 0.0007057316331018835, 0.0007061592695388418, 0.0007066114646327188, 0.0007070101029408721, 0.0007074454297047877, 0.0007078609572971208, 0.0007082865675622389, 0.0007086931133448805, 0.0007091265517202875, 0.0007096418303540753, 0.000710144033791355, 0.0007106363412664618, 0.000711096724506078, 0.0007115125232126137, 0.000711986247143395, 0.0007124035244704814, 0.000712830636220521, 0.0007132491636855241, 0.0007136735943839413, 0.0007141188368767601, 0.0007145361162558333, 0.0007149176956660629, 0.0007153096749973423, 0.0007157112915070687, 0.0007160694378408482, 0.0007164505067004698, 0.0007168909586133968, 0.0007172821129123665, 0.000717652101950477, 0.0007180383573438283, 0.0007184227703283147, 0.0007188587222599891, 0.000719145640874136, 0.0007195718841132397, 0.0007199558453919322, 0.0007203496333238748, 0.000720777954535278, 0.0007212277341183029, 0.0007216743380518112, 0.0007220211750590909, 0.0007223500257017113, 0.0007226614086386583, 0.0007229210567814363, 0.0007232495754665901, 0.0007235219156991479, 0.0007238151922169576, 0.0007241228223818627, 0.000724432979890315, 0.0007247625837399771, 0.0007251071437114987, 0.0007254871794794561, 0.0007258726241359511, 0.0007261816400893744, 0.0007265451339609441, 0.0007268837792863941, 0.0007272427328534976, 0.0007276167591239607, 0.0007278865557962261, 0.0007282262541615449, 0.0007285679151526927, 0.0007290145661403806, 0.0007294277819992039, 0.0007298154957468018, 0.0007319625547709992, 0.0007323044057363861, 0.0007326504488468378, 0.0007330127146665846, 0.0007333236580098749, 0.0007336594259657134, 0.0007340049984322411, 0.0007343065998310443, 0.000734592637056531, 0.0007348436252995865, 0.0007350061881193067, 0.0007351547747803854, 0.000735284089590305, 0.0007353824204804095, 0.0007354827922890998, 0.0007355361424457216, 0.0007357015338468369, 0.0007358664412881883, 0.000736046962321913, 0.0007361701957554388, 0.0007363644068475377, 0.0007365323624168691, 0.0007367326074193448, 0.0007369320528510666, 0.0007370461063644002, 0.0007379629549640634, 0.0007380709870178425, 0.0007381551612026839, 0.0007383831976320597, 0.0007385069060259927, 0.0007385120272606815, 0.0007385076012320373, 0.0007384878176010247, 0.0007384367185289777, 0.0007382555184659747, 0.0007380714787444824, 0.0007379949841886558, 0.0007378394656704451, 0.0007378291951547895, 0.0007376882981234592, 0.0007375296305486848, 0.0007374071636366923, 0.0007372097517876413, 0.0007370549523584535, 0.0007368308549463783, 0.000736693263957765, 0.0007365119578974512, 0.0007364219318777183, 0.0007363242412643113, 0.0007361174670648753, 0.0007358200171541067, 0.0007355129614402549, 0.0007352229336573549, 0.0007348847075843819, 0.0007345265546249043, 0.0007339774743610268, 0.0007335470372062033, 0.0007327999896477904, 0.0007320423201614804, 0.0007311957657381457, 0.0007303146601993994, 0.0007294740578034634, 0.0007283014015549381, 0.0007272051055163157, 0.0007258380143271308, 0.0007305619805223353, 0.0007289275084902048, 0.0007272504225980798, 0.0007377542189106383, 0.0007360623249807496, 0.0007342847716307121, 0.0007281488813367996, 0.0007264448773906634, 0.0007244353045601319, 0.0007223740526412038, 0.00072020110235628, 0.0007180198075952971, 0.0007157137501449276, 0.0007133018567897538, 0.0007109325851600024, 0.0007083467658952289, 0.0007056771315553432, 0.0007029208053789993, 0.0006998000544451053, 0.0006963924837798152, 0.0006929222660332818, 0.0006890944811065066, 0.0006851496343098726, 0.000680761416137255, 0.0006760852861684277, 0.000671151817105353, 0.0006653750296891063, 0.00065958263120213, 0.0006533020715725064, 0.000646125926849409, 0.0006385122761695056, 0.0006305049197464571, 0.0006218529428917121, 0.0006118633199554956, 0.000600516516695252, 0.0005912356838354575, 0.0005688175116359538, 0.0005528404810240512, 0.0005344979187943441, 0.0005146890489626894, 0.0004925545412732925, 0.00046791044158091114, 0.0004414406568918818, 0.00041040921585379055, 0.00037451582020167076, 0.00033302850235721043, 0.00028736033002910226, 0.00023693065226326035, 0.00018023125465134395, 0.00012216376040438798, 6.120552651483192e-05, 0.0]",1001,False,1001,0.4903099418888339
94,synthetic_ordering1000,EGB_XGB_GAM_RANDOM_RANDOM,"[nan, nan, nan, nan, nan, nan, nan, nan, nan, nan, nan, nan, nan, nan, nan, nan, nan, nan, nan, nan, nan, nan, nan, nan, nan, nan, nan, nan, nan, nan, nan, nan, nan, nan, nan, nan, nan, nan, nan, nan, nan, nan, nan, nan, nan, nan, nan, nan, nan, nan, nan, nan, nan, nan, nan, nan, nan, nan, nan, nan, nan, nan, nan, nan, nan, nan, nan, nan, nan, nan, nan, nan, nan, nan, nan, nan, nan, nan, nan, nan, nan, nan, nan, nan, nan, nan, nan, nan, nan, nan, nan, nan, nan, nan, nan, nan, nan, nan, nan, nan, nan, nan, nan, nan, nan, nan, nan, nan, nan, nan, nan, nan, nan, nan, nan, nan, nan, nan, nan, nan, nan, nan, nan, nan, nan, nan, nan, nan, nan, nan, nan, nan, nan, nan, nan, nan, nan, nan, nan, nan, nan, nan, nan, nan, nan, nan, nan, nan, nan, nan, nan, nan, nan, nan, nan, nan, nan, nan, nan, nan, nan, nan, nan, nan, nan, nan, nan, nan, nan, nan, nan, nan, nan, nan, nan, nan, nan, nan, nan, nan, nan, nan, nan, nan, nan, nan, nan, nan, nan, nan, nan, nan, nan, nan, nan, nan, nan, nan, nan, nan, nan, nan, nan, nan, nan, nan, nan, nan, nan, nan, nan, nan, nan, nan, nan, nan, nan, nan, nan, nan, nan, nan, nan, nan, nan, nan, nan, nan, nan, nan, nan, nan, nan, nan, nan, nan, nan, nan, nan, nan, nan, nan, nan, nan, nan, nan, nan, nan, nan, nan, nan, nan, nan, nan, nan, nan, nan, nan, nan, nan, nan, nan, nan, nan, nan, nan, nan, nan, nan, nan, nan, nan, nan, nan, nan, nan, nan, nan, nan, nan, nan, nan, nan, nan, nan, nan, nan, nan, nan, nan, nan, nan, nan, nan, nan, nan, nan, nan, nan, nan, nan, nan, nan, nan, nan, nan, nan, nan, nan, nan, nan, nan, nan, nan, nan, nan, nan, nan, nan, nan, nan, nan, nan, nan, nan, nan, nan, nan, nan, nan, nan, nan, nan, nan, nan, nan, nan, nan, nan, nan, nan, nan, nan, nan, nan, nan, nan, nan, nan, nan, nan, nan, nan, nan, nan, nan, nan, nan, nan, nan, nan, nan, nan, nan, nan, nan, nan, nan, nan, nan, nan, nan, nan, nan, nan, nan, nan, nan, nan, nan, nan, nan, nan, nan, nan, nan, nan, nan, nan, nan, nan, nan, nan, nan, nan, nan, nan, nan, nan, nan, nan, nan, nan, nan, nan, nan, nan, nan, nan, nan, nan, nan, nan, nan, nan, nan, nan, nan, nan, nan, nan, nan, nan, nan, nan, nan, nan, nan, nan, nan, nan, nan, nan, nan, nan, nan, nan, nan, nan, nan, nan, nan, nan, nan, nan, nan, nan, nan, nan, nan, nan, nan, nan, nan, nan, nan, nan, nan, nan, nan, nan, nan, nan, nan, nan, nan, nan, nan, nan, nan, nan, nan, nan, nan, nan, nan, nan, nan, nan, nan, nan, nan, nan, nan, nan, nan, nan, nan, nan, nan, nan, nan, nan, nan, nan, nan, nan, nan, nan, nan, nan, nan, nan, nan, nan, nan, nan, nan, nan, nan, nan, nan, nan, nan, nan, nan, nan, nan, nan, nan, nan, nan, nan, nan, nan, nan, nan, nan, nan, nan, nan, nan, nan, nan, nan, nan, nan, nan, nan, nan, nan, nan, nan, nan, nan, nan, nan, nan, nan, nan, nan, nan, nan, nan, nan, nan, nan, nan, nan, nan, nan, nan, nan, nan, nan, nan, nan, nan, nan, nan, nan, nan, nan, nan, nan, nan, nan, nan, nan, nan, nan, nan, nan, nan, nan, nan, nan, nan, nan, nan, nan, nan, nan, nan, nan, nan, nan, nan, nan, nan, nan, nan, nan, nan, nan, nan, nan, nan, nan, nan, nan, nan, nan, nan, nan, nan, nan, nan, nan, nan, nan, nan, nan, nan, nan, nan, nan, nan, nan, nan, nan, nan, nan, nan, nan, nan, nan, nan, nan, nan, nan, nan, nan, nan, nan, nan, nan, nan, nan, nan, nan, nan, nan, nan, nan, nan, nan, nan, nan, nan, nan, nan, nan, nan, nan, nan, nan, nan, nan, nan, nan, nan, nan, nan, nan, nan, nan, nan, nan, nan, nan, nan, nan, nan, nan, nan, nan, nan, nan, nan, nan, nan, nan, nan, nan, nan, nan, nan, nan, nan, nan, nan, nan, nan, nan, nan, nan, nan, nan, nan, nan, nan, nan, nan, nan, nan, nan, nan, nan, nan, nan, nan, nan, nan, nan, nan, nan, nan, nan, nan, nan, nan, nan, nan, nan, nan, nan, nan, nan, nan, nan, nan, nan, nan, nan, nan, nan, nan, nan, nan, nan, nan, nan, nan, nan, nan, nan, nan, nan, nan, nan, nan, nan, nan, nan, nan, nan, nan, nan, nan, nan, nan, nan, nan, nan, nan, nan, nan, nan, nan, nan, nan, nan, nan, nan, nan, nan, nan, nan, nan, nan, nan, nan, nan, nan, nan, nan, nan, nan, nan, nan, nan, nan, nan, nan, nan, nan, nan, nan, nan, nan, nan, nan, nan, nan, nan, nan, nan, nan, nan, nan, nan, nan, nan, nan, nan, nan, nan, nan, nan, nan, nan, nan, nan, nan, nan, nan, nan, nan, nan, nan, nan, nan, nan, nan, nan, nan, nan, nan, nan, nan, nan, nan, nan, nan, nan, nan, nan, nan, nan, nan, nan, nan, nan, nan, nan, nan, nan, nan, nan, nan, nan, nan, nan, nan, nan, nan, nan, nan, nan, nan, nan, nan, nan, nan, nan, nan, nan, nan, nan, nan, nan, nan, nan, nan, nan, nan, nan, nan, nan, nan, nan, nan, nan, nan, nan, nan, nan, nan, nan, nan, nan, nan, nan, nan, nan, nan, nan, nan, nan, nan, nan, nan, nan, nan, nan, nan, nan, nan, nan, nan, nan, nan, nan, nan, nan, nan, nan, nan, nan, nan, nan, nan, nan, nan, nan, nan, nan, nan, nan, nan, nan, nan, nan, nan, nan, nan, nan, nan, nan, nan, nan, nan, nan, nan, nan, nan, nan, nan, nan, nan, nan, nan, nan, nan, nan, nan, nan, nan, nan, nan, nan, nan, nan, nan, nan, nan, nan, nan, nan, nan, nan, nan, nan, nan, nan, nan, nan, nan, nan, nan]","[nan, nan, nan, nan, nan, nan, nan, nan, nan, nan, nan, nan, nan, nan, nan, nan, nan, nan, nan, nan, nan, nan, nan, nan, nan, nan, nan, nan, nan, nan, nan, nan, nan, nan, nan, nan, nan, nan, nan, nan, nan, nan, nan, nan, nan, nan, nan, nan, nan, nan, nan, nan, nan, nan, nan, nan, nan, nan, nan, nan, nan, nan, nan, nan, nan, nan, nan, nan, nan, nan, nan, nan, nan, nan, nan, nan, nan, nan, nan, nan, nan, nan, nan, nan, nan, nan, nan, nan, nan, nan, nan, nan, nan, nan, nan, nan, nan, nan, nan, nan, nan, nan, nan, nan, nan, nan, nan, nan, nan, nan, nan, nan, nan, nan, nan, nan, nan, nan, nan, nan, nan, nan, nan, nan, nan, nan, nan, nan, nan, nan, nan, nan, nan, nan, nan, nan, nan, nan, nan, nan, nan, nan, nan, nan, nan, nan, nan, nan, nan, nan, nan, nan, nan, nan, nan, nan, nan, nan, nan, nan, nan, nan, nan, nan, nan, nan, nan, nan, nan, nan, nan, nan, nan, nan, nan, nan, nan, nan, nan, nan, nan, nan, nan, nan, nan, nan, nan, nan, nan, nan, nan, nan, nan, nan, nan, nan, nan, nan, nan, nan, nan, nan, nan, nan, nan, nan, nan, nan, nan, nan, nan, nan, nan, nan, nan, nan, nan, nan, nan, nan, nan, nan, nan, nan, nan, nan, nan, nan, nan, nan, nan, nan, nan, nan, nan, nan, nan, nan, nan, nan, nan, nan, nan, nan, nan, nan, nan, nan, nan, nan, nan, nan, nan, nan, nan, nan, nan, nan, nan, nan, nan, nan, nan, nan, nan, nan, nan, nan, nan, nan, nan, nan, nan, nan, nan, nan, nan, nan, nan, nan, nan, nan, nan, nan, nan, nan, nan, nan, nan, nan, nan, nan, nan, nan, nan, nan, nan, nan, nan, nan, nan, nan, nan, nan, nan, nan, nan, nan, nan, nan, nan, nan, nan, nan, nan, nan, nan, nan, nan, nan, nan, nan, nan, nan, nan, nan, nan, nan, nan, nan, nan, nan, nan, nan, nan, nan, nan, nan, nan, nan, nan, nan, nan, nan, nan, nan, nan, nan, nan, nan, nan, nan, nan, nan, nan, nan, nan, nan, nan, nan, nan, nan, nan, nan, nan, nan, nan, nan, nan, nan, nan, nan, nan, nan, nan, nan, nan, nan, nan, nan, nan, nan, nan, nan, nan, nan, nan, nan, nan, nan, nan, nan, nan, nan, nan, nan, nan, nan, nan, nan, nan, nan, nan, nan, nan, nan, nan, nan, nan, nan, nan, nan, nan, nan, nan, nan, nan, nan, nan, nan, nan, nan, nan, nan, nan, nan, nan, nan, nan, nan, nan, nan, nan, nan, nan, nan, nan, nan, nan, nan, nan, nan, nan, nan, nan, nan, nan, nan, nan, nan, nan, nan, nan, nan, nan, nan, nan, nan, nan, nan, nan, nan, nan, nan, nan, nan, nan, nan, nan, nan, nan, nan, nan, nan, nan, nan, nan, nan, nan, nan, nan, nan, nan, nan, nan, nan, nan, nan, nan, nan, nan, nan, nan, nan, nan, nan, nan, nan, nan, nan, nan, nan, nan, nan, nan, nan, nan, nan, nan, nan, nan, nan, nan, nan, nan, nan, nan, nan, nan, nan, nan, nan, nan, nan, nan, nan, nan, nan, nan, nan, nan, nan, nan, nan, nan, nan, nan, nan, nan, nan, nan, nan, nan, nan, nan, nan, nan, nan, nan, nan, nan, nan, nan, nan, nan, nan, nan, nan, nan, nan, nan, nan, nan, nan, nan, nan, nan, nan, nan, nan, nan, nan, nan, nan, nan, nan, nan, nan, nan, nan, nan, nan, nan, nan, nan, nan, nan, nan, nan, nan, nan, nan, nan, nan, nan, nan, nan, nan, nan, nan, nan, nan, nan, nan, nan, nan, nan, nan, nan, nan, nan, nan, nan, nan, nan, nan, nan, nan, nan, nan, nan, nan, nan, nan, nan, nan, nan, nan, nan, nan, nan, nan, nan, nan, nan, nan, nan, nan, nan, nan, nan, nan, nan, nan, nan, nan, nan, nan, nan, nan, nan, nan, nan, nan, nan, nan, nan, nan, nan, nan, nan, nan, nan, nan, nan, nan, nan, nan, nan, nan, nan, nan, nan, nan, nan, nan, nan, nan, nan, nan, nan, nan, nan, nan, nan, nan, nan, nan, nan, nan, nan, nan, nan, nan, nan, nan, nan, nan, nan, nan, nan, nan, nan, nan, nan, nan, nan, nan, nan, nan, nan, nan, nan, nan, nan, nan, nan, nan, nan, nan, nan, nan, nan, nan, nan, nan, nan, nan, nan, nan, nan, nan, nan, nan, nan, nan, nan, nan, nan, nan, nan, nan, nan, nan, nan, nan, nan, nan, nan, nan, nan, nan, nan, nan, nan, nan, nan, nan, nan, nan, nan, nan, nan, nan, nan, nan, nan, nan, nan, nan, nan, nan, nan, nan, nan, nan, nan, nan, nan, nan, nan, nan, nan, nan, nan, nan, nan, nan, nan, nan, nan, nan, nan, nan, nan, nan, nan, nan, nan, nan, nan, nan, nan, nan, nan, nan, nan, nan, nan, nan, nan, nan, nan, nan, nan, nan, nan, nan, nan, nan, nan, nan, nan, nan, nan, nan, nan, nan, nan, nan, nan, nan, nan, nan, nan, nan, nan, nan, nan, nan, nan, nan, nan, nan, nan, nan, nan, nan, nan, nan, nan, nan, nan, nan, nan, nan, nan, nan, nan, nan, nan, nan, nan, nan, nan, nan, nan, nan, nan, nan, nan, nan, nan, nan, nan, nan, nan, nan, nan, nan, nan, nan, nan, nan, nan, nan, nan, nan, nan, nan, nan, nan, nan, nan, nan, nan, nan, nan, nan, nan, nan, nan, nan, nan, nan, nan, nan, nan, nan, nan, nan, nan, nan, nan, nan, nan, nan, nan, nan, nan, nan, nan, nan, nan, nan, nan, nan, nan, nan, nan, nan, nan, nan, nan, nan, nan, nan, nan, nan, nan, nan, nan, nan, nan, nan, nan, nan, nan, nan, nan, nan, nan, nan, nan, nan, nan, nan, nan, nan, nan, nan, nan, nan, nan, nan, nan, nan, nan, nan, nan, nan, nan, nan, nan, nan, nan, nan, nan, nan, nan, nan, nan, nan, nan, nan, nan, nan, nan, nan, nan, nan, nan, nan, nan, nan, nan, nan, nan, nan, nan, nan]",1001,False,1001,
95,synthetic_ordering2,EBM_GAM,"[1.0, 0.49598198968747714, 0.0]","[0.0, 0.0004849120455170674, 0.0]",3,False,3,0.49799099484373854
96,synthetic_ordering2,EGB_XGB_GAM_BEST_FIT_BEST_FIT,"[1.0, 1.0, 0.0]","[0.0, 0.0, 0.0]",3,False,3,0.75
97,synthetic_ordering2,EGB_XGB_GAM_CYCLIC_CYCLIC,"[1.0, 0.49540828497479816, 0.0]","[0.0, 0.0004246000019763348, 0.0]",3,False,3,0.49770414248739914
98,synthetic_ordering2,EGB_XGB_GAM_CYCLIC_RANDOM_CYCLIC_RANDOM,"[1.0, 0.4953443309656763, 0.0]","[0.0, 0.0002652637194452905, 0.0]",3,False,3,0.4976721654828382
99,synthetic_ordering2,EGB_XGB_GAM_CYCLIC_RANDOM_REVERSE_CYCLIC_RANDOM_REVERSE,"[1.0, 0.4953733506943311, 0.0]","[0.0, 0.0002447665649736933, 0.0]",3,False,3,0.4976866753471656
100,synthetic_ordering2,EGB_XGB_GAM_CYCLIC_REVERSE_CYCLIC_REVERSE,"[1.0, 0.49540737576226396, 0.0]","[0.0, 0.0004905102124120581, 0.0]",3,False,3,0.49770368788113195
101,synthetic_ordering2,EGB_XGB_GAM_RANDOM_RANDOM,"[1.0, 0.4924833234805572, 0.0]","[0.0, 0.0003915782812352429, 0.0]",3,False,3,0.4962416617402786
102,wine,EBM_GA2M,"[1.0, 0.9866797111137264, 0.599135004654015, 0.47117745316400467, 0.3729732681396512, 0.2948519460002396, 0.23858960605819673, 0.18246113757256305, 0.15093767981238274, 0.11007153329026746, 0.08722464291520345, 0.072609208625338]","[0.0, 0.015542978782460581, 0.0338240531462819, 0.0395366323287614, 0.0415898633757402, 0.03964681093838451, 0.03009239347951184, 0.04360094247386994, 0.04347816210231163, 0.031343338580760605, 0.030232536290474836, 0.026315463745045762]",19,False,12,0.3664005988211745
103,wine,EBM_GAM,"[1.0, 0.5626409914644561, 0.5467198646071705, 0.40840577300971903, 0.30182804708373745, 0.21121201524002053, 0.14549233052398125, 0.08145218413406603, 0.030340864601084823, 0.014595858229544598, 0.00350953192144209, 0.0]","[0.0, 0.02725698838784282, 0.026638640008419253, 0.034765024210764606, 0.03499565441010573, 0.03541276812298209, 0.026971562281864828, 0.03556242732866176, 0.02362067065481967, 0.015079322487593829, 0.006932543914367157, 0.0]",12,False,12,0.25510886007411115
104,wine,EGB_XGB_GA2M_CYCLIC_BEST_FIT,"[1.0, 0.9806286373257009, 0.5834487767639174, 0.45123827824662416, 0.35203388322123513, 0.2860445293235204, 0.21903406241820012, 0.15835777079244914, 0.1283560932946771, 0.092864504202296, 0.07270799248716633, 0.052471023371492044]","[0.0, 0.026459124061253742, 0.03671957368518323, 0.0422202143475057, 0.03963072186798815, 0.03644034312641592, 0.030917766802198748, 0.058307108532511476, 0.05240134852574673, 0.040729931498549504, 0.04008748133842683, 0.039721635102974696]",17,False,12,0.35008636725104847
105,wine,EGB_XGB_GA2M_CYCLIC_CYCLIC,"[1.0, 0.9816889669611438, 0.5876756172554033, 0.4583189452785369, 0.35971619761522095, 0.2884009226441748, 0.23034718594708686, 0.1664940048254814, 0.13738031854982996, 0.10198727966325276, 0.07892793213466921, 0.06557087088943807]","[0.0, 0.01127300121953778, 0.03860216614933287, 0.03922267432243515, 0.03975728935351383, 0.04275852671018484, 0.02766215160702956, 0.05975450648427415, 0.05960684488164154, 0.04927621763644043, 0.04856421445211022, 0.040707522150916546]",18,False,12,0.3567020733017744
106,wine,EGB_XGB_GAM_BEST_FIT_BEST_FIT,"[1.0, 0.49647988991863495, 0.4827311555282671, 0.328386420377738, 0.21554200694728282, 0.1621241433375748, 0.11929478993379436, 0.06099911943715931, 0.028293693266308085, 0.015188594357841801, 0.005669871728029067, 0.0]","[0.0, 0.02637059173878403, 0.02171724640783996, 0.0295264040619473, 0.027143084696695234, 0.026131579911370485, 0.02290234219785088, 0.020292801294723016, 0.018150214835996156, 0.012590887124509334, 0.00465503809896192, 0.0]",12,False,12,0.21951906225751186
107,wine,EGB_XGB_GAM_CYCLIC_CYCLIC,"[1.0, 0.5562902674722596, 0.5408363432214414, 0.4000374280962483, 0.29252045209417055, 0.20996852522933382, 0.14647563747298228, 0.08202964764123244, 0.049441064603724, 0.025980565482941753, 0.0070372895229260865, 0.0]","[0.0, 0.024879112562044454, 0.023733823024873806, 0.03557970569053448, 0.037910194913670696, 0.037803238260772934, 0.02801846719875339, 0.043293305249945534, 0.043825947484177105, 0.03230416248687908, 0.006971348917260926, 0.0]",12,False,12,0.25551065643975096
108,wine,Spline,"[1.0, 0.9529555846013527, 0.45438039702843563, 0.2110719948946212, 0.08716237410927613, 0.052388460679327245, 0.04788901481024079, 0.04788901481024079, 0.04788901481024079, 0.04788901481024079, 0.03962728811384838, 0.0]","[0.0, 0.008679328956852498, 0.1191848363156199, 0.10008865933373999, 0.040324054620255984, 0.009702377062690414, 0.010437142583911107, 0.06419080647931795, 0.11583620113038644, 0.1576648786901329, 0.025134100023919127, 0.0]",12,False,12,0.22628565078798404
