The system is: Linux - 5.12.9-051209-generic - x86_64
Compiling the CXX compiler identification source file "CMakeCXXCompilerId.cpp" succeeded.
Compiler: /usr/bin/c++ 
Build flags: 
Id flags:  

The output was:
0


Compilation of the CXX compiler identification source "CMakeCXXCompilerId.cpp" produced "a.out"

The CXX compiler identification is GNU, found in "/home/avi/git/distributions/xgboost/build/CMakeFiles/3.18.4/CompilerIdCXX/a.out"

Compiling the C compiler identification source file "CMakeCCompilerId.c" succeeded.
Compiler: /usr/bin/cc 
Build flags: 
Id flags:  

The output was:
0


Compilation of the C compiler identification source "CMakeCCompilerId.c" produced "a.out"

The C compiler identification is GNU, found in "/home/avi/git/distributions/xgboost/build/CMakeFiles/3.18.4/CompilerIdC/a.out"

Detecting CXX compiler ABI info compiled with the following output:
Change Dir: /home/avi/git/distributions/xgboost/build/CMakeFiles/CMakeTmp

Run Build Command(s):/usr/bin/gmake cmTC_e38b0/fast && /usr/bin/gmake  -f CMakeFiles/cmTC_e38b0.dir/build.make CMakeFiles/cmTC_e38b0.dir/build
gmake[1]: Entering directory '/home/avi/git/distributions/xgboost/build/CMakeFiles/CMakeTmp'
Building CXX object CMakeFiles/cmTC_e38b0.dir/CMakeCXXCompilerABI.cpp.o
/usr/bin/c++   -v -o CMakeFiles/cmTC_e38b0.dir/CMakeCXXCompilerABI.cpp.o -c /usr/share/cmake-3.18/Modules/CMakeCXXCompilerABI.cpp
Using built-in specs.
COLLECT_GCC=/usr/bin/c++
OFFLOAD_TARGET_NAMES=nvptx-none:amdgcn-amdhsa:hsa
OFFLOAD_TARGET_DEFAULT=1
Target: x86_64-linux-gnu
Configured with: ../src/configure -v --with-pkgversion='Ubuntu 10.3.0-1ubuntu1' --with-bugurl=file:///usr/share/doc/gcc-10/README.Bugs --enable-languages=c,ada,c++,go,brig,d,fortran,objc,obj-c++,m2 --prefix=/usr --with-gcc-major-version-only --program-suffix=-10 --program-prefix=x86_64-linux-gnu- --enable-shared --enable-linker-build-id --libexecdir=/usr/lib --without-included-gettext --enable-threads=posix --libdir=/usr/lib --enable-nls --enable-bootstrap --enable-clocale=gnu --enable-libstdcxx-debug --enable-libstdcxx-time=yes --with-default-libstdcxx-abi=new --enable-gnu-unique-object --disable-vtable-verify --enable-plugin --enable-default-pie --with-system-zlib --enable-libphobos-checking=release --with-target-system-zlib=auto --enable-objc-gc=auto --enable-multiarch --disable-werror --with-arch-32=i686 --with-abi=m64 --with-multilib-list=m32,m64,mx32 --enable-multilib --with-tune=generic --enable-offload-targets=nvptx-none=/build/gcc-10-gDeRY6/gcc-10-10.3.0/debian/tmp-nvptx/usr,amdgcn-amdhsa=/build/gcc-10-gDeRY6/gcc-10-10.3.0/debian/tmp-gcn/usr,hsa --without-cuda-driver --enable-checking=release --build=x86_64-linux-gnu --host=x86_64-linux-gnu --target=x86_64-linux-gnu --with-build-config=bootstrap-lto-lean --enable-link-mutex
Thread model: posix
Supported LTO compression algorithms: zlib zstd
gcc version 10.3.0 (Ubuntu 10.3.0-1ubuntu1) 
COLLECT_GCC_OPTIONS='-v' '-o' 'CMakeFiles/cmTC_e38b0.dir/CMakeCXXCompilerABI.cpp.o' '-c' '-shared-libgcc' '-mtune=generic' '-march=x86-64'
 /usr/lib/gcc/x86_64-linux-gnu/10/cc1plus -quiet -v -imultiarch x86_64-linux-gnu -D_GNU_SOURCE /usr/share/cmake-3.18/Modules/CMakeCXXCompilerABI.cpp -quiet -dumpbase CMakeCXXCompilerABI.cpp -mtune=generic -march=x86-64 -auxbase-strip CMakeFiles/cmTC_e38b0.dir/CMakeCXXCompilerABI.cpp.o -version -fasynchronous-unwind-tables -fstack-protector-strong -Wformat -Wformat-security -fstack-clash-protection -fcf-protection -o /tmp/ccPY2j4b.s
GNU C++14 (Ubuntu 10.3.0-1ubuntu1) version 10.3.0 (x86_64-linux-gnu)
	compiled by GNU C version 10.3.0, GMP version 6.2.1, MPFR version 4.1.0, MPC version 1.2.0, isl version isl-0.23-GMP

GGC heuristics: --param ggc-min-expand=100 --param ggc-min-heapsize=131072
ignoring duplicate directory "/usr/include/x86_64-linux-gnu/c++/10"
ignoring nonexistent directory "/usr/local/include/x86_64-linux-gnu"
ignoring nonexistent directory "/usr/lib/gcc/x86_64-linux-gnu/10/include-fixed"
ignoring nonexistent directory "/usr/lib/gcc/x86_64-linux-gnu/10/../../../../x86_64-linux-gnu/include"
#include "..." search starts here:
#include <...> search starts here:
 /usr/include/c++/10
 /usr/include/x86_64-linux-gnu/c++/10
 /usr/include/c++/10/backward
 /usr/lib/gcc/x86_64-linux-gnu/10/include
 /usr/local/include
 /usr/include/x86_64-linux-gnu
 /usr/include
End of search list.
GNU C++14 (Ubuntu 10.3.0-1ubuntu1) version 10.3.0 (x86_64-linux-gnu)
	compiled by GNU C version 10.3.0, GMP version 6.2.1, MPFR version 4.1.0, MPC version 1.2.0, isl version isl-0.23-GMP

GGC heuristics: --param ggc-min-expand=100 --param ggc-min-heapsize=131072
Compiler executable checksum: 118e824ee50d24f402f1f2e0e1ebfb12
COLLECT_GCC_OPTIONS='-v' '-o' 'CMakeFiles/cmTC_e38b0.dir/CMakeCXXCompilerABI.cpp.o' '-c' '-shared-libgcc' '-mtune=generic' '-march=x86-64'
 as -v --64 -o CMakeFiles/cmTC_e38b0.dir/CMakeCXXCompilerABI.cpp.o /tmp/ccPY2j4b.s
GNU assembler version 2.36.1 (x86_64-linux-gnu) using BFD version (GNU Binutils for Ubuntu) 2.36.1
COMPILER_PATH=/usr/lib/gcc/x86_64-linux-gnu/10/:/usr/lib/gcc/x86_64-linux-gnu/10/:/usr/lib/gcc/x86_64-linux-gnu/:/usr/lib/gcc/x86_64-linux-gnu/10/:/usr/lib/gcc/x86_64-linux-gnu/
LIBRARY_PATH=/usr/lib/gcc/x86_64-linux-gnu/10/:/usr/lib/gcc/x86_64-linux-gnu/10/../../../x86_64-linux-gnu/:/usr/lib/gcc/x86_64-linux-gnu/10/../../../../lib/:/lib/x86_64-linux-gnu/:/lib/../lib/:/usr/lib/x86_64-linux-gnu/:/usr/lib/../lib/:/usr/lib/gcc/x86_64-linux-gnu/10/../../../:/lib/:/usr/lib/
COLLECT_GCC_OPTIONS='-v' '-o' 'CMakeFiles/cmTC_e38b0.dir/CMakeCXXCompilerABI.cpp.o' '-c' '-shared-libgcc' '-mtune=generic' '-march=x86-64'
Linking CXX executable cmTC_e38b0
/usr/bin/cmake -E cmake_link_script CMakeFiles/cmTC_e38b0.dir/link.txt --verbose=1
/usr/bin/c++  -v CMakeFiles/cmTC_e38b0.dir/CMakeCXXCompilerABI.cpp.o -o cmTC_e38b0 
Using built-in specs.
COLLECT_GCC=/usr/bin/c++
COLLECT_LTO_WRAPPER=/usr/lib/gcc/x86_64-linux-gnu/10/lto-wrapper
OFFLOAD_TARGET_NAMES=nvptx-none:amdgcn-amdhsa:hsa
OFFLOAD_TARGET_DEFAULT=1
Target: x86_64-linux-gnu
Configured with: ../src/configure -v --with-pkgversion='Ubuntu 10.3.0-1ubuntu1' --with-bugurl=file:///usr/share/doc/gcc-10/README.Bugs --enable-languages=c,ada,c++,go,brig,d,fortran,objc,obj-c++,m2 --prefix=/usr --with-gcc-major-version-only --program-suffix=-10 --program-prefix=x86_64-linux-gnu- --enable-shared --enable-linker-build-id --libexecdir=/usr/lib --without-included-gettext --enable-threads=posix --libdir=/usr/lib --enable-nls --enable-bootstrap --enable-clocale=gnu --enable-libstdcxx-debug --enable-libstdcxx-time=yes --with-default-libstdcxx-abi=new --enable-gnu-unique-object --disable-vtable-verify --enable-plugin --enable-default-pie --with-system-zlib --enable-libphobos-checking=release --with-target-system-zlib=auto --enable-objc-gc=auto --enable-multiarch --disable-werror --with-arch-32=i686 --with-abi=m64 --with-multilib-list=m32,m64,mx32 --enable-multilib --with-tune=generic --enable-offload-targets=nvptx-none=/build/gcc-10-gDeRY6/gcc-10-10.3.0/debian/tmp-nvptx/usr,amdgcn-amdhsa=/build/gcc-10-gDeRY6/gcc-10-10.3.0/debian/tmp-gcn/usr,hsa --without-cuda-driver --enable-checking=release --build=x86_64-linux-gnu --host=x86_64-linux-gnu --target=x86_64-linux-gnu --with-build-config=bootstrap-lto-lean --enable-link-mutex
Thread model: posix
Supported LTO compression algorithms: zlib zstd
gcc version 10.3.0 (Ubuntu 10.3.0-1ubuntu1) 
COMPILER_PATH=/usr/lib/gcc/x86_64-linux-gnu/10/:/usr/lib/gcc/x86_64-linux-gnu/10/:/usr/lib/gcc/x86_64-linux-gnu/:/usr/lib/gcc/x86_64-linux-gnu/10/:/usr/lib/gcc/x86_64-linux-gnu/
LIBRARY_PATH=/usr/lib/gcc/x86_64-linux-gnu/10/:/usr/lib/gcc/x86_64-linux-gnu/10/../../../x86_64-linux-gnu/:/usr/lib/gcc/x86_64-linux-gnu/10/../../../../lib/:/lib/x86_64-linux-gnu/:/lib/../lib/:/usr/lib/x86_64-linux-gnu/:/usr/lib/../lib/:/usr/lib/gcc/x86_64-linux-gnu/10/../../../:/lib/:/usr/lib/
COLLECT_GCC_OPTIONS='-v' '-o' 'cmTC_e38b0' '-shared-libgcc' '-mtune=generic' '-march=x86-64'
 /usr/lib/gcc/x86_64-linux-gnu/10/collect2 -plugin /usr/lib/gcc/x86_64-linux-gnu/10/liblto_plugin.so -plugin-opt=/usr/lib/gcc/x86_64-linux-gnu/10/lto-wrapper -plugin-opt=-fresolution=/tmp/ccIoZ3zf.res -plugin-opt=-pass-through=-lgcc_s -plugin-opt=-pass-through=-lgcc -plugin-opt=-pass-through=-lc -plugin-opt=-pass-through=-lgcc_s -plugin-opt=-pass-through=-lgcc --build-id --eh-frame-hdr -m elf_x86_64 --hash-style=gnu --as-needed -dynamic-linker /lib64/ld-linux-x86-64.so.2 -pie -z now -z relro -o cmTC_e38b0 /usr/lib/gcc/x86_64-linux-gnu/10/../../../x86_64-linux-gnu/Scrt1.o /usr/lib/gcc/x86_64-linux-gnu/10/../../../x86_64-linux-gnu/crti.o /usr/lib/gcc/x86_64-linux-gnu/10/crtbeginS.o -L/usr/lib/gcc/x86_64-linux-gnu/10 -L/usr/lib/gcc/x86_64-linux-gnu/10/../../../x86_64-linux-gnu -L/usr/lib/gcc/x86_64-linux-gnu/10/../../../../lib -L/lib/x86_64-linux-gnu -L/lib/../lib -L/usr/lib/x86_64-linux-gnu -L/usr/lib/../lib -L/usr/lib/gcc/x86_64-linux-gnu/10/../../.. CMakeFiles/cmTC_e38b0.dir/CMakeCXXCompilerABI.cpp.o -lstdc++ -lm -lgcc_s -lgcc -lc -lgcc_s -lgcc /usr/lib/gcc/x86_64-linux-gnu/10/crtendS.o /usr/lib/gcc/x86_64-linux-gnu/10/../../../x86_64-linux-gnu/crtn.o
COLLECT_GCC_OPTIONS='-v' '-o' 'cmTC_e38b0' '-shared-libgcc' '-mtune=generic' '-march=x86-64'
gmake[1]: Leaving directory '/home/avi/git/distributions/xgboost/build/CMakeFiles/CMakeTmp'



Parsed CXX implicit include dir info from above output: rv=done
  found start of include info
  found start of implicit include info
    add: [/usr/include/c++/10]
    add: [/usr/include/x86_64-linux-gnu/c++/10]
    add: [/usr/include/c++/10/backward]
    add: [/usr/lib/gcc/x86_64-linux-gnu/10/include]
    add: [/usr/local/include]
    add: [/usr/include/x86_64-linux-gnu]
    add: [/usr/include]
  end of search list found
  collapse include dir [/usr/include/c++/10] ==> [/usr/include/c++/10]
  collapse include dir [/usr/include/x86_64-linux-gnu/c++/10] ==> [/usr/include/x86_64-linux-gnu/c++/10]
  collapse include dir [/usr/include/c++/10/backward] ==> [/usr/include/c++/10/backward]
  collapse include dir [/usr/lib/gcc/x86_64-linux-gnu/10/include] ==> [/usr/lib/gcc/x86_64-linux-gnu/10/include]
  collapse include dir [/usr/local/include] ==> [/usr/local/include]
  collapse include dir [/usr/include/x86_64-linux-gnu] ==> [/usr/include/x86_64-linux-gnu]
  collapse include dir [/usr/include] ==> [/usr/include]
  implicit include dirs: [/usr/include/c++/10;/usr/include/x86_64-linux-gnu/c++/10;/usr/include/c++/10/backward;/usr/lib/gcc/x86_64-linux-gnu/10/include;/usr/local/include;/usr/include/x86_64-linux-gnu;/usr/include]


Parsed CXX implicit link information from above output:
  link line regex: [^( *|.*[/\])(ld|CMAKE_LINK_STARTFILE-NOTFOUND|([^/\]+-)?ld|collect2)[^/\]*( |$)]
  ignore line: [Change Dir: /home/avi/git/distributions/xgboost/build/CMakeFiles/CMakeTmp]
  ignore line: []
  ignore line: [Run Build Command(s):/usr/bin/gmake cmTC_e38b0/fast && /usr/bin/gmake  -f CMakeFiles/cmTC_e38b0.dir/build.make CMakeFiles/cmTC_e38b0.dir/build]
  ignore line: [gmake[1]: Entering directory '/home/avi/git/distributions/xgboost/build/CMakeFiles/CMakeTmp']
  ignore line: [Building CXX object CMakeFiles/cmTC_e38b0.dir/CMakeCXXCompilerABI.cpp.o]
  ignore line: [/usr/bin/c++   -v -o CMakeFiles/cmTC_e38b0.dir/CMakeCXXCompilerABI.cpp.o -c /usr/share/cmake-3.18/Modules/CMakeCXXCompilerABI.cpp]
  ignore line: [Using built-in specs.]
  ignore line: [COLLECT_GCC=/usr/bin/c++]
  ignore line: [OFFLOAD_TARGET_NAMES=nvptx-none:amdgcn-amdhsa:hsa]
  ignore line: [OFFLOAD_TARGET_DEFAULT=1]
  ignore line: [Target: x86_64-linux-gnu]
  ignore line: [Configured with: ../src/configure -v --with-pkgversion='Ubuntu 10.3.0-1ubuntu1' --with-bugurl=file:///usr/share/doc/gcc-10/README.Bugs --enable-languages=c ada c++ go brig d fortran objc obj-c++ m2 --prefix=/usr --with-gcc-major-version-only --program-suffix=-10 --program-prefix=x86_64-linux-gnu- --enable-shared --enable-linker-build-id --libexecdir=/usr/lib --without-included-gettext --enable-threads=posix --libdir=/usr/lib --enable-nls --enable-bootstrap --enable-clocale=gnu --enable-libstdcxx-debug --enable-libstdcxx-time=yes --with-default-libstdcxx-abi=new --enable-gnu-unique-object --disable-vtable-verify --enable-plugin --enable-default-pie --with-system-zlib --enable-libphobos-checking=release --with-target-system-zlib=auto --enable-objc-gc=auto --enable-multiarch --disable-werror --with-arch-32=i686 --with-abi=m64 --with-multilib-list=m32 m64 mx32 --enable-multilib --with-tune=generic --enable-offload-targets=nvptx-none=/build/gcc-10-gDeRY6/gcc-10-10.3.0/debian/tmp-nvptx/usr amdgcn-amdhsa=/build/gcc-10-gDeRY6/gcc-10-10.3.0/debian/tmp-gcn/usr hsa --without-cuda-driver --enable-checking=release --build=x86_64-linux-gnu --host=x86_64-linux-gnu --target=x86_64-linux-gnu --with-build-config=bootstrap-lto-lean --enable-link-mutex]
  ignore line: [Thread model: posix]
  ignore line: [Supported LTO compression algorithms: zlib zstd]
  ignore line: [gcc version 10.3.0 (Ubuntu 10.3.0-1ubuntu1) ]
  ignore line: [COLLECT_GCC_OPTIONS='-v' '-o' 'CMakeFiles/cmTC_e38b0.dir/CMakeCXXCompilerABI.cpp.o' '-c' '-shared-libgcc' '-mtune=generic' '-march=x86-64']
  ignore line: [ /usr/lib/gcc/x86_64-linux-gnu/10/cc1plus -quiet -v -imultiarch x86_64-linux-gnu -D_GNU_SOURCE /usr/share/cmake-3.18/Modules/CMakeCXXCompilerABI.cpp -quiet -dumpbase CMakeCXXCompilerABI.cpp -mtune=generic -march=x86-64 -auxbase-strip CMakeFiles/cmTC_e38b0.dir/CMakeCXXCompilerABI.cpp.o -version -fasynchronous-unwind-tables -fstack-protector-strong -Wformat -Wformat-security -fstack-clash-protection -fcf-protection -o /tmp/ccPY2j4b.s]
  ignore line: [GNU C++14 (Ubuntu 10.3.0-1ubuntu1) version 10.3.0 (x86_64-linux-gnu)]
  ignore line: [	compiled by GNU C version 10.3.0  GMP version 6.2.1  MPFR version 4.1.0  MPC version 1.2.0  isl version isl-0.23-GMP]
  ignore line: []
  ignore line: [GGC heuristics: --param ggc-min-expand=100 --param ggc-min-heapsize=131072]
  ignore line: [ignoring duplicate directory "/usr/include/x86_64-linux-gnu/c++/10"]
  ignore line: [ignoring nonexistent directory "/usr/local/include/x86_64-linux-gnu"]
  ignore line: [ignoring nonexistent directory "/usr/lib/gcc/x86_64-linux-gnu/10/include-fixed"]
  ignore line: [ignoring nonexistent directory "/usr/lib/gcc/x86_64-linux-gnu/10/../../../../x86_64-linux-gnu/include"]
  ignore line: [#include "..." search starts here:]
  ignore line: [#include <...> search starts here:]
  ignore line: [ /usr/include/c++/10]
  ignore line: [ /usr/include/x86_64-linux-gnu/c++/10]
  ignore line: [ /usr/include/c++/10/backward]
  ignore line: [ /usr/lib/gcc/x86_64-linux-gnu/10/include]
  ignore line: [ /usr/local/include]
  ignore line: [ /usr/include/x86_64-linux-gnu]
  ignore line: [ /usr/include]
  ignore line: [End of search list.]
  ignore line: [GNU C++14 (Ubuntu 10.3.0-1ubuntu1) version 10.3.0 (x86_64-linux-gnu)]
  ignore line: [	compiled by GNU C version 10.3.0  GMP version 6.2.1  MPFR version 4.1.0  MPC version 1.2.0  isl version isl-0.23-GMP]
  ignore line: []
  ignore line: [GGC heuristics: --param ggc-min-expand=100 --param ggc-min-heapsize=131072]
  ignore line: [Compiler executable checksum: 118e824ee50d24f402f1f2e0e1ebfb12]
  ignore line: [COLLECT_GCC_OPTIONS='-v' '-o' 'CMakeFiles/cmTC_e38b0.dir/CMakeCXXCompilerABI.cpp.o' '-c' '-shared-libgcc' '-mtune=generic' '-march=x86-64']
  ignore line: [ as -v --64 -o CMakeFiles/cmTC_e38b0.dir/CMakeCXXCompilerABI.cpp.o /tmp/ccPY2j4b.s]
  ignore line: [GNU assembler version 2.36.1 (x86_64-linux-gnu) using BFD version (GNU Binutils for Ubuntu) 2.36.1]
  ignore line: [COMPILER_PATH=/usr/lib/gcc/x86_64-linux-gnu/10/:/usr/lib/gcc/x86_64-linux-gnu/10/:/usr/lib/gcc/x86_64-linux-gnu/:/usr/lib/gcc/x86_64-linux-gnu/10/:/usr/lib/gcc/x86_64-linux-gnu/]
  ignore line: [LIBRARY_PATH=/usr/lib/gcc/x86_64-linux-gnu/10/:/usr/lib/gcc/x86_64-linux-gnu/10/../../../x86_64-linux-gnu/:/usr/lib/gcc/x86_64-linux-gnu/10/../../../../lib/:/lib/x86_64-linux-gnu/:/lib/../lib/:/usr/lib/x86_64-linux-gnu/:/usr/lib/../lib/:/usr/lib/gcc/x86_64-linux-gnu/10/../../../:/lib/:/usr/lib/]
  ignore line: [COLLECT_GCC_OPTIONS='-v' '-o' 'CMakeFiles/cmTC_e38b0.dir/CMakeCXXCompilerABI.cpp.o' '-c' '-shared-libgcc' '-mtune=generic' '-march=x86-64']
  ignore line: [Linking CXX executable cmTC_e38b0]
  ignore line: [/usr/bin/cmake -E cmake_link_script CMakeFiles/cmTC_e38b0.dir/link.txt --verbose=1]
  ignore line: [/usr/bin/c++  -v CMakeFiles/cmTC_e38b0.dir/CMakeCXXCompilerABI.cpp.o -o cmTC_e38b0 ]
  ignore line: [Using built-in specs.]
  ignore line: [COLLECT_GCC=/usr/bin/c++]
  ignore line: [COLLECT_LTO_WRAPPER=/usr/lib/gcc/x86_64-linux-gnu/10/lto-wrapper]
  ignore line: [OFFLOAD_TARGET_NAMES=nvptx-none:amdgcn-amdhsa:hsa]
  ignore line: [OFFLOAD_TARGET_DEFAULT=1]
  ignore line: [Target: x86_64-linux-gnu]
  ignore line: [Configured with: ../src/configure -v --with-pkgversion='Ubuntu 10.3.0-1ubuntu1' --with-bugurl=file:///usr/share/doc/gcc-10/README.Bugs --enable-languages=c ada c++ go brig d fortran objc obj-c++ m2 --prefix=/usr --with-gcc-major-version-only --program-suffix=-10 --program-prefix=x86_64-linux-gnu- --enable-shared --enable-linker-build-id --libexecdir=/usr/lib --without-included-gettext --enable-threads=posix --libdir=/usr/lib --enable-nls --enable-bootstrap --enable-clocale=gnu --enable-libstdcxx-debug --enable-libstdcxx-time=yes --with-default-libstdcxx-abi=new --enable-gnu-unique-object --disable-vtable-verify --enable-plugin --enable-default-pie --with-system-zlib --enable-libphobos-checking=release --with-target-system-zlib=auto --enable-objc-gc=auto --enable-multiarch --disable-werror --with-arch-32=i686 --with-abi=m64 --with-multilib-list=m32 m64 mx32 --enable-multilib --with-tune=generic --enable-offload-targets=nvptx-none=/build/gcc-10-gDeRY6/gcc-10-10.3.0/debian/tmp-nvptx/usr amdgcn-amdhsa=/build/gcc-10-gDeRY6/gcc-10-10.3.0/debian/tmp-gcn/usr hsa --without-cuda-driver --enable-checking=release --build=x86_64-linux-gnu --host=x86_64-linux-gnu --target=x86_64-linux-gnu --with-build-config=bootstrap-lto-lean --enable-link-mutex]
  ignore line: [Thread model: posix]
  ignore line: [Supported LTO compression algorithms: zlib zstd]
  ignore line: [gcc version 10.3.0 (Ubuntu 10.3.0-1ubuntu1) ]
  ignore line: [COMPILER_PATH=/usr/lib/gcc/x86_64-linux-gnu/10/:/usr/lib/gcc/x86_64-linux-gnu/10/:/usr/lib/gcc/x86_64-linux-gnu/:/usr/lib/gcc/x86_64-linux-gnu/10/:/usr/lib/gcc/x86_64-linux-gnu/]
  ignore line: [LIBRARY_PATH=/usr/lib/gcc/x86_64-linux-gnu/10/:/usr/lib/gcc/x86_64-linux-gnu/10/../../../x86_64-linux-gnu/:/usr/lib/gcc/x86_64-linux-gnu/10/../../../../lib/:/lib/x86_64-linux-gnu/:/lib/../lib/:/usr/lib/x86_64-linux-gnu/:/usr/lib/../lib/:/usr/lib/gcc/x86_64-linux-gnu/10/../../../:/lib/:/usr/lib/]
  ignore line: [COLLECT_GCC_OPTIONS='-v' '-o' 'cmTC_e38b0' '-shared-libgcc' '-mtune=generic' '-march=x86-64']
  link line: [ /usr/lib/gcc/x86_64-linux-gnu/10/collect2 -plugin /usr/lib/gcc/x86_64-linux-gnu/10/liblto_plugin.so -plugin-opt=/usr/lib/gcc/x86_64-linux-gnu/10/lto-wrapper -plugin-opt=-fresolution=/tmp/ccIoZ3zf.res -plugin-opt=-pass-through=-lgcc_s -plugin-opt=-pass-through=-lgcc -plugin-opt=-pass-through=-lc -plugin-opt=-pass-through=-lgcc_s -plugin-opt=-pass-through=-lgcc --build-id --eh-frame-hdr -m elf_x86_64 --hash-style=gnu --as-needed -dynamic-linker /lib64/ld-linux-x86-64.so.2 -pie -z now -z relro -o cmTC_e38b0 /usr/lib/gcc/x86_64-linux-gnu/10/../../../x86_64-linux-gnu/Scrt1.o /usr/lib/gcc/x86_64-linux-gnu/10/../../../x86_64-linux-gnu/crti.o /usr/lib/gcc/x86_64-linux-gnu/10/crtbeginS.o -L/usr/lib/gcc/x86_64-linux-gnu/10 -L/usr/lib/gcc/x86_64-linux-gnu/10/../../../x86_64-linux-gnu -L/usr/lib/gcc/x86_64-linux-gnu/10/../../../../lib -L/lib/x86_64-linux-gnu -L/lib/../lib -L/usr/lib/x86_64-linux-gnu -L/usr/lib/../lib -L/usr/lib/gcc/x86_64-linux-gnu/10/../../.. CMakeFiles/cmTC_e38b0.dir/CMakeCXXCompilerABI.cpp.o -lstdc++ -lm -lgcc_s -lgcc -lc -lgcc_s -lgcc /usr/lib/gcc/x86_64-linux-gnu/10/crtendS.o /usr/lib/gcc/x86_64-linux-gnu/10/../../../x86_64-linux-gnu/crtn.o]
    arg [/usr/lib/gcc/x86_64-linux-gnu/10/collect2] ==> ignore
    arg [-plugin] ==> ignore
    arg [/usr/lib/gcc/x86_64-linux-gnu/10/liblto_plugin.so] ==> ignore
    arg [-plugin-opt=/usr/lib/gcc/x86_64-linux-gnu/10/lto-wrapper] ==> ignore
    arg [-plugin-opt=-fresolution=/tmp/ccIoZ3zf.res] ==> ignore
    arg [-plugin-opt=-pass-through=-lgcc_s] ==> ignore
    arg [-plugin-opt=-pass-through=-lgcc] ==> ignore
    arg [-plugin-opt=-pass-through=-lc] ==> ignore
    arg [-plugin-opt=-pass-through=-lgcc_s] ==> ignore
    arg [-plugin-opt=-pass-through=-lgcc] ==> ignore
    arg [--build-id] ==> ignore
    arg [--eh-frame-hdr] ==> ignore
    arg [-m] ==> ignore
    arg [elf_x86_64] ==> ignore
    arg [--hash-style=gnu] ==> ignore
    arg [--as-needed] ==> ignore
    arg [-dynamic-linker] ==> ignore
    arg [/lib64/ld-linux-x86-64.so.2] ==> ignore
    arg [-pie] ==> ignore
    arg [-znow] ==> ignore
    arg [-zrelro] ==> ignore
    arg [-o] ==> ignore
    arg [cmTC_e38b0] ==> ignore
    arg [/usr/lib/gcc/x86_64-linux-gnu/10/../../../x86_64-linux-gnu/Scrt1.o] ==> ignore
    arg [/usr/lib/gcc/x86_64-linux-gnu/10/../../../x86_64-linux-gnu/crti.o] ==> ignore
    arg [/usr/lib/gcc/x86_64-linux-gnu/10/crtbeginS.o] ==> ignore
    arg [-L/usr/lib/gcc/x86_64-linux-gnu/10] ==> dir [/usr/lib/gcc/x86_64-linux-gnu/10]
    arg [-L/usr/lib/gcc/x86_64-linux-gnu/10/../../../x86_64-linux-gnu] ==> dir [/usr/lib/gcc/x86_64-linux-gnu/10/../../../x86_64-linux-gnu]
    arg [-L/usr/lib/gcc/x86_64-linux-gnu/10/../../../../lib] ==> dir [/usr/lib/gcc/x86_64-linux-gnu/10/../../../../lib]
    arg [-L/lib/x86_64-linux-gnu] ==> dir [/lib/x86_64-linux-gnu]
    arg [-L/lib/../lib] ==> dir [/lib/../lib]
    arg [-L/usr/lib/x86_64-linux-gnu] ==> dir [/usr/lib/x86_64-linux-gnu]
    arg [-L/usr/lib/../lib] ==> dir [/usr/lib/../lib]
    arg [-L/usr/lib/gcc/x86_64-linux-gnu/10/../../..] ==> dir [/usr/lib/gcc/x86_64-linux-gnu/10/../../..]
    arg [CMakeFiles/cmTC_e38b0.dir/CMakeCXXCompilerABI.cpp.o] ==> ignore
    arg [-lstdc++] ==> lib [stdc++]
    arg [-lm] ==> lib [m]
    arg [-lgcc_s] ==> lib [gcc_s]
    arg [-lgcc] ==> lib [gcc]
    arg [-lc] ==> lib [c]
    arg [-lgcc_s] ==> lib [gcc_s]
    arg [-lgcc] ==> lib [gcc]
    arg [/usr/lib/gcc/x86_64-linux-gnu/10/crtendS.o] ==> ignore
    arg [/usr/lib/gcc/x86_64-linux-gnu/10/../../../x86_64-linux-gnu/crtn.o] ==> ignore
  collapse library dir [/usr/lib/gcc/x86_64-linux-gnu/10] ==> [/usr/lib/gcc/x86_64-linux-gnu/10]
  collapse library dir [/usr/lib/gcc/x86_64-linux-gnu/10/../../../x86_64-linux-gnu] ==> [/usr/lib/x86_64-linux-gnu]
  collapse library dir [/usr/lib/gcc/x86_64-linux-gnu/10/../../../../lib] ==> [/usr/lib]
  collapse library dir [/lib/x86_64-linux-gnu] ==> [/lib/x86_64-linux-gnu]
  collapse library dir [/lib/../lib] ==> [/lib]
  collapse library dir [/usr/lib/x86_64-linux-gnu] ==> [/usr/lib/x86_64-linux-gnu]
  collapse library dir [/usr/lib/../lib] ==> [/usr/lib]
  collapse library dir [/usr/lib/gcc/x86_64-linux-gnu/10/../../..] ==> [/usr/lib]
  implicit libs: [stdc++;m;gcc_s;gcc;c;gcc_s;gcc]
  implicit dirs: [/usr/lib/gcc/x86_64-linux-gnu/10;/usr/lib/x86_64-linux-gnu;/usr/lib;/lib/x86_64-linux-gnu;/lib]
  implicit fwks: []


Detecting C compiler ABI info compiled with the following output:
Change Dir: /home/avi/git/distributions/xgboost/build/CMakeFiles/CMakeTmp

Run Build Command(s):/usr/bin/gmake cmTC_dbe3d/fast && /usr/bin/gmake  -f CMakeFiles/cmTC_dbe3d.dir/build.make CMakeFiles/cmTC_dbe3d.dir/build
gmake[1]: Entering directory '/home/avi/git/distributions/xgboost/build/CMakeFiles/CMakeTmp'
Building C object CMakeFiles/cmTC_dbe3d.dir/CMakeCCompilerABI.c.o
/usr/bin/cc   -v -o CMakeFiles/cmTC_dbe3d.dir/CMakeCCompilerABI.c.o -c /usr/share/cmake-3.18/Modules/CMakeCCompilerABI.c
Using built-in specs.
COLLECT_GCC=/usr/bin/cc
OFFLOAD_TARGET_NAMES=nvptx-none:amdgcn-amdhsa:hsa
OFFLOAD_TARGET_DEFAULT=1
Target: x86_64-linux-gnu
Configured with: ../src/configure -v --with-pkgversion='Ubuntu 10.3.0-1ubuntu1' --with-bugurl=file:///usr/share/doc/gcc-10/README.Bugs --enable-languages=c,ada,c++,go,brig,d,fortran,objc,obj-c++,m2 --prefix=/usr --with-gcc-major-version-only --program-suffix=-10 --program-prefix=x86_64-linux-gnu- --enable-shared --enable-linker-build-id --libexecdir=/usr/lib --without-included-gettext --enable-threads=posix --libdir=/usr/lib --enable-nls --enable-bootstrap --enable-clocale=gnu --enable-libstdcxx-debug --enable-libstdcxx-time=yes --with-default-libstdcxx-abi=new --enable-gnu-unique-object --disable-vtable-verify --enable-plugin --enable-default-pie --with-system-zlib --enable-libphobos-checking=release --with-target-system-zlib=auto --enable-objc-gc=auto --enable-multiarch --disable-werror --with-arch-32=i686 --with-abi=m64 --with-multilib-list=m32,m64,mx32 --enable-multilib --with-tune=generic --enable-offload-targets=nvptx-none=/build/gcc-10-gDeRY6/gcc-10-10.3.0/debian/tmp-nvptx/usr,amdgcn-amdhsa=/build/gcc-10-gDeRY6/gcc-10-10.3.0/debian/tmp-gcn/usr,hsa --without-cuda-driver --enable-checking=release --build=x86_64-linux-gnu --host=x86_64-linux-gnu --target=x86_64-linux-gnu --with-build-config=bootstrap-lto-lean --enable-link-mutex
Thread model: posix
Supported LTO compression algorithms: zlib zstd
gcc version 10.3.0 (Ubuntu 10.3.0-1ubuntu1) 
COLLECT_GCC_OPTIONS='-v' '-o' 'CMakeFiles/cmTC_dbe3d.dir/CMakeCCompilerABI.c.o' '-c' '-mtune=generic' '-march=x86-64'
 /usr/lib/gcc/x86_64-linux-gnu/10/cc1 -quiet -v -imultiarch x86_64-linux-gnu /usr/share/cmake-3.18/Modules/CMakeCCompilerABI.c -quiet -dumpbase CMakeCCompilerABI.c -mtune=generic -march=x86-64 -auxbase-strip CMakeFiles/cmTC_dbe3d.dir/CMakeCCompilerABI.c.o -version -fasynchronous-unwind-tables -fstack-protector-strong -Wformat -Wformat-security -fstack-clash-protection -fcf-protection -o /tmp/ccZDDbW1.s
GNU C17 (Ubuntu 10.3.0-1ubuntu1) version 10.3.0 (x86_64-linux-gnu)
	compiled by GNU C version 10.3.0, GMP version 6.2.1, MPFR version 4.1.0, MPC version 1.2.0, isl version isl-0.23-GMP

GGC heuristics: --param ggc-min-expand=100 --param ggc-min-heapsize=131072
ignoring nonexistent directory "/usr/local/include/x86_64-linux-gnu"
ignoring nonexistent directory "/usr/lib/gcc/x86_64-linux-gnu/10/include-fixed"
ignoring nonexistent directory "/usr/lib/gcc/x86_64-linux-gnu/10/../../../../x86_64-linux-gnu/include"
#include "..." search starts here:
#include <...> search starts here:
 /usr/lib/gcc/x86_64-linux-gnu/10/include
 /usr/local/include
 /usr/include/x86_64-linux-gnu
 /usr/include
End of search list.
GNU C17 (Ubuntu 10.3.0-1ubuntu1) version 10.3.0 (x86_64-linux-gnu)
	compiled by GNU C version 10.3.0, GMP version 6.2.1, MPFR version 4.1.0, MPC version 1.2.0, isl version isl-0.23-GMP

GGC heuristics: --param ggc-min-expand=100 --param ggc-min-heapsize=131072
Compiler executable checksum: 58794417508a053c2d813aa212cbee7e
COLLECT_GCC_OPTIONS='-v' '-o' 'CMakeFiles/cmTC_dbe3d.dir/CMakeCCompilerABI.c.o' '-c' '-mtune=generic' '-march=x86-64'
 as -v --64 -o CMakeFiles/cmTC_dbe3d.dir/CMakeCCompilerABI.c.o /tmp/ccZDDbW1.s
GNU assembler version 2.36.1 (x86_64-linux-gnu) using BFD version (GNU Binutils for Ubuntu) 2.36.1
COMPILER_PATH=/usr/lib/gcc/x86_64-linux-gnu/10/:/usr/lib/gcc/x86_64-linux-gnu/10/:/usr/lib/gcc/x86_64-linux-gnu/:/usr/lib/gcc/x86_64-linux-gnu/10/:/usr/lib/gcc/x86_64-linux-gnu/
LIBRARY_PATH=/usr/lib/gcc/x86_64-linux-gnu/10/:/usr/lib/gcc/x86_64-linux-gnu/10/../../../x86_64-linux-gnu/:/usr/lib/gcc/x86_64-linux-gnu/10/../../../../lib/:/lib/x86_64-linux-gnu/:/lib/../lib/:/usr/lib/x86_64-linux-gnu/:/usr/lib/../lib/:/usr/lib/gcc/x86_64-linux-gnu/10/../../../:/lib/:/usr/lib/
COLLECT_GCC_OPTIONS='-v' '-o' 'CMakeFiles/cmTC_dbe3d.dir/CMakeCCompilerABI.c.o' '-c' '-mtune=generic' '-march=x86-64'
Linking C executable cmTC_dbe3d
/usr/bin/cmake -E cmake_link_script CMakeFiles/cmTC_dbe3d.dir/link.txt --verbose=1
/usr/bin/cc  -v CMakeFiles/cmTC_dbe3d.dir/CMakeCCompilerABI.c.o -o cmTC_dbe3d 
Using built-in specs.
COLLECT_GCC=/usr/bin/cc
COLLECT_LTO_WRAPPER=/usr/lib/gcc/x86_64-linux-gnu/10/lto-wrapper
OFFLOAD_TARGET_NAMES=nvptx-none:amdgcn-amdhsa:hsa
OFFLOAD_TARGET_DEFAULT=1
Target: x86_64-linux-gnu
Configured with: ../src/configure -v --with-pkgversion='Ubuntu 10.3.0-1ubuntu1' --with-bugurl=file:///usr/share/doc/gcc-10/README.Bugs --enable-languages=c,ada,c++,go,brig,d,fortran,objc,obj-c++,m2 --prefix=/usr --with-gcc-major-version-only --program-suffix=-10 --program-prefix=x86_64-linux-gnu- --enable-shared --enable-linker-build-id --libexecdir=/usr/lib --without-included-gettext --enable-threads=posix --libdir=/usr/lib --enable-nls --enable-bootstrap --enable-clocale=gnu --enable-libstdcxx-debug --enable-libstdcxx-time=yes --with-default-libstdcxx-abi=new --enable-gnu-unique-object --disable-vtable-verify --enable-plugin --enable-default-pie --with-system-zlib --enable-libphobos-checking=release --with-target-system-zlib=auto --enable-objc-gc=auto --enable-multiarch --disable-werror --with-arch-32=i686 --with-abi=m64 --with-multilib-list=m32,m64,mx32 --enable-multilib --with-tune=generic --enable-offload-targets=nvptx-none=/build/gcc-10-gDeRY6/gcc-10-10.3.0/debian/tmp-nvptx/usr,amdgcn-amdhsa=/build/gcc-10-gDeRY6/gcc-10-10.3.0/debian/tmp-gcn/usr,hsa --without-cuda-driver --enable-checking=release --build=x86_64-linux-gnu --host=x86_64-linux-gnu --target=x86_64-linux-gnu --with-build-config=bootstrap-lto-lean --enable-link-mutex
Thread model: posix
Supported LTO compression algorithms: zlib zstd
gcc version 10.3.0 (Ubuntu 10.3.0-1ubuntu1) 
COMPILER_PATH=/usr/lib/gcc/x86_64-linux-gnu/10/:/usr/lib/gcc/x86_64-linux-gnu/10/:/usr/lib/gcc/x86_64-linux-gnu/:/usr/lib/gcc/x86_64-linux-gnu/10/:/usr/lib/gcc/x86_64-linux-gnu/
LIBRARY_PATH=/usr/lib/gcc/x86_64-linux-gnu/10/:/usr/lib/gcc/x86_64-linux-gnu/10/../../../x86_64-linux-gnu/:/usr/lib/gcc/x86_64-linux-gnu/10/../../../../lib/:/lib/x86_64-linux-gnu/:/lib/../lib/:/usr/lib/x86_64-linux-gnu/:/usr/lib/../lib/:/usr/lib/gcc/x86_64-linux-gnu/10/../../../:/lib/:/usr/lib/
COLLECT_GCC_OPTIONS='-v' '-o' 'cmTC_dbe3d' '-mtune=generic' '-march=x86-64'
 /usr/lib/gcc/x86_64-linux-gnu/10/collect2 -plugin /usr/lib/gcc/x86_64-linux-gnu/10/liblto_plugin.so -plugin-opt=/usr/lib/gcc/x86_64-linux-gnu/10/lto-wrapper -plugin-opt=-fresolution=/tmp/ccJnb0si.res -plugin-opt=-pass-through=-lgcc -plugin-opt=-pass-through=-lgcc_s -plugin-opt=-pass-through=-lc -plugin-opt=-pass-through=-lgcc -plugin-opt=-pass-through=-lgcc_s --build-id --eh-frame-hdr -m elf_x86_64 --hash-style=gnu --as-needed -dynamic-linker /lib64/ld-linux-x86-64.so.2 -pie -z now -z relro -o cmTC_dbe3d /usr/lib/gcc/x86_64-linux-gnu/10/../../../x86_64-linux-gnu/Scrt1.o /usr/lib/gcc/x86_64-linux-gnu/10/../../../x86_64-linux-gnu/crti.o /usr/lib/gcc/x86_64-linux-gnu/10/crtbeginS.o -L/usr/lib/gcc/x86_64-linux-gnu/10 -L/usr/lib/gcc/x86_64-linux-gnu/10/../../../x86_64-linux-gnu -L/usr/lib/gcc/x86_64-linux-gnu/10/../../../../lib -L/lib/x86_64-linux-gnu -L/lib/../lib -L/usr/lib/x86_64-linux-gnu -L/usr/lib/../lib -L/usr/lib/gcc/x86_64-linux-gnu/10/../../.. CMakeFiles/cmTC_dbe3d.dir/CMakeCCompilerABI.c.o -lgcc --push-state --as-needed -lgcc_s --pop-state -lc -lgcc --push-state --as-needed -lgcc_s --pop-state /usr/lib/gcc/x86_64-linux-gnu/10/crtendS.o /usr/lib/gcc/x86_64-linux-gnu/10/../../../x86_64-linux-gnu/crtn.o
COLLECT_GCC_OPTIONS='-v' '-o' 'cmTC_dbe3d' '-mtune=generic' '-march=x86-64'
gmake[1]: Leaving directory '/home/avi/git/distributions/xgboost/build/CMakeFiles/CMakeTmp'



Parsed C implicit include dir info from above output: rv=done
  found start of include info
  found start of implicit include info
    add: [/usr/lib/gcc/x86_64-linux-gnu/10/include]
    add: [/usr/local/include]
    add: [/usr/include/x86_64-linux-gnu]
    add: [/usr/include]
  end of search list found
  collapse include dir [/usr/lib/gcc/x86_64-linux-gnu/10/include] ==> [/usr/lib/gcc/x86_64-linux-gnu/10/include]
  collapse include dir [/usr/local/include] ==> [/usr/local/include]
  collapse include dir [/usr/include/x86_64-linux-gnu] ==> [/usr/include/x86_64-linux-gnu]
  collapse include dir [/usr/include] ==> [/usr/include]
  implicit include dirs: [/usr/lib/gcc/x86_64-linux-gnu/10/include;/usr/local/include;/usr/include/x86_64-linux-gnu;/usr/include]


Parsed C implicit link information from above output:
  link line regex: [^( *|.*[/\])(ld|CMAKE_LINK_STARTFILE-NOTFOUND|([^/\]+-)?ld|collect2)[^/\]*( |$)]
  ignore line: [Change Dir: /home/avi/git/distributions/xgboost/build/CMakeFiles/CMakeTmp]
  ignore line: []
  ignore line: [Run Build Command(s):/usr/bin/gmake cmTC_dbe3d/fast && /usr/bin/gmake  -f CMakeFiles/cmTC_dbe3d.dir/build.make CMakeFiles/cmTC_dbe3d.dir/build]
  ignore line: [gmake[1]: Entering directory '/home/avi/git/distributions/xgboost/build/CMakeFiles/CMakeTmp']
  ignore line: [Building C object CMakeFiles/cmTC_dbe3d.dir/CMakeCCompilerABI.c.o]
  ignore line: [/usr/bin/cc   -v -o CMakeFiles/cmTC_dbe3d.dir/CMakeCCompilerABI.c.o -c /usr/share/cmake-3.18/Modules/CMakeCCompilerABI.c]
  ignore line: [Using built-in specs.]
  ignore line: [COLLECT_GCC=/usr/bin/cc]
  ignore line: [OFFLOAD_TARGET_NAMES=nvptx-none:amdgcn-amdhsa:hsa]
  ignore line: [OFFLOAD_TARGET_DEFAULT=1]
  ignore line: [Target: x86_64-linux-gnu]
  ignore line: [Configured with: ../src/configure -v --with-pkgversion='Ubuntu 10.3.0-1ubuntu1' --with-bugurl=file:///usr/share/doc/gcc-10/README.Bugs --enable-languages=c ada c++ go brig d fortran objc obj-c++ m2 --prefix=/usr --with-gcc-major-version-only --program-suffix=-10 --program-prefix=x86_64-linux-gnu- --enable-shared --enable-linker-build-id --libexecdir=/usr/lib --without-included-gettext --enable-threads=posix --libdir=/usr/lib --enable-nls --enable-bootstrap --enable-clocale=gnu --enable-libstdcxx-debug --enable-libstdcxx-time=yes --with-default-libstdcxx-abi=new --enable-gnu-unique-object --disable-vtable-verify --enable-plugin --enable-default-pie --with-system-zlib --enable-libphobos-checking=release --with-target-system-zlib=auto --enable-objc-gc=auto --enable-multiarch --disable-werror --with-arch-32=i686 --with-abi=m64 --with-multilib-list=m32 m64 mx32 --enable-multilib --with-tune=generic --enable-offload-targets=nvptx-none=/build/gcc-10-gDeRY6/gcc-10-10.3.0/debian/tmp-nvptx/usr amdgcn-amdhsa=/build/gcc-10-gDeRY6/gcc-10-10.3.0/debian/tmp-gcn/usr hsa --without-cuda-driver --enable-checking=release --build=x86_64-linux-gnu --host=x86_64-linux-gnu --target=x86_64-linux-gnu --with-build-config=bootstrap-lto-lean --enable-link-mutex]
  ignore line: [Thread model: posix]
  ignore line: [Supported LTO compression algorithms: zlib zstd]
  ignore line: [gcc version 10.3.0 (Ubuntu 10.3.0-1ubuntu1) ]
  ignore line: [COLLECT_GCC_OPTIONS='-v' '-o' 'CMakeFiles/cmTC_dbe3d.dir/CMakeCCompilerABI.c.o' '-c' '-mtune=generic' '-march=x86-64']
  ignore line: [ /usr/lib/gcc/x86_64-linux-gnu/10/cc1 -quiet -v -imultiarch x86_64-linux-gnu /usr/share/cmake-3.18/Modules/CMakeCCompilerABI.c -quiet -dumpbase CMakeCCompilerABI.c -mtune=generic -march=x86-64 -auxbase-strip CMakeFiles/cmTC_dbe3d.dir/CMakeCCompilerABI.c.o -version -fasynchronous-unwind-tables -fstack-protector-strong -Wformat -Wformat-security -fstack-clash-protection -fcf-protection -o /tmp/ccZDDbW1.s]
  ignore line: [GNU C17 (Ubuntu 10.3.0-1ubuntu1) version 10.3.0 (x86_64-linux-gnu)]
  ignore line: [	compiled by GNU C version 10.3.0  GMP version 6.2.1  MPFR version 4.1.0  MPC version 1.2.0  isl version isl-0.23-GMP]
  ignore line: []
  ignore line: [GGC heuristics: --param ggc-min-expand=100 --param ggc-min-heapsize=131072]
  ignore line: [ignoring nonexistent directory "/usr/local/include/x86_64-linux-gnu"]
  ignore line: [ignoring nonexistent directory "/usr/lib/gcc/x86_64-linux-gnu/10/include-fixed"]
  ignore line: [ignoring nonexistent directory "/usr/lib/gcc/x86_64-linux-gnu/10/../../../../x86_64-linux-gnu/include"]
  ignore line: [#include "..." search starts here:]
  ignore line: [#include <...> search starts here:]
  ignore line: [ /usr/lib/gcc/x86_64-linux-gnu/10/include]
  ignore line: [ /usr/local/include]
  ignore line: [ /usr/include/x86_64-linux-gnu]
  ignore line: [ /usr/include]
  ignore line: [End of search list.]
  ignore line: [GNU C17 (Ubuntu 10.3.0-1ubuntu1) version 10.3.0 (x86_64-linux-gnu)]
  ignore line: [	compiled by GNU C version 10.3.0  GMP version 6.2.1  MPFR version 4.1.0  MPC version 1.2.0  isl version isl-0.23-GMP]
  ignore line: []
  ignore line: [GGC heuristics: --param ggc-min-expand=100 --param ggc-min-heapsize=131072]
  ignore line: [Compiler executable checksum: 58794417508a053c2d813aa212cbee7e]
  ignore line: [COLLECT_GCC_OPTIONS='-v' '-o' 'CMakeFiles/cmTC_dbe3d.dir/CMakeCCompilerABI.c.o' '-c' '-mtune=generic' '-march=x86-64']
  ignore line: [ as -v --64 -o CMakeFiles/cmTC_dbe3d.dir/CMakeCCompilerABI.c.o /tmp/ccZDDbW1.s]
  ignore line: [GNU assembler version 2.36.1 (x86_64-linux-gnu) using BFD version (GNU Binutils for Ubuntu) 2.36.1]
  ignore line: [COMPILER_PATH=/usr/lib/gcc/x86_64-linux-gnu/10/:/usr/lib/gcc/x86_64-linux-gnu/10/:/usr/lib/gcc/x86_64-linux-gnu/:/usr/lib/gcc/x86_64-linux-gnu/10/:/usr/lib/gcc/x86_64-linux-gnu/]
  ignore line: [LIBRARY_PATH=/usr/lib/gcc/x86_64-linux-gnu/10/:/usr/lib/gcc/x86_64-linux-gnu/10/../../../x86_64-linux-gnu/:/usr/lib/gcc/x86_64-linux-gnu/10/../../../../lib/:/lib/x86_64-linux-gnu/:/lib/../lib/:/usr/lib/x86_64-linux-gnu/:/usr/lib/../lib/:/usr/lib/gcc/x86_64-linux-gnu/10/../../../:/lib/:/usr/lib/]
  ignore line: [COLLECT_GCC_OPTIONS='-v' '-o' 'CMakeFiles/cmTC_dbe3d.dir/CMakeCCompilerABI.c.o' '-c' '-mtune=generic' '-march=x86-64']
  ignore line: [Linking C executable cmTC_dbe3d]
  ignore line: [/usr/bin/cmake -E cmake_link_script CMakeFiles/cmTC_dbe3d.dir/link.txt --verbose=1]
  ignore line: [/usr/bin/cc  -v CMakeFiles/cmTC_dbe3d.dir/CMakeCCompilerABI.c.o -o cmTC_dbe3d ]
  ignore line: [Using built-in specs.]
  ignore line: [COLLECT_GCC=/usr/bin/cc]
  ignore line: [COLLECT_LTO_WRAPPER=/usr/lib/gcc/x86_64-linux-gnu/10/lto-wrapper]
  ignore line: [OFFLOAD_TARGET_NAMES=nvptx-none:amdgcn-amdhsa:hsa]
  ignore line: [OFFLOAD_TARGET_DEFAULT=1]
  ignore line: [Target: x86_64-linux-gnu]
  ignore line: [Configured with: ../src/configure -v --with-pkgversion='Ubuntu 10.3.0-1ubuntu1' --with-bugurl=file:///usr/share/doc/gcc-10/README.Bugs --enable-languages=c ada c++ go brig d fortran objc obj-c++ m2 --prefix=/usr --with-gcc-major-version-only --program-suffix=-10 --program-prefix=x86_64-linux-gnu- --enable-shared --enable-linker-build-id --libexecdir=/usr/lib --without-included-gettext --enable-threads=posix --libdir=/usr/lib --enable-nls --enable-bootstrap --enable-clocale=gnu --enable-libstdcxx-debug --enable-libstdcxx-time=yes --with-default-libstdcxx-abi=new --enable-gnu-unique-object --disable-vtable-verify --enable-plugin --enable-default-pie --with-system-zlib --enable-libphobos-checking=release --with-target-system-zlib=auto --enable-objc-gc=auto --enable-multiarch --disable-werror --with-arch-32=i686 --with-abi=m64 --with-multilib-list=m32 m64 mx32 --enable-multilib --with-tune=generic --enable-offload-targets=nvptx-none=/build/gcc-10-gDeRY6/gcc-10-10.3.0/debian/tmp-nvptx/usr amdgcn-amdhsa=/build/gcc-10-gDeRY6/gcc-10-10.3.0/debian/tmp-gcn/usr hsa --without-cuda-driver --enable-checking=release --build=x86_64-linux-gnu --host=x86_64-linux-gnu --target=x86_64-linux-gnu --with-build-config=bootstrap-lto-lean --enable-link-mutex]
  ignore line: [Thread model: posix]
  ignore line: [Supported LTO compression algorithms: zlib zstd]
  ignore line: [gcc version 10.3.0 (Ubuntu 10.3.0-1ubuntu1) ]
  ignore line: [COMPILER_PATH=/usr/lib/gcc/x86_64-linux-gnu/10/:/usr/lib/gcc/x86_64-linux-gnu/10/:/usr/lib/gcc/x86_64-linux-gnu/:/usr/lib/gcc/x86_64-linux-gnu/10/:/usr/lib/gcc/x86_64-linux-gnu/]
  ignore line: [LIBRARY_PATH=/usr/lib/gcc/x86_64-linux-gnu/10/:/usr/lib/gcc/x86_64-linux-gnu/10/../../../x86_64-linux-gnu/:/usr/lib/gcc/x86_64-linux-gnu/10/../../../../lib/:/lib/x86_64-linux-gnu/:/lib/../lib/:/usr/lib/x86_64-linux-gnu/:/usr/lib/../lib/:/usr/lib/gcc/x86_64-linux-gnu/10/../../../:/lib/:/usr/lib/]
  ignore line: [COLLECT_GCC_OPTIONS='-v' '-o' 'cmTC_dbe3d' '-mtune=generic' '-march=x86-64']
  link line: [ /usr/lib/gcc/x86_64-linux-gnu/10/collect2 -plugin /usr/lib/gcc/x86_64-linux-gnu/10/liblto_plugin.so -plugin-opt=/usr/lib/gcc/x86_64-linux-gnu/10/lto-wrapper -plugin-opt=-fresolution=/tmp/ccJnb0si.res -plugin-opt=-pass-through=-lgcc -plugin-opt=-pass-through=-lgcc_s -plugin-opt=-pass-through=-lc -plugin-opt=-pass-through=-lgcc -plugin-opt=-pass-through=-lgcc_s --build-id --eh-frame-hdr -m elf_x86_64 --hash-style=gnu --as-needed -dynamic-linker /lib64/ld-linux-x86-64.so.2 -pie -z now -z relro -o cmTC_dbe3d /usr/lib/gcc/x86_64-linux-gnu/10/../../../x86_64-linux-gnu/Scrt1.o /usr/lib/gcc/x86_64-linux-gnu/10/../../../x86_64-linux-gnu/crti.o /usr/lib/gcc/x86_64-linux-gnu/10/crtbeginS.o -L/usr/lib/gcc/x86_64-linux-gnu/10 -L/usr/lib/gcc/x86_64-linux-gnu/10/../../../x86_64-linux-gnu -L/usr/lib/gcc/x86_64-linux-gnu/10/../../../../lib -L/lib/x86_64-linux-gnu -L/lib/../lib -L/usr/lib/x86_64-linux-gnu -L/usr/lib/../lib -L/usr/lib/gcc/x86_64-linux-gnu/10/../../.. CMakeFiles/cmTC_dbe3d.dir/CMakeCCompilerABI.c.o -lgcc --push-state --as-needed -lgcc_s --pop-state -lc -lgcc --push-state --as-needed -lgcc_s --pop-state /usr/lib/gcc/x86_64-linux-gnu/10/crtendS.o /usr/lib/gcc/x86_64-linux-gnu/10/../../../x86_64-linux-gnu/crtn.o]
    arg [/usr/lib/gcc/x86_64-linux-gnu/10/collect2] ==> ignore
    arg [-plugin] ==> ignore
    arg [/usr/lib/gcc/x86_64-linux-gnu/10/liblto_plugin.so] ==> ignore
    arg [-plugin-opt=/usr/lib/gcc/x86_64-linux-gnu/10/lto-wrapper] ==> ignore
    arg [-plugin-opt=-fresolution=/tmp/ccJnb0si.res] ==> ignore
    arg [-plugin-opt=-pass-through=-lgcc] ==> ignore
    arg [-plugin-opt=-pass-through=-lgcc_s] ==> ignore
    arg [-plugin-opt=-pass-through=-lc] ==> ignore
    arg [-plugin-opt=-pass-through=-lgcc] ==> ignore
    arg [-plugin-opt=-pass-through=-lgcc_s] ==> ignore
    arg [--build-id] ==> ignore
    arg [--eh-frame-hdr] ==> ignore
    arg [-m] ==> ignore
    arg [elf_x86_64] ==> ignore
    arg [--hash-style=gnu] ==> ignore
    arg [--as-needed] ==> ignore
    arg [-dynamic-linker] ==> ignore
    arg [/lib64/ld-linux-x86-64.so.2] ==> ignore
    arg [-pie] ==> ignore
    arg [-znow] ==> ignore
    arg [-zrelro] ==> ignore
    arg [-o] ==> ignore
    arg [cmTC_dbe3d] ==> ignore
    arg [/usr/lib/gcc/x86_64-linux-gnu/10/../../../x86_64-linux-gnu/Scrt1.o] ==> ignore
    arg [/usr/lib/gcc/x86_64-linux-gnu/10/../../../x86_64-linux-gnu/crti.o] ==> ignore
    arg [/usr/lib/gcc/x86_64-linux-gnu/10/crtbeginS.o] ==> ignore
    arg [-L/usr/lib/gcc/x86_64-linux-gnu/10] ==> dir [/usr/lib/gcc/x86_64-linux-gnu/10]
    arg [-L/usr/lib/gcc/x86_64-linux-gnu/10/../../../x86_64-linux-gnu] ==> dir [/usr/lib/gcc/x86_64-linux-gnu/10/../../../x86_64-linux-gnu]
    arg [-L/usr/lib/gcc/x86_64-linux-gnu/10/../../../../lib] ==> dir [/usr/lib/gcc/x86_64-linux-gnu/10/../../../../lib]
    arg [-L/lib/x86_64-linux-gnu] ==> dir [/lib/x86_64-linux-gnu]
    arg [-L/lib/../lib] ==> dir [/lib/../lib]
    arg [-L/usr/lib/x86_64-linux-gnu] ==> dir [/usr/lib/x86_64-linux-gnu]
    arg [-L/usr/lib/../lib] ==> dir [/usr/lib/../lib]
    arg [-L/usr/lib/gcc/x86_64-linux-gnu/10/../../..] ==> dir [/usr/lib/gcc/x86_64-linux-gnu/10/../../..]
    arg [CMakeFiles/cmTC_dbe3d.dir/CMakeCCompilerABI.c.o] ==> ignore
    arg [-lgcc] ==> lib [gcc]
    arg [--push-state] ==> ignore
    arg [--as-needed] ==> ignore
    arg [-lgcc_s] ==> lib [gcc_s]
    arg [--pop-state] ==> ignore
    arg [-lc] ==> lib [c]
    arg [-lgcc] ==> lib [gcc]
    arg [--push-state] ==> ignore
    arg [--as-needed] ==> ignore
    arg [-lgcc_s] ==> lib [gcc_s]
    arg [--pop-state] ==> ignore
    arg [/usr/lib/gcc/x86_64-linux-gnu/10/crtendS.o] ==> ignore
    arg [/usr/lib/gcc/x86_64-linux-gnu/10/../../../x86_64-linux-gnu/crtn.o] ==> ignore
  collapse library dir [/usr/lib/gcc/x86_64-linux-gnu/10] ==> [/usr/lib/gcc/x86_64-linux-gnu/10]
  collapse library dir [/usr/lib/gcc/x86_64-linux-gnu/10/../../../x86_64-linux-gnu] ==> [/usr/lib/x86_64-linux-gnu]
  collapse library dir [/usr/lib/gcc/x86_64-linux-gnu/10/../../../../lib] ==> [/usr/lib]
  collapse library dir [/lib/x86_64-linux-gnu] ==> [/lib/x86_64-linux-gnu]
  collapse library dir [/lib/../lib] ==> [/lib]
  collapse library dir [/usr/lib/x86_64-linux-gnu] ==> [/usr/lib/x86_64-linux-gnu]
  collapse library dir [/usr/lib/../lib] ==> [/usr/lib]
  collapse library dir [/usr/lib/gcc/x86_64-linux-gnu/10/../../..] ==> [/usr/lib]
  implicit libs: [gcc;gcc_s;c;gcc;gcc_s]
  implicit dirs: [/usr/lib/gcc/x86_64-linux-gnu/10;/usr/lib/x86_64-linux-gnu;/usr/lib;/lib/x86_64-linux-gnu;/lib]
  implicit fwks: []


Performing C++ SOURCE FILE Test XGBOOST_MM_PREFETCH_PRESENT succeeded with the following output:
Change Dir: /home/avi/git/distributions/xgboost/build/CMakeFiles/CMakeTmp

Run Build Command(s):/usr/bin/gmake cmTC_3a7ba/fast && /usr/bin/gmake  -f CMakeFiles/cmTC_3a7ba.dir/build.make CMakeFiles/cmTC_3a7ba.dir/build
gmake[1]: Entering directory '/home/avi/git/distributions/xgboost/build/CMakeFiles/CMakeTmp'
Building CXX object CMakeFiles/cmTC_3a7ba.dir/src.cxx.o
/usr/bin/c++   -DXGBOOST_MM_PREFETCH_PRESENT -o CMakeFiles/cmTC_3a7ba.dir/src.cxx.o -c /home/avi/git/distributions/xgboost/build/CMakeFiles/CMakeTmp/src.cxx
Linking CXX executable cmTC_3a7ba
/usr/bin/cmake -E cmake_link_script CMakeFiles/cmTC_3a7ba.dir/link.txt --verbose=1
/usr/bin/c++  -DXGBOOST_MM_PREFETCH_PRESENT CMakeFiles/cmTC_3a7ba.dir/src.cxx.o -o cmTC_3a7ba 
gmake[1]: Leaving directory '/home/avi/git/distributions/xgboost/build/CMakeFiles/CMakeTmp'


Source file was:

  #include <xmmintrin.h>
  int main() {
    char data = 0;
    const char* address = &data;
    _mm_prefetch(address, _MM_HINT_NTA);
    return 0;
  }
  
Performing C++ SOURCE FILE Test XGBOOST_BUILTIN_PREFETCH_PRESENT succeeded with the following output:
Change Dir: /home/avi/git/distributions/xgboost/build/CMakeFiles/CMakeTmp

Run Build Command(s):/usr/bin/gmake cmTC_9e828/fast && /usr/bin/gmake  -f CMakeFiles/cmTC_9e828.dir/build.make CMakeFiles/cmTC_9e828.dir/build
gmake[1]: Entering directory '/home/avi/git/distributions/xgboost/build/CMakeFiles/CMakeTmp'
Building CXX object CMakeFiles/cmTC_9e828.dir/src.cxx.o
/usr/bin/c++   -DXGBOOST_BUILTIN_PREFETCH_PRESENT -o CMakeFiles/cmTC_9e828.dir/src.cxx.o -c /home/avi/git/distributions/xgboost/build/CMakeFiles/CMakeTmp/src.cxx
Linking CXX executable cmTC_9e828
/usr/bin/cmake -E cmake_link_script CMakeFiles/cmTC_9e828.dir/link.txt --verbose=1
/usr/bin/c++  -DXGBOOST_BUILTIN_PREFETCH_PRESENT CMakeFiles/cmTC_9e828.dir/src.cxx.o -o cmTC_9e828 
gmake[1]: Leaving directory '/home/avi/git/distributions/xgboost/build/CMakeFiles/CMakeTmp'


Source file was:

  int main() {
    char data = 0;
    const char* address = &data;
    __builtin_prefetch(address, 0, 0);
    return 0;
  }
  
Determining if the include file pthread.h exists passed with the following output:
Change Dir: /home/avi/git/distributions/xgboost/build/CMakeFiles/CMakeTmp

Run Build Command(s):/usr/bin/gmake cmTC_98386/fast && /usr/bin/gmake  -f CMakeFiles/cmTC_98386.dir/build.make CMakeFiles/cmTC_98386.dir/build
gmake[1]: Entering directory '/home/avi/git/distributions/xgboost/build/CMakeFiles/CMakeTmp'
Building C object CMakeFiles/cmTC_98386.dir/CheckIncludeFile.c.o
/usr/bin/cc    -o CMakeFiles/cmTC_98386.dir/CheckIncludeFile.c.o -c /home/avi/git/distributions/xgboost/build/CMakeFiles/CMakeTmp/CheckIncludeFile.c
Linking C executable cmTC_98386
/usr/bin/cmake -E cmake_link_script CMakeFiles/cmTC_98386.dir/link.txt --verbose=1
/usr/bin/cc CMakeFiles/cmTC_98386.dir/CheckIncludeFile.c.o -o cmTC_98386 
gmake[1]: Leaving directory '/home/avi/git/distributions/xgboost/build/CMakeFiles/CMakeTmp'



Determining if the function pthread_create exists in the pthread passed with the following output:
Change Dir: /home/avi/git/distributions/xgboost/build/CMakeFiles/CMakeTmp

Run Build Command(s):/usr/bin/gmake cmTC_902b2/fast && /usr/bin/gmake  -f CMakeFiles/cmTC_902b2.dir/build.make CMakeFiles/cmTC_902b2.dir/build
gmake[1]: Entering directory '/home/avi/git/distributions/xgboost/build/CMakeFiles/CMakeTmp'
Building C object CMakeFiles/cmTC_902b2.dir/CheckFunctionExists.c.o
/usr/bin/cc   -DCHECK_FUNCTION_EXISTS=pthread_create -o CMakeFiles/cmTC_902b2.dir/CheckFunctionExists.c.o -c /usr/share/cmake-3.18/Modules/CheckFunctionExists.c
Linking C executable cmTC_902b2
/usr/bin/cmake -E cmake_link_script CMakeFiles/cmTC_902b2.dir/link.txt --verbose=1
/usr/bin/cc  -DCHECK_FUNCTION_EXISTS=pthread_create CMakeFiles/cmTC_902b2.dir/CheckFunctionExists.c.o -o cmTC_902b2  -lpthread 
gmake[1]: Leaving directory '/home/avi/git/distributions/xgboost/build/CMakeFiles/CMakeTmp'



Detecting C OpenMP compiler ABI info compiled with the following output:
Change Dir: /home/avi/git/distributions/xgboost/build/CMakeFiles/CMakeTmp

Run Build Command(s):/usr/bin/gmake cmTC_a7fc0/fast && /usr/bin/gmake  -f CMakeFiles/cmTC_a7fc0.dir/build.make CMakeFiles/cmTC_a7fc0.dir/build
gmake[1]: Entering directory '/home/avi/git/distributions/xgboost/build/CMakeFiles/CMakeTmp'
Building C object CMakeFiles/cmTC_a7fc0.dir/OpenMPTryFlag.c.o
/usr/bin/cc   -fopenmp -v -o CMakeFiles/cmTC_a7fc0.dir/OpenMPTryFlag.c.o -c /home/avi/git/distributions/xgboost/build/CMakeFiles/FindOpenMP/OpenMPTryFlag.c
Using built-in specs.
COLLECT_GCC=/usr/bin/cc
OFFLOAD_TARGET_NAMES=nvptx-none:amdgcn-amdhsa:hsa
OFFLOAD_TARGET_DEFAULT=1
Target: x86_64-linux-gnu
Configured with: ../src/configure -v --with-pkgversion='Ubuntu 10.3.0-1ubuntu1' --with-bugurl=file:///usr/share/doc/gcc-10/README.Bugs --enable-languages=c,ada,c++,go,brig,d,fortran,objc,obj-c++,m2 --prefix=/usr --with-gcc-major-version-only --program-suffix=-10 --program-prefix=x86_64-linux-gnu- --enable-shared --enable-linker-build-id --libexecdir=/usr/lib --without-included-gettext --enable-threads=posix --libdir=/usr/lib --enable-nls --enable-bootstrap --enable-clocale=gnu --enable-libstdcxx-debug --enable-libstdcxx-time=yes --with-default-libstdcxx-abi=new --enable-gnu-unique-object --disable-vtable-verify --enable-plugin --enable-default-pie --with-system-zlib --enable-libphobos-checking=release --with-target-system-zlib=auto --enable-objc-gc=auto --enable-multiarch --disable-werror --with-arch-32=i686 --with-abi=m64 --with-multilib-list=m32,m64,mx32 --enable-multilib --with-tune=generic --enable-offload-targets=nvptx-none=/build/gcc-10-gDeRY6/gcc-10-10.3.0/debian/tmp-nvptx/usr,amdgcn-amdhsa=/build/gcc-10-gDeRY6/gcc-10-10.3.0/debian/tmp-gcn/usr,hsa --without-cuda-driver --enable-checking=release --build=x86_64-linux-gnu --host=x86_64-linux-gnu --target=x86_64-linux-gnu --with-build-config=bootstrap-lto-lean --enable-link-mutex
Thread model: posix
Supported LTO compression algorithms: zlib zstd
gcc version 10.3.0 (Ubuntu 10.3.0-1ubuntu1) 
COLLECT_GCC_OPTIONS='-fopenmp' '-v' '-o' 'CMakeFiles/cmTC_a7fc0.dir/OpenMPTryFlag.c.o' '-c' '-mtune=generic' '-march=x86-64' '-pthread'
 /usr/lib/gcc/x86_64-linux-gnu/10/cc1 -quiet -v -imultiarch x86_64-linux-gnu -D_REENTRANT /home/avi/git/distributions/xgboost/build/CMakeFiles/FindOpenMP/OpenMPTryFlag.c -quiet -dumpbase OpenMPTryFlag.c -mtune=generic -march=x86-64 -auxbase-strip CMakeFiles/cmTC_a7fc0.dir/OpenMPTryFlag.c.o -version -fopenmp -fasynchronous-unwind-tables -fstack-protector-strong -Wformat -Wformat-security -fstack-clash-protection -fcf-protection -o /tmp/cc3RyQ0D.s
GNU C17 (Ubuntu 10.3.0-1ubuntu1) version 10.3.0 (x86_64-linux-gnu)
	compiled by GNU C version 10.3.0, GMP version 6.2.1, MPFR version 4.1.0, MPC version 1.2.0, isl version isl-0.23-GMP

GGC heuristics: --param ggc-min-expand=100 --param ggc-min-heapsize=131072
ignoring nonexistent directory "/usr/local/include/x86_64-linux-gnu"
ignoring nonexistent directory "/usr/lib/gcc/x86_64-linux-gnu/10/include-fixed"
ignoring nonexistent directory "/usr/lib/gcc/x86_64-linux-gnu/10/../../../../x86_64-linux-gnu/include"
#include "..." search starts here:
#include <...> search starts here:
 /usr/lib/gcc/x86_64-linux-gnu/10/include
 /usr/local/include
 /usr/include/x86_64-linux-gnu
 /usr/include
End of search list.
GNU C17 (Ubuntu 10.3.0-1ubuntu1) version 10.3.0 (x86_64-linux-gnu)
	compiled by GNU C version 10.3.0, GMP version 6.2.1, MPFR version 4.1.0, MPC version 1.2.0, isl version isl-0.23-GMP

GGC heuristics: --param ggc-min-expand=100 --param ggc-min-heapsize=131072
Compiler executable checksum: 58794417508a053c2d813aa212cbee7e
COLLECT_GCC_OPTIONS='-fopenmp' '-v' '-o' 'CMakeFiles/cmTC_a7fc0.dir/OpenMPTryFlag.c.o' '-c' '-mtune=generic' '-march=x86-64' '-pthread'
 as -v --64 -o CMakeFiles/cmTC_a7fc0.dir/OpenMPTryFlag.c.o /tmp/cc3RyQ0D.s
GNU assembler version 2.36.1 (x86_64-linux-gnu) using BFD version (GNU Binutils for Ubuntu) 2.36.1
COMPILER_PATH=/usr/lib/gcc/x86_64-linux-gnu/10/:/usr/lib/gcc/x86_64-linux-gnu/10/:/usr/lib/gcc/x86_64-linux-gnu/:/usr/lib/gcc/x86_64-linux-gnu/10/:/usr/lib/gcc/x86_64-linux-gnu/
LIBRARY_PATH=/usr/lib/gcc/x86_64-linux-gnu/10/:/usr/lib/gcc/x86_64-linux-gnu/10/../../../x86_64-linux-gnu/:/usr/lib/gcc/x86_64-linux-gnu/10/../../../../lib/:/lib/x86_64-linux-gnu/:/lib/../lib/:/usr/lib/x86_64-linux-gnu/:/usr/lib/../lib/:/usr/lib/gcc/x86_64-linux-gnu/10/../../../:/lib/:/usr/lib/
COLLECT_GCC_OPTIONS='-fopenmp' '-v' '-o' 'CMakeFiles/cmTC_a7fc0.dir/OpenMPTryFlag.c.o' '-c' '-mtune=generic' '-march=x86-64' '-pthread'
Linking C executable cmTC_a7fc0
/usr/bin/cmake -E cmake_link_script CMakeFiles/cmTC_a7fc0.dir/link.txt --verbose=1
/usr/bin/cc  -fopenmp -v CMakeFiles/cmTC_a7fc0.dir/OpenMPTryFlag.c.o -o cmTC_a7fc0  -v 
Using built-in specs.
COLLECT_GCC=/usr/bin/cc
COLLECT_LTO_WRAPPER=/usr/lib/gcc/x86_64-linux-gnu/10/lto-wrapper
OFFLOAD_TARGET_NAMES=nvptx-none:amdgcn-amdhsa:hsa
OFFLOAD_TARGET_DEFAULT=1
Target: x86_64-linux-gnu
Configured with: ../src/configure -v --with-pkgversion='Ubuntu 10.3.0-1ubuntu1' --with-bugurl=file:///usr/share/doc/gcc-10/README.Bugs --enable-languages=c,ada,c++,go,brig,d,fortran,objc,obj-c++,m2 --prefix=/usr --with-gcc-major-version-only --program-suffix=-10 --program-prefix=x86_64-linux-gnu- --enable-shared --enable-linker-build-id --libexecdir=/usr/lib --without-included-gettext --enable-threads=posix --libdir=/usr/lib --enable-nls --enable-bootstrap --enable-clocale=gnu --enable-libstdcxx-debug --enable-libstdcxx-time=yes --with-default-libstdcxx-abi=new --enable-gnu-unique-object --disable-vtable-verify --enable-plugin --enable-default-pie --with-system-zlib --enable-libphobos-checking=release --with-target-system-zlib=auto --enable-objc-gc=auto --enable-multiarch --disable-werror --with-arch-32=i686 --with-abi=m64 --with-multilib-list=m32,m64,mx32 --enable-multilib --with-tune=generic --enable-offload-targets=nvptx-none=/build/gcc-10-gDeRY6/gcc-10-10.3.0/debian/tmp-nvptx/usr,amdgcn-amdhsa=/build/gcc-10-gDeRY6/gcc-10-10.3.0/debian/tmp-gcn/usr,hsa --without-cuda-driver --enable-checking=release --build=x86_64-linux-gnu --host=x86_64-linux-gnu --target=x86_64-linux-gnu --with-build-config=bootstrap-lto-lean --enable-link-mutex
Thread model: posix
Supported LTO compression algorithms: zlib zstd
gcc version 10.3.0 (Ubuntu 10.3.0-1ubuntu1) 
COMPILER_PATH=/usr/lib/gcc/x86_64-linux-gnu/10/:/usr/lib/gcc/x86_64-linux-gnu/10/:/usr/lib/gcc/x86_64-linux-gnu/:/usr/lib/gcc/x86_64-linux-gnu/10/:/usr/lib/gcc/x86_64-linux-gnu/
LIBRARY_PATH=/usr/lib/gcc/x86_64-linux-gnu/10/:/usr/lib/gcc/x86_64-linux-gnu/10/../../../x86_64-linux-gnu/:/usr/lib/gcc/x86_64-linux-gnu/10/../../../../lib/:/lib/x86_64-linux-gnu/:/lib/../lib/:/usr/lib/x86_64-linux-gnu/:/usr/lib/../lib/:/usr/lib/gcc/x86_64-linux-gnu/10/../../../:/lib/:/usr/lib/
Reading specs from /usr/lib/gcc/x86_64-linux-gnu/10/libgomp.spec
COLLECT_GCC_OPTIONS='-fopenmp' '-v' '-o' 'cmTC_a7fc0' '-v' '-mtune=generic' '-march=x86-64' '-pthread'
 /usr/lib/gcc/x86_64-linux-gnu/10/collect2 -plugin /usr/lib/gcc/x86_64-linux-gnu/10/liblto_plugin.so -plugin-opt=/usr/lib/gcc/x86_64-linux-gnu/10/lto-wrapper -plugin-opt=-fresolution=/tmp/ccygGjl2.res -plugin-opt=-pass-through=-lgcc -plugin-opt=-pass-through=-lgcc_s -plugin-opt=-pass-through=-lpthread -plugin-opt=-pass-through=-lc -plugin-opt=-pass-through=-lgcc -plugin-opt=-pass-through=-lgcc_s --build-id --eh-frame-hdr -m elf_x86_64 --hash-style=gnu --as-needed -dynamic-linker /lib64/ld-linux-x86-64.so.2 -pie -z now -z relro -o cmTC_a7fc0 /usr/lib/gcc/x86_64-linux-gnu/10/../../../x86_64-linux-gnu/Scrt1.o /usr/lib/gcc/x86_64-linux-gnu/10/../../../x86_64-linux-gnu/crti.o /usr/lib/gcc/x86_64-linux-gnu/10/crtbeginS.o /usr/lib/gcc/x86_64-linux-gnu/10/crtoffloadbegin.o -L/usr/lib/gcc/x86_64-linux-gnu/10 -L/usr/lib/gcc/x86_64-linux-gnu/10/../../../x86_64-linux-gnu -L/usr/lib/gcc/x86_64-linux-gnu/10/../../../../lib -L/lib/x86_64-linux-gnu -L/lib/../lib -L/usr/lib/x86_64-linux-gnu -L/usr/lib/../lib -L/usr/lib/gcc/x86_64-linux-gnu/10/../../.. CMakeFiles/cmTC_a7fc0.dir/OpenMPTryFlag.c.o -lgomp -lgcc --push-state --as-needed -lgcc_s --pop-state -lpthread -lc -lgcc --push-state --as-needed -lgcc_s --pop-state /usr/lib/gcc/x86_64-linux-gnu/10/crtendS.o /usr/lib/gcc/x86_64-linux-gnu/10/../../../x86_64-linux-gnu/crtn.o /usr/lib/gcc/x86_64-linux-gnu/10/crtoffloadend.o
COLLECT_GCC_OPTIONS='-fopenmp' '-v' '-o' 'cmTC_a7fc0' '-v' '-mtune=generic' '-march=x86-64' '-pthread'
gmake[1]: Leaving directory '/home/avi/git/distributions/xgboost/build/CMakeFiles/CMakeTmp'



Parsed C OpenMP implicit link information from above output:
  link line regex: [^( *|.*[/\])(ld|CMAKE_LINK_STARTFILE-NOTFOUND|([^/\]+-)?ld|collect2)[^/\]*( |$)]
  ignore line: [Change Dir: /home/avi/git/distributions/xgboost/build/CMakeFiles/CMakeTmp]
  ignore line: []
  ignore line: [Run Build Command(s):/usr/bin/gmake cmTC_a7fc0/fast && /usr/bin/gmake  -f CMakeFiles/cmTC_a7fc0.dir/build.make CMakeFiles/cmTC_a7fc0.dir/build]
  ignore line: [gmake[1]: Entering directory '/home/avi/git/distributions/xgboost/build/CMakeFiles/CMakeTmp']
  ignore line: [Building C object CMakeFiles/cmTC_a7fc0.dir/OpenMPTryFlag.c.o]
  ignore line: [/usr/bin/cc   -fopenmp -v -o CMakeFiles/cmTC_a7fc0.dir/OpenMPTryFlag.c.o -c /home/avi/git/distributions/xgboost/build/CMakeFiles/FindOpenMP/OpenMPTryFlag.c]
  ignore line: [Using built-in specs.]
  ignore line: [COLLECT_GCC=/usr/bin/cc]
  ignore line: [OFFLOAD_TARGET_NAMES=nvptx-none:amdgcn-amdhsa:hsa]
  ignore line: [OFFLOAD_TARGET_DEFAULT=1]
  ignore line: [Target: x86_64-linux-gnu]
  ignore line: [Configured with: ../src/configure -v --with-pkgversion='Ubuntu 10.3.0-1ubuntu1' --with-bugurl=file:///usr/share/doc/gcc-10/README.Bugs --enable-languages=c ada c++ go brig d fortran objc obj-c++ m2 --prefix=/usr --with-gcc-major-version-only --program-suffix=-10 --program-prefix=x86_64-linux-gnu- --enable-shared --enable-linker-build-id --libexecdir=/usr/lib --without-included-gettext --enable-threads=posix --libdir=/usr/lib --enable-nls --enable-bootstrap --enable-clocale=gnu --enable-libstdcxx-debug --enable-libstdcxx-time=yes --with-default-libstdcxx-abi=new --enable-gnu-unique-object --disable-vtable-verify --enable-plugin --enable-default-pie --with-system-zlib --enable-libphobos-checking=release --with-target-system-zlib=auto --enable-objc-gc=auto --enable-multiarch --disable-werror --with-arch-32=i686 --with-abi=m64 --with-multilib-list=m32 m64 mx32 --enable-multilib --with-tune=generic --enable-offload-targets=nvptx-none=/build/gcc-10-gDeRY6/gcc-10-10.3.0/debian/tmp-nvptx/usr amdgcn-amdhsa=/build/gcc-10-gDeRY6/gcc-10-10.3.0/debian/tmp-gcn/usr hsa --without-cuda-driver --enable-checking=release --build=x86_64-linux-gnu --host=x86_64-linux-gnu --target=x86_64-linux-gnu --with-build-config=bootstrap-lto-lean --enable-link-mutex]
  ignore line: [Thread model: posix]
  ignore line: [Supported LTO compression algorithms: zlib zstd]
  ignore line: [gcc version 10.3.0 (Ubuntu 10.3.0-1ubuntu1) ]
  ignore line: [COLLECT_GCC_OPTIONS='-fopenmp' '-v' '-o' 'CMakeFiles/cmTC_a7fc0.dir/OpenMPTryFlag.c.o' '-c' '-mtune=generic' '-march=x86-64' '-pthread']
  ignore line: [ /usr/lib/gcc/x86_64-linux-gnu/10/cc1 -quiet -v -imultiarch x86_64-linux-gnu -D_REENTRANT /home/avi/git/distributions/xgboost/build/CMakeFiles/FindOpenMP/OpenMPTryFlag.c -quiet -dumpbase OpenMPTryFlag.c -mtune=generic -march=x86-64 -auxbase-strip CMakeFiles/cmTC_a7fc0.dir/OpenMPTryFlag.c.o -version -fopenmp -fasynchronous-unwind-tables -fstack-protector-strong -Wformat -Wformat-security -fstack-clash-protection -fcf-protection -o /tmp/cc3RyQ0D.s]
  ignore line: [GNU C17 (Ubuntu 10.3.0-1ubuntu1) version 10.3.0 (x86_64-linux-gnu)]
  ignore line: [	compiled by GNU C version 10.3.0  GMP version 6.2.1  MPFR version 4.1.0  MPC version 1.2.0  isl version isl-0.23-GMP]
  ignore line: []
  ignore line: [GGC heuristics: --param ggc-min-expand=100 --param ggc-min-heapsize=131072]
  ignore line: [ignoring nonexistent directory "/usr/local/include/x86_64-linux-gnu"]
  ignore line: [ignoring nonexistent directory "/usr/lib/gcc/x86_64-linux-gnu/10/include-fixed"]
  ignore line: [ignoring nonexistent directory "/usr/lib/gcc/x86_64-linux-gnu/10/../../../../x86_64-linux-gnu/include"]
  ignore line: [#include "..." search starts here:]
  ignore line: [#include <...> search starts here:]
  ignore line: [ /usr/lib/gcc/x86_64-linux-gnu/10/include]
  ignore line: [ /usr/local/include]
  ignore line: [ /usr/include/x86_64-linux-gnu]
  ignore line: [ /usr/include]
  ignore line: [End of search list.]
  ignore line: [GNU C17 (Ubuntu 10.3.0-1ubuntu1) version 10.3.0 (x86_64-linux-gnu)]
  ignore line: [	compiled by GNU C version 10.3.0  GMP version 6.2.1  MPFR version 4.1.0  MPC version 1.2.0  isl version isl-0.23-GMP]
  ignore line: []
  ignore line: [GGC heuristics: --param ggc-min-expand=100 --param ggc-min-heapsize=131072]
  ignore line: [Compiler executable checksum: 58794417508a053c2d813aa212cbee7e]
  ignore line: [COLLECT_GCC_OPTIONS='-fopenmp' '-v' '-o' 'CMakeFiles/cmTC_a7fc0.dir/OpenMPTryFlag.c.o' '-c' '-mtune=generic' '-march=x86-64' '-pthread']
  ignore line: [ as -v --64 -o CMakeFiles/cmTC_a7fc0.dir/OpenMPTryFlag.c.o /tmp/cc3RyQ0D.s]
  ignore line: [GNU assembler version 2.36.1 (x86_64-linux-gnu) using BFD version (GNU Binutils for Ubuntu) 2.36.1]
  ignore line: [COMPILER_PATH=/usr/lib/gcc/x86_64-linux-gnu/10/:/usr/lib/gcc/x86_64-linux-gnu/10/:/usr/lib/gcc/x86_64-linux-gnu/:/usr/lib/gcc/x86_64-linux-gnu/10/:/usr/lib/gcc/x86_64-linux-gnu/]
  ignore line: [LIBRARY_PATH=/usr/lib/gcc/x86_64-linux-gnu/10/:/usr/lib/gcc/x86_64-linux-gnu/10/../../../x86_64-linux-gnu/:/usr/lib/gcc/x86_64-linux-gnu/10/../../../../lib/:/lib/x86_64-linux-gnu/:/lib/../lib/:/usr/lib/x86_64-linux-gnu/:/usr/lib/../lib/:/usr/lib/gcc/x86_64-linux-gnu/10/../../../:/lib/:/usr/lib/]
  ignore line: [COLLECT_GCC_OPTIONS='-fopenmp' '-v' '-o' 'CMakeFiles/cmTC_a7fc0.dir/OpenMPTryFlag.c.o' '-c' '-mtune=generic' '-march=x86-64' '-pthread']
  ignore line: [Linking C executable cmTC_a7fc0]
  ignore line: [/usr/bin/cmake -E cmake_link_script CMakeFiles/cmTC_a7fc0.dir/link.txt --verbose=1]
  ignore line: [/usr/bin/cc  -fopenmp -v CMakeFiles/cmTC_a7fc0.dir/OpenMPTryFlag.c.o -o cmTC_a7fc0  -v ]
  ignore line: [Using built-in specs.]
  ignore line: [COLLECT_GCC=/usr/bin/cc]
  ignore line: [COLLECT_LTO_WRAPPER=/usr/lib/gcc/x86_64-linux-gnu/10/lto-wrapper]
  ignore line: [OFFLOAD_TARGET_NAMES=nvptx-none:amdgcn-amdhsa:hsa]
  ignore line: [OFFLOAD_TARGET_DEFAULT=1]
  ignore line: [Target: x86_64-linux-gnu]
  ignore line: [Configured with: ../src/configure -v --with-pkgversion='Ubuntu 10.3.0-1ubuntu1' --with-bugurl=file:///usr/share/doc/gcc-10/README.Bugs --enable-languages=c ada c++ go brig d fortran objc obj-c++ m2 --prefix=/usr --with-gcc-major-version-only --program-suffix=-10 --program-prefix=x86_64-linux-gnu- --enable-shared --enable-linker-build-id --libexecdir=/usr/lib --without-included-gettext --enable-threads=posix --libdir=/usr/lib --enable-nls --enable-bootstrap --enable-clocale=gnu --enable-libstdcxx-debug --enable-libstdcxx-time=yes --with-default-libstdcxx-abi=new --enable-gnu-unique-object --disable-vtable-verify --enable-plugin --enable-default-pie --with-system-zlib --enable-libphobos-checking=release --with-target-system-zlib=auto --enable-objc-gc=auto --enable-multiarch --disable-werror --with-arch-32=i686 --with-abi=m64 --with-multilib-list=m32 m64 mx32 --enable-multilib --with-tune=generic --enable-offload-targets=nvptx-none=/build/gcc-10-gDeRY6/gcc-10-10.3.0/debian/tmp-nvptx/usr amdgcn-amdhsa=/build/gcc-10-gDeRY6/gcc-10-10.3.0/debian/tmp-gcn/usr hsa --without-cuda-driver --enable-checking=release --build=x86_64-linux-gnu --host=x86_64-linux-gnu --target=x86_64-linux-gnu --with-build-config=bootstrap-lto-lean --enable-link-mutex]
  ignore line: [Thread model: posix]
  ignore line: [Supported LTO compression algorithms: zlib zstd]
  ignore line: [gcc version 10.3.0 (Ubuntu 10.3.0-1ubuntu1) ]
  ignore line: [COMPILER_PATH=/usr/lib/gcc/x86_64-linux-gnu/10/:/usr/lib/gcc/x86_64-linux-gnu/10/:/usr/lib/gcc/x86_64-linux-gnu/:/usr/lib/gcc/x86_64-linux-gnu/10/:/usr/lib/gcc/x86_64-linux-gnu/]
  ignore line: [LIBRARY_PATH=/usr/lib/gcc/x86_64-linux-gnu/10/:/usr/lib/gcc/x86_64-linux-gnu/10/../../../x86_64-linux-gnu/:/usr/lib/gcc/x86_64-linux-gnu/10/../../../../lib/:/lib/x86_64-linux-gnu/:/lib/../lib/:/usr/lib/x86_64-linux-gnu/:/usr/lib/../lib/:/usr/lib/gcc/x86_64-linux-gnu/10/../../../:/lib/:/usr/lib/]
  ignore line: [Reading specs from /usr/lib/gcc/x86_64-linux-gnu/10/libgomp.spec]
  ignore line: [COLLECT_GCC_OPTIONS='-fopenmp' '-v' '-o' 'cmTC_a7fc0' '-v' '-mtune=generic' '-march=x86-64' '-pthread']
  link line: [ /usr/lib/gcc/x86_64-linux-gnu/10/collect2 -plugin /usr/lib/gcc/x86_64-linux-gnu/10/liblto_plugin.so -plugin-opt=/usr/lib/gcc/x86_64-linux-gnu/10/lto-wrapper -plugin-opt=-fresolution=/tmp/ccygGjl2.res -plugin-opt=-pass-through=-lgcc -plugin-opt=-pass-through=-lgcc_s -plugin-opt=-pass-through=-lpthread -plugin-opt=-pass-through=-lc -plugin-opt=-pass-through=-lgcc -plugin-opt=-pass-through=-lgcc_s --build-id --eh-frame-hdr -m elf_x86_64 --hash-style=gnu --as-needed -dynamic-linker /lib64/ld-linux-x86-64.so.2 -pie -z now -z relro -o cmTC_a7fc0 /usr/lib/gcc/x86_64-linux-gnu/10/../../../x86_64-linux-gnu/Scrt1.o /usr/lib/gcc/x86_64-linux-gnu/10/../../../x86_64-linux-gnu/crti.o /usr/lib/gcc/x86_64-linux-gnu/10/crtbeginS.o /usr/lib/gcc/x86_64-linux-gnu/10/crtoffloadbegin.o -L/usr/lib/gcc/x86_64-linux-gnu/10 -L/usr/lib/gcc/x86_64-linux-gnu/10/../../../x86_64-linux-gnu -L/usr/lib/gcc/x86_64-linux-gnu/10/../../../../lib -L/lib/x86_64-linux-gnu -L/lib/../lib -L/usr/lib/x86_64-linux-gnu -L/usr/lib/../lib -L/usr/lib/gcc/x86_64-linux-gnu/10/../../.. CMakeFiles/cmTC_a7fc0.dir/OpenMPTryFlag.c.o -lgomp -lgcc --push-state --as-needed -lgcc_s --pop-state -lpthread -lc -lgcc --push-state --as-needed -lgcc_s --pop-state /usr/lib/gcc/x86_64-linux-gnu/10/crtendS.o /usr/lib/gcc/x86_64-linux-gnu/10/../../../x86_64-linux-gnu/crtn.o /usr/lib/gcc/x86_64-linux-gnu/10/crtoffloadend.o]
    arg [/usr/lib/gcc/x86_64-linux-gnu/10/collect2] ==> ignore
    arg [-plugin] ==> ignore
    arg [/usr/lib/gcc/x86_64-linux-gnu/10/liblto_plugin.so] ==> ignore
    arg [-plugin-opt=/usr/lib/gcc/x86_64-linux-gnu/10/lto-wrapper] ==> ignore
    arg [-plugin-opt=-fresolution=/tmp/ccygGjl2.res] ==> ignore
    arg [-plugin-opt=-pass-through=-lgcc] ==> ignore
    arg [-plugin-opt=-pass-through=-lgcc_s] ==> ignore
    arg [-plugin-opt=-pass-through=-lpthread] ==> ignore
    arg [-plugin-opt=-pass-through=-lc] ==> ignore
    arg [-plugin-opt=-pass-through=-lgcc] ==> ignore
    arg [-plugin-opt=-pass-through=-lgcc_s] ==> ignore
    arg [--build-id] ==> ignore
    arg [--eh-frame-hdr] ==> ignore
    arg [-m] ==> ignore
    arg [elf_x86_64] ==> ignore
    arg [--hash-style=gnu] ==> ignore
    arg [--as-needed] ==> ignore
    arg [-dynamic-linker] ==> ignore
    arg [/lib64/ld-linux-x86-64.so.2] ==> ignore
    arg [-pie] ==> ignore
    arg [-znow] ==> ignore
    arg [-zrelro] ==> ignore
    arg [-o] ==> ignore
    arg [cmTC_a7fc0] ==> ignore
    arg [/usr/lib/gcc/x86_64-linux-gnu/10/../../../x86_64-linux-gnu/Scrt1.o] ==> ignore
    arg [/usr/lib/gcc/x86_64-linux-gnu/10/../../../x86_64-linux-gnu/crti.o] ==> ignore
    arg [/usr/lib/gcc/x86_64-linux-gnu/10/crtbeginS.o] ==> ignore
    arg [/usr/lib/gcc/x86_64-linux-gnu/10/crtoffloadbegin.o] ==> ignore
    arg [-L/usr/lib/gcc/x86_64-linux-gnu/10] ==> dir [/usr/lib/gcc/x86_64-linux-gnu/10]
    arg [-L/usr/lib/gcc/x86_64-linux-gnu/10/../../../x86_64-linux-gnu] ==> dir [/usr/lib/gcc/x86_64-linux-gnu/10/../../../x86_64-linux-gnu]
    arg [-L/usr/lib/gcc/x86_64-linux-gnu/10/../../../../lib] ==> dir [/usr/lib/gcc/x86_64-linux-gnu/10/../../../../lib]
    arg [-L/lib/x86_64-linux-gnu] ==> dir [/lib/x86_64-linux-gnu]
    arg [-L/lib/../lib] ==> dir [/lib/../lib]
    arg [-L/usr/lib/x86_64-linux-gnu] ==> dir [/usr/lib/x86_64-linux-gnu]
    arg [-L/usr/lib/../lib] ==> dir [/usr/lib/../lib]
    arg [-L/usr/lib/gcc/x86_64-linux-gnu/10/../../..] ==> dir [/usr/lib/gcc/x86_64-linux-gnu/10/../../..]
    arg [CMakeFiles/cmTC_a7fc0.dir/OpenMPTryFlag.c.o] ==> ignore
    arg [-lgomp] ==> lib [gomp]
    arg [-lgcc] ==> lib [gcc]
    arg [--push-state] ==> ignore
    arg [--as-needed] ==> ignore
    arg [-lgcc_s] ==> lib [gcc_s]
    arg [--pop-state] ==> ignore
    arg [-lpthread] ==> lib [pthread]
    arg [-lc] ==> lib [c]
    arg [-lgcc] ==> lib [gcc]
    arg [--push-state] ==> ignore
    arg [--as-needed] ==> ignore
    arg [-lgcc_s] ==> lib [gcc_s]
    arg [--pop-state] ==> ignore
    arg [/usr/lib/gcc/x86_64-linux-gnu/10/crtendS.o] ==> ignore
    arg [/usr/lib/gcc/x86_64-linux-gnu/10/../../../x86_64-linux-gnu/crtn.o] ==> ignore
    arg [/usr/lib/gcc/x86_64-linux-gnu/10/crtoffloadend.o] ==> ignore
  collapse library dir [/usr/lib/gcc/x86_64-linux-gnu/10] ==> [/usr/lib/gcc/x86_64-linux-gnu/10]
  collapse library dir [/usr/lib/gcc/x86_64-linux-gnu/10/../../../x86_64-linux-gnu] ==> [/usr/lib/x86_64-linux-gnu]
  collapse library dir [/usr/lib/gcc/x86_64-linux-gnu/10/../../../../lib] ==> [/usr/lib]
  collapse library dir [/lib/x86_64-linux-gnu] ==> [/lib/x86_64-linux-gnu]
  collapse library dir [/lib/../lib] ==> [/lib]
  collapse library dir [/usr/lib/x86_64-linux-gnu] ==> [/usr/lib/x86_64-linux-gnu]
  collapse library dir [/usr/lib/../lib] ==> [/usr/lib]
  collapse library dir [/usr/lib/gcc/x86_64-linux-gnu/10/../../..] ==> [/usr/lib]
  implicit libs: [gomp;gcc;gcc_s;pthread;c;gcc;gcc_s]
  implicit dirs: [/usr/lib/gcc/x86_64-linux-gnu/10;/usr/lib/x86_64-linux-gnu;/usr/lib;/lib/x86_64-linux-gnu;/lib]
  implicit fwks: []


Detecting CXX OpenMP compiler ABI info compiled with the following output:
Change Dir: /home/avi/git/distributions/xgboost/build/CMakeFiles/CMakeTmp

Run Build Command(s):/usr/bin/gmake cmTC_08206/fast && /usr/bin/gmake  -f CMakeFiles/cmTC_08206.dir/build.make CMakeFiles/cmTC_08206.dir/build
gmake[1]: Entering directory '/home/avi/git/distributions/xgboost/build/CMakeFiles/CMakeTmp'
Building CXX object CMakeFiles/cmTC_08206.dir/OpenMPTryFlag.cpp.o
/usr/bin/c++   -fopenmp -v -o CMakeFiles/cmTC_08206.dir/OpenMPTryFlag.cpp.o -c /home/avi/git/distributions/xgboost/build/CMakeFiles/FindOpenMP/OpenMPTryFlag.cpp
Using built-in specs.
COLLECT_GCC=/usr/bin/c++
OFFLOAD_TARGET_NAMES=nvptx-none:amdgcn-amdhsa:hsa
OFFLOAD_TARGET_DEFAULT=1
Target: x86_64-linux-gnu
Configured with: ../src/configure -v --with-pkgversion='Ubuntu 10.3.0-1ubuntu1' --with-bugurl=file:///usr/share/doc/gcc-10/README.Bugs --enable-languages=c,ada,c++,go,brig,d,fortran,objc,obj-c++,m2 --prefix=/usr --with-gcc-major-version-only --program-suffix=-10 --program-prefix=x86_64-linux-gnu- --enable-shared --enable-linker-build-id --libexecdir=/usr/lib --without-included-gettext --enable-threads=posix --libdir=/usr/lib --enable-nls --enable-bootstrap --enable-clocale=gnu --enable-libstdcxx-debug --enable-libstdcxx-time=yes --with-default-libstdcxx-abi=new --enable-gnu-unique-object --disable-vtable-verify --enable-plugin --enable-default-pie --with-system-zlib --enable-libphobos-checking=release --with-target-system-zlib=auto --enable-objc-gc=auto --enable-multiarch --disable-werror --with-arch-32=i686 --with-abi=m64 --with-multilib-list=m32,m64,mx32 --enable-multilib --with-tune=generic --enable-offload-targets=nvptx-none=/build/gcc-10-gDeRY6/gcc-10-10.3.0/debian/tmp-nvptx/usr,amdgcn-amdhsa=/build/gcc-10-gDeRY6/gcc-10-10.3.0/debian/tmp-gcn/usr,hsa --without-cuda-driver --enable-checking=release --build=x86_64-linux-gnu --host=x86_64-linux-gnu --target=x86_64-linux-gnu --with-build-config=bootstrap-lto-lean --enable-link-mutex
Thread model: posix
Supported LTO compression algorithms: zlib zstd
gcc version 10.3.0 (Ubuntu 10.3.0-1ubuntu1) 
COLLECT_GCC_OPTIONS='-fopenmp' '-v' '-o' 'CMakeFiles/cmTC_08206.dir/OpenMPTryFlag.cpp.o' '-c' '-shared-libgcc' '-mtune=generic' '-march=x86-64' '-pthread'
 /usr/lib/gcc/x86_64-linux-gnu/10/cc1plus -quiet -v -imultiarch x86_64-linux-gnu -D_GNU_SOURCE -D_REENTRANT /home/avi/git/distributions/xgboost/build/CMakeFiles/FindOpenMP/OpenMPTryFlag.cpp -quiet -dumpbase OpenMPTryFlag.cpp -mtune=generic -march=x86-64 -auxbase-strip CMakeFiles/cmTC_08206.dir/OpenMPTryFlag.cpp.o -version -fopenmp -fasynchronous-unwind-tables -fstack-protector-strong -Wformat -Wformat-security -fstack-clash-protection -fcf-protection -o /tmp/ccbXMb7n.s
GNU C++14 (Ubuntu 10.3.0-1ubuntu1) version 10.3.0 (x86_64-linux-gnu)
	compiled by GNU C version 10.3.0, GMP version 6.2.1, MPFR version 4.1.0, MPC version 1.2.0, isl version isl-0.23-GMP

GGC heuristics: --param ggc-min-expand=100 --param ggc-min-heapsize=131072
ignoring duplicate directory "/usr/include/x86_64-linux-gnu/c++/10"
ignoring nonexistent directory "/usr/local/include/x86_64-linux-gnu"
ignoring nonexistent directory "/usr/lib/gcc/x86_64-linux-gnu/10/include-fixed"
ignoring nonexistent directory "/usr/lib/gcc/x86_64-linux-gnu/10/../../../../x86_64-linux-gnu/include"
#include "..." search starts here:
#include <...> search starts here:
 /usr/include/c++/10
 /usr/include/x86_64-linux-gnu/c++/10
 /usr/include/c++/10/backward
 /usr/lib/gcc/x86_64-linux-gnu/10/include
 /usr/local/include
 /usr/include/x86_64-linux-gnu
 /usr/include
End of search list.
GNU C++14 (Ubuntu 10.3.0-1ubuntu1) version 10.3.0 (x86_64-linux-gnu)
	compiled by GNU C version 10.3.0, GMP version 6.2.1, MPFR version 4.1.0, MPC version 1.2.0, isl version isl-0.23-GMP

GGC heuristics: --param ggc-min-expand=100 --param ggc-min-heapsize=131072
Compiler executable checksum: 118e824ee50d24f402f1f2e0e1ebfb12
COLLECT_GCC_OPTIONS='-fopenmp' '-v' '-o' 'CMakeFiles/cmTC_08206.dir/OpenMPTryFlag.cpp.o' '-c' '-shared-libgcc' '-mtune=generic' '-march=x86-64' '-pthread'
 as -v --64 -o CMakeFiles/cmTC_08206.dir/OpenMPTryFlag.cpp.o /tmp/ccbXMb7n.s
GNU assembler version 2.36.1 (x86_64-linux-gnu) using BFD version (GNU Binutils for Ubuntu) 2.36.1
COMPILER_PATH=/usr/lib/gcc/x86_64-linux-gnu/10/:/usr/lib/gcc/x86_64-linux-gnu/10/:/usr/lib/gcc/x86_64-linux-gnu/:/usr/lib/gcc/x86_64-linux-gnu/10/:/usr/lib/gcc/x86_64-linux-gnu/
LIBRARY_PATH=/usr/lib/gcc/x86_64-linux-gnu/10/:/usr/lib/gcc/x86_64-linux-gnu/10/../../../x86_64-linux-gnu/:/usr/lib/gcc/x86_64-linux-gnu/10/../../../../lib/:/lib/x86_64-linux-gnu/:/lib/../lib/:/usr/lib/x86_64-linux-gnu/:/usr/lib/../lib/:/usr/lib/gcc/x86_64-linux-gnu/10/../../../:/lib/:/usr/lib/
COLLECT_GCC_OPTIONS='-fopenmp' '-v' '-o' 'CMakeFiles/cmTC_08206.dir/OpenMPTryFlag.cpp.o' '-c' '-shared-libgcc' '-mtune=generic' '-march=x86-64' '-pthread'
Linking CXX executable cmTC_08206
/usr/bin/cmake -E cmake_link_script CMakeFiles/cmTC_08206.dir/link.txt --verbose=1
/usr/bin/c++  -fopenmp -v CMakeFiles/cmTC_08206.dir/OpenMPTryFlag.cpp.o -o cmTC_08206  -v 
Using built-in specs.
COLLECT_GCC=/usr/bin/c++
COLLECT_LTO_WRAPPER=/usr/lib/gcc/x86_64-linux-gnu/10/lto-wrapper
OFFLOAD_TARGET_NAMES=nvptx-none:amdgcn-amdhsa:hsa
OFFLOAD_TARGET_DEFAULT=1
Target: x86_64-linux-gnu
Configured with: ../src/configure -v --with-pkgversion='Ubuntu 10.3.0-1ubuntu1' --with-bugurl=file:///usr/share/doc/gcc-10/README.Bugs --enable-languages=c,ada,c++,go,brig,d,fortran,objc,obj-c++,m2 --prefix=/usr --with-gcc-major-version-only --program-suffix=-10 --program-prefix=x86_64-linux-gnu- --enable-shared --enable-linker-build-id --libexecdir=/usr/lib --without-included-gettext --enable-threads=posix --libdir=/usr/lib --enable-nls --enable-bootstrap --enable-clocale=gnu --enable-libstdcxx-debug --enable-libstdcxx-time=yes --with-default-libstdcxx-abi=new --enable-gnu-unique-object --disable-vtable-verify --enable-plugin --enable-default-pie --with-system-zlib --enable-libphobos-checking=release --with-target-system-zlib=auto --enable-objc-gc=auto --enable-multiarch --disable-werror --with-arch-32=i686 --with-abi=m64 --with-multilib-list=m32,m64,mx32 --enable-multilib --with-tune=generic --enable-offload-targets=nvptx-none=/build/gcc-10-gDeRY6/gcc-10-10.3.0/debian/tmp-nvptx/usr,amdgcn-amdhsa=/build/gcc-10-gDeRY6/gcc-10-10.3.0/debian/tmp-gcn/usr,hsa --without-cuda-driver --enable-checking=release --build=x86_64-linux-gnu --host=x86_64-linux-gnu --target=x86_64-linux-gnu --with-build-config=bootstrap-lto-lean --enable-link-mutex
Thread model: posix
Supported LTO compression algorithms: zlib zstd
gcc version 10.3.0 (Ubuntu 10.3.0-1ubuntu1) 
COMPILER_PATH=/usr/lib/gcc/x86_64-linux-gnu/10/:/usr/lib/gcc/x86_64-linux-gnu/10/:/usr/lib/gcc/x86_64-linux-gnu/:/usr/lib/gcc/x86_64-linux-gnu/10/:/usr/lib/gcc/x86_64-linux-gnu/
LIBRARY_PATH=/usr/lib/gcc/x86_64-linux-gnu/10/:/usr/lib/gcc/x86_64-linux-gnu/10/../../../x86_64-linux-gnu/:/usr/lib/gcc/x86_64-linux-gnu/10/../../../../lib/:/lib/x86_64-linux-gnu/:/lib/../lib/:/usr/lib/x86_64-linux-gnu/:/usr/lib/../lib/:/usr/lib/gcc/x86_64-linux-gnu/10/../../../:/lib/:/usr/lib/
Reading specs from /usr/lib/gcc/x86_64-linux-gnu/10/libgomp.spec
COLLECT_GCC_OPTIONS='-fopenmp' '-v' '-o' 'cmTC_08206' '-v' '-shared-libgcc' '-mtune=generic' '-march=x86-64' '-pthread'
 /usr/lib/gcc/x86_64-linux-gnu/10/collect2 -plugin /usr/lib/gcc/x86_64-linux-gnu/10/liblto_plugin.so -plugin-opt=/usr/lib/gcc/x86_64-linux-gnu/10/lto-wrapper -plugin-opt=-fresolution=/tmp/ccjiAyrw.res -plugin-opt=-pass-through=-lgcc_s -plugin-opt=-pass-through=-lgcc -plugin-opt=-pass-through=-lpthread -plugin-opt=-pass-through=-lc -plugin-opt=-pass-through=-lgcc_s -plugin-opt=-pass-through=-lgcc --build-id --eh-frame-hdr -m elf_x86_64 --hash-style=gnu --as-needed -dynamic-linker /lib64/ld-linux-x86-64.so.2 -pie -z now -z relro -o cmTC_08206 /usr/lib/gcc/x86_64-linux-gnu/10/../../../x86_64-linux-gnu/Scrt1.o /usr/lib/gcc/x86_64-linux-gnu/10/../../../x86_64-linux-gnu/crti.o /usr/lib/gcc/x86_64-linux-gnu/10/crtbeginS.o /usr/lib/gcc/x86_64-linux-gnu/10/crtoffloadbegin.o -L/usr/lib/gcc/x86_64-linux-gnu/10 -L/usr/lib/gcc/x86_64-linux-gnu/10/../../../x86_64-linux-gnu -L/usr/lib/gcc/x86_64-linux-gnu/10/../../../../lib -L/lib/x86_64-linux-gnu -L/lib/../lib -L/usr/lib/x86_64-linux-gnu -L/usr/lib/../lib -L/usr/lib/gcc/x86_64-linux-gnu/10/../../.. CMakeFiles/cmTC_08206.dir/OpenMPTryFlag.cpp.o -lstdc++ -lm -lgomp -lgcc_s -lgcc -lpthread -lc -lgcc_s -lgcc /usr/lib/gcc/x86_64-linux-gnu/10/crtendS.o /usr/lib/gcc/x86_64-linux-gnu/10/../../../x86_64-linux-gnu/crtn.o /usr/lib/gcc/x86_64-linux-gnu/10/crtoffloadend.o
COLLECT_GCC_OPTIONS='-fopenmp' '-v' '-o' 'cmTC_08206' '-v' '-shared-libgcc' '-mtune=generic' '-march=x86-64' '-pthread'
gmake[1]: Leaving directory '/home/avi/git/distributions/xgboost/build/CMakeFiles/CMakeTmp'



Parsed CXX OpenMP implicit link information from above output:
  link line regex: [^( *|.*[/\])(ld|CMAKE_LINK_STARTFILE-NOTFOUND|([^/\]+-)?ld|collect2)[^/\]*( |$)]
  ignore line: [Change Dir: /home/avi/git/distributions/xgboost/build/CMakeFiles/CMakeTmp]
  ignore line: []
  ignore line: [Run Build Command(s):/usr/bin/gmake cmTC_08206/fast && /usr/bin/gmake  -f CMakeFiles/cmTC_08206.dir/build.make CMakeFiles/cmTC_08206.dir/build]
  ignore line: [gmake[1]: Entering directory '/home/avi/git/distributions/xgboost/build/CMakeFiles/CMakeTmp']
  ignore line: [Building CXX object CMakeFiles/cmTC_08206.dir/OpenMPTryFlag.cpp.o]
  ignore line: [/usr/bin/c++   -fopenmp -v -o CMakeFiles/cmTC_08206.dir/OpenMPTryFlag.cpp.o -c /home/avi/git/distributions/xgboost/build/CMakeFiles/FindOpenMP/OpenMPTryFlag.cpp]
  ignore line: [Using built-in specs.]
  ignore line: [COLLECT_GCC=/usr/bin/c++]
  ignore line: [OFFLOAD_TARGET_NAMES=nvptx-none:amdgcn-amdhsa:hsa]
  ignore line: [OFFLOAD_TARGET_DEFAULT=1]
  ignore line: [Target: x86_64-linux-gnu]
  ignore line: [Configured with: ../src/configure -v --with-pkgversion='Ubuntu 10.3.0-1ubuntu1' --with-bugurl=file:///usr/share/doc/gcc-10/README.Bugs --enable-languages=c ada c++ go brig d fortran objc obj-c++ m2 --prefix=/usr --with-gcc-major-version-only --program-suffix=-10 --program-prefix=x86_64-linux-gnu- --enable-shared --enable-linker-build-id --libexecdir=/usr/lib --without-included-gettext --enable-threads=posix --libdir=/usr/lib --enable-nls --enable-bootstrap --enable-clocale=gnu --enable-libstdcxx-debug --enable-libstdcxx-time=yes --with-default-libstdcxx-abi=new --enable-gnu-unique-object --disable-vtable-verify --enable-plugin --enable-default-pie --with-system-zlib --enable-libphobos-checking=release --with-target-system-zlib=auto --enable-objc-gc=auto --enable-multiarch --disable-werror --with-arch-32=i686 --with-abi=m64 --with-multilib-list=m32 m64 mx32 --enable-multilib --with-tune=generic --enable-offload-targets=nvptx-none=/build/gcc-10-gDeRY6/gcc-10-10.3.0/debian/tmp-nvptx/usr amdgcn-amdhsa=/build/gcc-10-gDeRY6/gcc-10-10.3.0/debian/tmp-gcn/usr hsa --without-cuda-driver --enable-checking=release --build=x86_64-linux-gnu --host=x86_64-linux-gnu --target=x86_64-linux-gnu --with-build-config=bootstrap-lto-lean --enable-link-mutex]
  ignore line: [Thread model: posix]
  ignore line: [Supported LTO compression algorithms: zlib zstd]
  ignore line: [gcc version 10.3.0 (Ubuntu 10.3.0-1ubuntu1) ]
  ignore line: [COLLECT_GCC_OPTIONS='-fopenmp' '-v' '-o' 'CMakeFiles/cmTC_08206.dir/OpenMPTryFlag.cpp.o' '-c' '-shared-libgcc' '-mtune=generic' '-march=x86-64' '-pthread']
  ignore line: [ /usr/lib/gcc/x86_64-linux-gnu/10/cc1plus -quiet -v -imultiarch x86_64-linux-gnu -D_GNU_SOURCE -D_REENTRANT /home/avi/git/distributions/xgboost/build/CMakeFiles/FindOpenMP/OpenMPTryFlag.cpp -quiet -dumpbase OpenMPTryFlag.cpp -mtune=generic -march=x86-64 -auxbase-strip CMakeFiles/cmTC_08206.dir/OpenMPTryFlag.cpp.o -version -fopenmp -fasynchronous-unwind-tables -fstack-protector-strong -Wformat -Wformat-security -fstack-clash-protection -fcf-protection -o /tmp/ccbXMb7n.s]
  ignore line: [GNU C++14 (Ubuntu 10.3.0-1ubuntu1) version 10.3.0 (x86_64-linux-gnu)]
  ignore line: [	compiled by GNU C version 10.3.0  GMP version 6.2.1  MPFR version 4.1.0  MPC version 1.2.0  isl version isl-0.23-GMP]
  ignore line: []
  ignore line: [GGC heuristics: --param ggc-min-expand=100 --param ggc-min-heapsize=131072]
  ignore line: [ignoring duplicate directory "/usr/include/x86_64-linux-gnu/c++/10"]
  ignore line: [ignoring nonexistent directory "/usr/local/include/x86_64-linux-gnu"]
  ignore line: [ignoring nonexistent directory "/usr/lib/gcc/x86_64-linux-gnu/10/include-fixed"]
  ignore line: [ignoring nonexistent directory "/usr/lib/gcc/x86_64-linux-gnu/10/../../../../x86_64-linux-gnu/include"]
  ignore line: [#include "..." search starts here:]
  ignore line: [#include <...> search starts here:]
  ignore line: [ /usr/include/c++/10]
  ignore line: [ /usr/include/x86_64-linux-gnu/c++/10]
  ignore line: [ /usr/include/c++/10/backward]
  ignore line: [ /usr/lib/gcc/x86_64-linux-gnu/10/include]
  ignore line: [ /usr/local/include]
  ignore line: [ /usr/include/x86_64-linux-gnu]
  ignore line: [ /usr/include]
  ignore line: [End of search list.]
  ignore line: [GNU C++14 (Ubuntu 10.3.0-1ubuntu1) version 10.3.0 (x86_64-linux-gnu)]
  ignore line: [	compiled by GNU C version 10.3.0  GMP version 6.2.1  MPFR version 4.1.0  MPC version 1.2.0  isl version isl-0.23-GMP]
  ignore line: []
  ignore line: [GGC heuristics: --param ggc-min-expand=100 --param ggc-min-heapsize=131072]
  ignore line: [Compiler executable checksum: 118e824ee50d24f402f1f2e0e1ebfb12]
  ignore line: [COLLECT_GCC_OPTIONS='-fopenmp' '-v' '-o' 'CMakeFiles/cmTC_08206.dir/OpenMPTryFlag.cpp.o' '-c' '-shared-libgcc' '-mtune=generic' '-march=x86-64' '-pthread']
  ignore line: [ as -v --64 -o CMakeFiles/cmTC_08206.dir/OpenMPTryFlag.cpp.o /tmp/ccbXMb7n.s]
  ignore line: [GNU assembler version 2.36.1 (x86_64-linux-gnu) using BFD version (GNU Binutils for Ubuntu) 2.36.1]
  ignore line: [COMPILER_PATH=/usr/lib/gcc/x86_64-linux-gnu/10/:/usr/lib/gcc/x86_64-linux-gnu/10/:/usr/lib/gcc/x86_64-linux-gnu/:/usr/lib/gcc/x86_64-linux-gnu/10/:/usr/lib/gcc/x86_64-linux-gnu/]
  ignore line: [LIBRARY_PATH=/usr/lib/gcc/x86_64-linux-gnu/10/:/usr/lib/gcc/x86_64-linux-gnu/10/../../../x86_64-linux-gnu/:/usr/lib/gcc/x86_64-linux-gnu/10/../../../../lib/:/lib/x86_64-linux-gnu/:/lib/../lib/:/usr/lib/x86_64-linux-gnu/:/usr/lib/../lib/:/usr/lib/gcc/x86_64-linux-gnu/10/../../../:/lib/:/usr/lib/]
  ignore line: [COLLECT_GCC_OPTIONS='-fopenmp' '-v' '-o' 'CMakeFiles/cmTC_08206.dir/OpenMPTryFlag.cpp.o' '-c' '-shared-libgcc' '-mtune=generic' '-march=x86-64' '-pthread']
  ignore line: [Linking CXX executable cmTC_08206]
  ignore line: [/usr/bin/cmake -E cmake_link_script CMakeFiles/cmTC_08206.dir/link.txt --verbose=1]
  ignore line: [/usr/bin/c++  -fopenmp -v CMakeFiles/cmTC_08206.dir/OpenMPTryFlag.cpp.o -o cmTC_08206  -v ]
  ignore line: [Using built-in specs.]
  ignore line: [COLLECT_GCC=/usr/bin/c++]
  ignore line: [COLLECT_LTO_WRAPPER=/usr/lib/gcc/x86_64-linux-gnu/10/lto-wrapper]
  ignore line: [OFFLOAD_TARGET_NAMES=nvptx-none:amdgcn-amdhsa:hsa]
  ignore line: [OFFLOAD_TARGET_DEFAULT=1]
  ignore line: [Target: x86_64-linux-gnu]
  ignore line: [Configured with: ../src/configure -v --with-pkgversion='Ubuntu 10.3.0-1ubuntu1' --with-bugurl=file:///usr/share/doc/gcc-10/README.Bugs --enable-languages=c ada c++ go brig d fortran objc obj-c++ m2 --prefix=/usr --with-gcc-major-version-only --program-suffix=-10 --program-prefix=x86_64-linux-gnu- --enable-shared --enable-linker-build-id --libexecdir=/usr/lib --without-included-gettext --enable-threads=posix --libdir=/usr/lib --enable-nls --enable-bootstrap --enable-clocale=gnu --enable-libstdcxx-debug --enable-libstdcxx-time=yes --with-default-libstdcxx-abi=new --enable-gnu-unique-object --disable-vtable-verify --enable-plugin --enable-default-pie --with-system-zlib --enable-libphobos-checking=release --with-target-system-zlib=auto --enable-objc-gc=auto --enable-multiarch --disable-werror --with-arch-32=i686 --with-abi=m64 --with-multilib-list=m32 m64 mx32 --enable-multilib --with-tune=generic --enable-offload-targets=nvptx-none=/build/gcc-10-gDeRY6/gcc-10-10.3.0/debian/tmp-nvptx/usr amdgcn-amdhsa=/build/gcc-10-gDeRY6/gcc-10-10.3.0/debian/tmp-gcn/usr hsa --without-cuda-driver --enable-checking=release --build=x86_64-linux-gnu --host=x86_64-linux-gnu --target=x86_64-linux-gnu --with-build-config=bootstrap-lto-lean --enable-link-mutex]
  ignore line: [Thread model: posix]
  ignore line: [Supported LTO compression algorithms: zlib zstd]
  ignore line: [gcc version 10.3.0 (Ubuntu 10.3.0-1ubuntu1) ]
  ignore line: [COMPILER_PATH=/usr/lib/gcc/x86_64-linux-gnu/10/:/usr/lib/gcc/x86_64-linux-gnu/10/:/usr/lib/gcc/x86_64-linux-gnu/:/usr/lib/gcc/x86_64-linux-gnu/10/:/usr/lib/gcc/x86_64-linux-gnu/]
  ignore line: [LIBRARY_PATH=/usr/lib/gcc/x86_64-linux-gnu/10/:/usr/lib/gcc/x86_64-linux-gnu/10/../../../x86_64-linux-gnu/:/usr/lib/gcc/x86_64-linux-gnu/10/../../../../lib/:/lib/x86_64-linux-gnu/:/lib/../lib/:/usr/lib/x86_64-linux-gnu/:/usr/lib/../lib/:/usr/lib/gcc/x86_64-linux-gnu/10/../../../:/lib/:/usr/lib/]
  ignore line: [Reading specs from /usr/lib/gcc/x86_64-linux-gnu/10/libgomp.spec]
  ignore line: [COLLECT_GCC_OPTIONS='-fopenmp' '-v' '-o' 'cmTC_08206' '-v' '-shared-libgcc' '-mtune=generic' '-march=x86-64' '-pthread']
  link line: [ /usr/lib/gcc/x86_64-linux-gnu/10/collect2 -plugin /usr/lib/gcc/x86_64-linux-gnu/10/liblto_plugin.so -plugin-opt=/usr/lib/gcc/x86_64-linux-gnu/10/lto-wrapper -plugin-opt=-fresolution=/tmp/ccjiAyrw.res -plugin-opt=-pass-through=-lgcc_s -plugin-opt=-pass-through=-lgcc -plugin-opt=-pass-through=-lpthread -plugin-opt=-pass-through=-lc -plugin-opt=-pass-through=-lgcc_s -plugin-opt=-pass-through=-lgcc --build-id --eh-frame-hdr -m elf_x86_64 --hash-style=gnu --as-needed -dynamic-linker /lib64/ld-linux-x86-64.so.2 -pie -z now -z relro -o cmTC_08206 /usr/lib/gcc/x86_64-linux-gnu/10/../../../x86_64-linux-gnu/Scrt1.o /usr/lib/gcc/x86_64-linux-gnu/10/../../../x86_64-linux-gnu/crti.o /usr/lib/gcc/x86_64-linux-gnu/10/crtbeginS.o /usr/lib/gcc/x86_64-linux-gnu/10/crtoffloadbegin.o -L/usr/lib/gcc/x86_64-linux-gnu/10 -L/usr/lib/gcc/x86_64-linux-gnu/10/../../../x86_64-linux-gnu -L/usr/lib/gcc/x86_64-linux-gnu/10/../../../../lib -L/lib/x86_64-linux-gnu -L/lib/../lib -L/usr/lib/x86_64-linux-gnu -L/usr/lib/../lib -L/usr/lib/gcc/x86_64-linux-gnu/10/../../.. CMakeFiles/cmTC_08206.dir/OpenMPTryFlag.cpp.o -lstdc++ -lm -lgomp -lgcc_s -lgcc -lpthread -lc -lgcc_s -lgcc /usr/lib/gcc/x86_64-linux-gnu/10/crtendS.o /usr/lib/gcc/x86_64-linux-gnu/10/../../../x86_64-linux-gnu/crtn.o /usr/lib/gcc/x86_64-linux-gnu/10/crtoffloadend.o]
    arg [/usr/lib/gcc/x86_64-linux-gnu/10/collect2] ==> ignore
    arg [-plugin] ==> ignore
    arg [/usr/lib/gcc/x86_64-linux-gnu/10/liblto_plugin.so] ==> ignore
    arg [-plugin-opt=/usr/lib/gcc/x86_64-linux-gnu/10/lto-wrapper] ==> ignore
    arg [-plugin-opt=-fresolution=/tmp/ccjiAyrw.res] ==> ignore
    arg [-plugin-opt=-pass-through=-lgcc_s] ==> ignore
    arg [-plugin-opt=-pass-through=-lgcc] ==> ignore
    arg [-plugin-opt=-pass-through=-lpthread] ==> ignore
    arg [-plugin-opt=-pass-through=-lc] ==> ignore
    arg [-plugin-opt=-pass-through=-lgcc_s] ==> ignore
    arg [-plugin-opt=-pass-through=-lgcc] ==> ignore
    arg [--build-id] ==> ignore
    arg [--eh-frame-hdr] ==> ignore
    arg [-m] ==> ignore
    arg [elf_x86_64] ==> ignore
    arg [--hash-style=gnu] ==> ignore
    arg [--as-needed] ==> ignore
    arg [-dynamic-linker] ==> ignore
    arg [/lib64/ld-linux-x86-64.so.2] ==> ignore
    arg [-pie] ==> ignore
    arg [-znow] ==> ignore
    arg [-zrelro] ==> ignore
    arg [-o] ==> ignore
    arg [cmTC_08206] ==> ignore
    arg [/usr/lib/gcc/x86_64-linux-gnu/10/../../../x86_64-linux-gnu/Scrt1.o] ==> ignore
    arg [/usr/lib/gcc/x86_64-linux-gnu/10/../../../x86_64-linux-gnu/crti.o] ==> ignore
    arg [/usr/lib/gcc/x86_64-linux-gnu/10/crtbeginS.o] ==> ignore
    arg [/usr/lib/gcc/x86_64-linux-gnu/10/crtoffloadbegin.o] ==> ignore
    arg [-L/usr/lib/gcc/x86_64-linux-gnu/10] ==> dir [/usr/lib/gcc/x86_64-linux-gnu/10]
    arg [-L/usr/lib/gcc/x86_64-linux-gnu/10/../../../x86_64-linux-gnu] ==> dir [/usr/lib/gcc/x86_64-linux-gnu/10/../../../x86_64-linux-gnu]
    arg [-L/usr/lib/gcc/x86_64-linux-gnu/10/../../../../lib] ==> dir [/usr/lib/gcc/x86_64-linux-gnu/10/../../../../lib]
    arg [-L/lib/x86_64-linux-gnu] ==> dir [/lib/x86_64-linux-gnu]
    arg [-L/lib/../lib] ==> dir [/lib/../lib]
    arg [-L/usr/lib/x86_64-linux-gnu] ==> dir [/usr/lib/x86_64-linux-gnu]
    arg [-L/usr/lib/../lib] ==> dir [/usr/lib/../lib]
    arg [-L/usr/lib/gcc/x86_64-linux-gnu/10/../../..] ==> dir [/usr/lib/gcc/x86_64-linux-gnu/10/../../..]
    arg [CMakeFiles/cmTC_08206.dir/OpenMPTryFlag.cpp.o] ==> ignore
    arg [-lstdc++] ==> lib [stdc++]
    arg [-lm] ==> lib [m]
    arg [-lgomp] ==> lib [gomp]
    arg [-lgcc_s] ==> lib [gcc_s]
    arg [-lgcc] ==> lib [gcc]
    arg [-lpthread] ==> lib [pthread]
    arg [-lc] ==> lib [c]
    arg [-lgcc_s] ==> lib [gcc_s]
    arg [-lgcc] ==> lib [gcc]
    arg [/usr/lib/gcc/x86_64-linux-gnu/10/crtendS.o] ==> ignore
    arg [/usr/lib/gcc/x86_64-linux-gnu/10/../../../x86_64-linux-gnu/crtn.o] ==> ignore
    arg [/usr/lib/gcc/x86_64-linux-gnu/10/crtoffloadend.o] ==> ignore
  collapse library dir [/usr/lib/gcc/x86_64-linux-gnu/10] ==> [/usr/lib/gcc/x86_64-linux-gnu/10]
  collapse library dir [/usr/lib/gcc/x86_64-linux-gnu/10/../../../x86_64-linux-gnu] ==> [/usr/lib/x86_64-linux-gnu]
  collapse library dir [/usr/lib/gcc/x86_64-linux-gnu/10/../../../../lib] ==> [/usr/lib]
  collapse library dir [/lib/x86_64-linux-gnu] ==> [/lib/x86_64-linux-gnu]
  collapse library dir [/lib/../lib] ==> [/lib]
  collapse library dir [/usr/lib/x86_64-linux-gnu] ==> [/usr/lib/x86_64-linux-gnu]
  collapse library dir [/usr/lib/../lib] ==> [/usr/lib]
  collapse library dir [/usr/lib/gcc/x86_64-linux-gnu/10/../../..] ==> [/usr/lib]
  implicit libs: [stdc++;m;gomp;gcc_s;gcc;pthread;c;gcc_s;gcc]
  implicit dirs: [/usr/lib/gcc/x86_64-linux-gnu/10;/usr/lib/x86_64-linux-gnu;/usr/lib;/lib/x86_64-linux-gnu;/lib]
  implicit fwks: []


Determining if the function clock_gettime exists in the rt passed with the following output:
Change Dir: /home/avi/git/distributions/xgboost/build/CMakeFiles/CMakeTmp

Run Build Command(s):/usr/bin/gmake cmTC_507c1/fast && /usr/bin/gmake  -f CMakeFiles/cmTC_507c1.dir/build.make CMakeFiles/cmTC_507c1.dir/build
gmake[1]: Entering directory '/home/avi/git/distributions/xgboost/build/CMakeFiles/CMakeTmp'
Building C object CMakeFiles/cmTC_507c1.dir/CheckFunctionExists.c.o
/usr/bin/cc   -DCHECK_FUNCTION_EXISTS=clock_gettime -o CMakeFiles/cmTC_507c1.dir/CheckFunctionExists.c.o -c /usr/share/cmake-3.18/Modules/CheckFunctionExists.c
Linking C executable cmTC_507c1
/usr/bin/cmake -E cmake_link_script CMakeFiles/cmTC_507c1.dir/link.txt --verbose=1
/usr/bin/cc  -DCHECK_FUNCTION_EXISTS=clock_gettime CMakeFiles/cmTC_507c1.dir/CheckFunctionExists.c.o -o cmTC_507c1   -L/home/avi/git/distributions/xgboost/build/CMakeFiles/CMakeTmp/time.h  -Wl,-rpath,/home/avi/git/distributions/xgboost/build/CMakeFiles/CMakeTmp/time.h -lrt 
gmake[1]: Leaving directory '/home/avi/git/distributions/xgboost/build/CMakeFiles/CMakeTmp'



Determining if the include file cxxabi.h exists passed with the following output:
Change Dir: /home/avi/git/distributions/xgboost/build/CMakeFiles/CMakeTmp

Run Build Command(s):/usr/bin/gmake cmTC_aa6bd/fast && /usr/bin/gmake  -f CMakeFiles/cmTC_aa6bd.dir/build.make CMakeFiles/cmTC_aa6bd.dir/build
gmake[1]: Entering directory '/home/avi/git/distributions/xgboost/build/CMakeFiles/CMakeTmp'
Building CXX object CMakeFiles/cmTC_aa6bd.dir/CheckIncludeFile.cxx.o
/usr/bin/c++    -o CMakeFiles/cmTC_aa6bd.dir/CheckIncludeFile.cxx.o -c /home/avi/git/distributions/xgboost/build/CMakeFiles/CMakeTmp/CheckIncludeFile.cxx
Linking CXX executable cmTC_aa6bd
/usr/bin/cmake -E cmake_link_script CMakeFiles/cmTC_aa6bd.dir/link.txt --verbose=1
/usr/bin/c++ -rdynamic CMakeFiles/cmTC_aa6bd.dir/CheckIncludeFile.cxx.o -o cmTC_aa6bd 
gmake[1]: Leaving directory '/home/avi/git/distributions/xgboost/build/CMakeFiles/CMakeTmp'



Determining if the nanosleep exist passed with the following output:
Change Dir: /home/avi/git/distributions/xgboost/build/CMakeFiles/CMakeTmp

Run Build Command(s):/usr/bin/gmake cmTC_630d2/fast && /usr/bin/gmake  -f CMakeFiles/cmTC_630d2.dir/build.make CMakeFiles/cmTC_630d2.dir/build
gmake[1]: Entering directory '/home/avi/git/distributions/xgboost/build/CMakeFiles/CMakeTmp'
Building C object CMakeFiles/cmTC_630d2.dir/CheckSymbolExists.c.o
/usr/bin/cc    -o CMakeFiles/cmTC_630d2.dir/CheckSymbolExists.c.o -c /home/avi/git/distributions/xgboost/build/CMakeFiles/CMakeTmp/CheckSymbolExists.c
Linking C executable cmTC_630d2
/usr/bin/cmake -E cmake_link_script CMakeFiles/cmTC_630d2.dir/link.txt --verbose=1
/usr/bin/cc -rdynamic CMakeFiles/cmTC_630d2.dir/CheckSymbolExists.c.o -o cmTC_630d2 
gmake[1]: Leaving directory '/home/avi/git/distributions/xgboost/build/CMakeFiles/CMakeTmp'


File /home/avi/git/distributions/xgboost/build/CMakeFiles/CMakeTmp/CheckSymbolExists.c:
/* */
#include <time.h>

int main(int argc, char** argv)
{
  (void)argv;
#ifndef nanosleep
  return ((int*)(&nanosleep))[argc];
#else
  (void)argc;
  return 0;
#endif
}
Determining if the backtrace exist passed with the following output:
Change Dir: /home/avi/git/distributions/xgboost/build/CMakeFiles/CMakeTmp

Run Build Command(s):/usr/bin/gmake cmTC_d964e/fast && /usr/bin/gmake  -f CMakeFiles/cmTC_d964e.dir/build.make CMakeFiles/cmTC_d964e.dir/build
gmake[1]: Entering directory '/home/avi/git/distributions/xgboost/build/CMakeFiles/CMakeTmp'
Building C object CMakeFiles/cmTC_d964e.dir/CheckSymbolExists.c.o
/usr/bin/cc    -o CMakeFiles/cmTC_d964e.dir/CheckSymbolExists.c.o -c /home/avi/git/distributions/xgboost/build/CMakeFiles/CMakeTmp/CheckSymbolExists.c
Linking C executable cmTC_d964e
/usr/bin/cmake -E cmake_link_script CMakeFiles/cmTC_d964e.dir/link.txt --verbose=1
/usr/bin/cc -rdynamic CMakeFiles/cmTC_d964e.dir/CheckSymbolExists.c.o -o cmTC_d964e 
gmake[1]: Leaving directory '/home/avi/git/distributions/xgboost/build/CMakeFiles/CMakeTmp'


File /home/avi/git/distributions/xgboost/build/CMakeFiles/CMakeTmp/CheckSymbolExists.c:
/* */
#include <execinfo.h>

int main(int argc, char** argv)
{
  (void)argv;
#ifndef backtrace
  return ((int*)(&backtrace))[argc];
#else
  (void)argc;
  return 0;
#endif
}
Determining if the include file sys/types.h exists passed with the following output:
Change Dir: /home/avi/git/distributions/xgboost/build/CMakeFiles/CMakeTmp

Run Build Command(s):/usr/bin/gmake cmTC_327e8/fast && /usr/bin/gmake  -f CMakeFiles/cmTC_327e8.dir/build.make CMakeFiles/cmTC_327e8.dir/build
gmake[1]: Entering directory '/home/avi/git/distributions/xgboost/build/CMakeFiles/CMakeTmp'
Building C object CMakeFiles/cmTC_327e8.dir/CheckIncludeFile.c.o
/usr/bin/cc    -o CMakeFiles/cmTC_327e8.dir/CheckIncludeFile.c.o -c /home/avi/git/distributions/xgboost/build/CMakeFiles/CMakeTmp/CheckIncludeFile.c
Linking C executable cmTC_327e8
/usr/bin/cmake -E cmake_link_script CMakeFiles/cmTC_327e8.dir/link.txt --verbose=1
/usr/bin/cc CMakeFiles/cmTC_327e8.dir/CheckIncludeFile.c.o -o cmTC_327e8 
gmake[1]: Leaving directory '/home/avi/git/distributions/xgboost/build/CMakeFiles/CMakeTmp'



Determining if the include file stdint.h exists passed with the following output:
Change Dir: /home/avi/git/distributions/xgboost/build/CMakeFiles/CMakeTmp

Run Build Command(s):/usr/bin/gmake cmTC_3a791/fast && /usr/bin/gmake  -f CMakeFiles/cmTC_3a791.dir/build.make CMakeFiles/cmTC_3a791.dir/build
gmake[1]: Entering directory '/home/avi/git/distributions/xgboost/build/CMakeFiles/CMakeTmp'
Building C object CMakeFiles/cmTC_3a791.dir/CheckIncludeFile.c.o
/usr/bin/cc    -o CMakeFiles/cmTC_3a791.dir/CheckIncludeFile.c.o -c /home/avi/git/distributions/xgboost/build/CMakeFiles/CMakeTmp/CheckIncludeFile.c
Linking C executable cmTC_3a791
/usr/bin/cmake -E cmake_link_script CMakeFiles/cmTC_3a791.dir/link.txt --verbose=1
/usr/bin/cc CMakeFiles/cmTC_3a791.dir/CheckIncludeFile.c.o -o cmTC_3a791 
gmake[1]: Leaving directory '/home/avi/git/distributions/xgboost/build/CMakeFiles/CMakeTmp'



Determining if the include file stddef.h exists passed with the following output:
Change Dir: /home/avi/git/distributions/xgboost/build/CMakeFiles/CMakeTmp

Run Build Command(s):/usr/bin/gmake cmTC_40aeb/fast && /usr/bin/gmake  -f CMakeFiles/cmTC_40aeb.dir/build.make CMakeFiles/cmTC_40aeb.dir/build
gmake[1]: Entering directory '/home/avi/git/distributions/xgboost/build/CMakeFiles/CMakeTmp'
Building C object CMakeFiles/cmTC_40aeb.dir/CheckIncludeFile.c.o
/usr/bin/cc    -o CMakeFiles/cmTC_40aeb.dir/CheckIncludeFile.c.o -c /home/avi/git/distributions/xgboost/build/CMakeFiles/CMakeTmp/CheckIncludeFile.c
Linking C executable cmTC_40aeb
/usr/bin/cmake -E cmake_link_script CMakeFiles/cmTC_40aeb.dir/link.txt --verbose=1
/usr/bin/cc CMakeFiles/cmTC_40aeb.dir/CheckIncludeFile.c.o -o cmTC_40aeb 
gmake[1]: Leaving directory '/home/avi/git/distributions/xgboost/build/CMakeFiles/CMakeTmp'



Determining size of unsigned short passed with the following output:
Change Dir: /home/avi/git/distributions/xgboost/build/CMakeFiles/CMakeTmp

Run Build Command(s):/usr/bin/gmake cmTC_465bf/fast && /usr/bin/gmake  -f CMakeFiles/cmTC_465bf.dir/build.make CMakeFiles/cmTC_465bf.dir/build
gmake[1]: Entering directory '/home/avi/git/distributions/xgboost/build/CMakeFiles/CMakeTmp'
Building C object CMakeFiles/cmTC_465bf.dir/CMAKE_SIZEOF_UNSIGNED_SHORT.c.o
/usr/bin/cc    -o CMakeFiles/cmTC_465bf.dir/CMAKE_SIZEOF_UNSIGNED_SHORT.c.o -c /home/avi/git/distributions/xgboost/build/CMakeFiles/CheckTypeSize/CMAKE_SIZEOF_UNSIGNED_SHORT.c
Linking C executable cmTC_465bf
/usr/bin/cmake -E cmake_link_script CMakeFiles/cmTC_465bf.dir/link.txt --verbose=1
/usr/bin/cc -rdynamic CMakeFiles/cmTC_465bf.dir/CMAKE_SIZEOF_UNSIGNED_SHORT.c.o -o cmTC_465bf 
gmake[1]: Leaving directory '/home/avi/git/distributions/xgboost/build/CMakeFiles/CMakeTmp'



Determining if the system is big endian passed with the following output:
Change Dir: /home/avi/git/distributions/xgboost/build/CMakeFiles/CMakeTmp

Run Build Command(s):/usr/bin/gmake cmTC_2ef4f/fast && /usr/bin/gmake  -f CMakeFiles/cmTC_2ef4f.dir/build.make CMakeFiles/cmTC_2ef4f.dir/build
gmake[1]: Entering directory '/home/avi/git/distributions/xgboost/build/CMakeFiles/CMakeTmp'
Building C object CMakeFiles/cmTC_2ef4f.dir/TestEndianess.c.o
/usr/bin/cc    -o CMakeFiles/cmTC_2ef4f.dir/TestEndianess.c.o -c /home/avi/git/distributions/xgboost/build/CMakeFiles/CMakeTmp/TestEndianess.c
Linking C executable cmTC_2ef4f
/usr/bin/cmake -E cmake_link_script CMakeFiles/cmTC_2ef4f.dir/link.txt --verbose=1
/usr/bin/cc -rdynamic CMakeFiles/cmTC_2ef4f.dir/TestEndianess.c.o -o cmTC_2ef4f 
gmake[1]: Leaving directory '/home/avi/git/distributions/xgboost/build/CMakeFiles/CMakeTmp'


TestEndianess.c:
/* A 16 bit integer is required. */
typedef unsigned short cmakeint16;

/* On a little endian machine, these 16bit ints will give "THIS IS LITTLE ENDIAN."
   On a big endian machine the characters will be exchanged pairwise. */
const cmakeint16 info_little[] =  {0x4854, 0x5349, 0x4920, 0x2053, 0x494c, 0x5454, 0x454c, 0x4520, 0x444e, 0x4149, 0x2e4e, 0x0000};

/* on a big endian machine, these 16bit ints will give "THIS IS BIG ENDIAN."
   On a little endian machine the characters will be exchanged pairwise. */
const cmakeint16 info_big[] =     {0x5448, 0x4953, 0x2049, 0x5320, 0x4249, 0x4720, 0x454e, 0x4449, 0x414e, 0x2e2e, 0x0000};

#ifdef __CLASSIC_C__
int main(argc, argv) int argc; char *argv[];
#else
int main(int argc, char *argv[])
#endif
{
  int require = 0;
  require += info_little[argc];
  require += info_big[argc];
  (void)argv;
  return require;
}


Performing C++ SOURCE FILE Test SUPPORT_MSSE2 succeeded with the following output:
Change Dir: /home/avi/git/distributions/xgboost/build/CMakeFiles/CMakeTmp

Run Build Command(s):/usr/bin/gmake cmTC_6f976/fast && /usr/bin/gmake  -f CMakeFiles/cmTC_6f976.dir/build.make CMakeFiles/cmTC_6f976.dir/build
gmake[1]: Entering directory '/home/avi/git/distributions/xgboost/build/CMakeFiles/CMakeTmp'
Building CXX object CMakeFiles/cmTC_6f976.dir/src.cxx.o
/usr/bin/c++   -DSUPPORT_MSSE2 -fPIE   -msse2 -std=c++11 -o CMakeFiles/cmTC_6f976.dir/src.cxx.o -c /home/avi/git/distributions/xgboost/build/CMakeFiles/CMakeTmp/src.cxx
Linking CXX executable cmTC_6f976
/usr/bin/cmake -E cmake_link_script CMakeFiles/cmTC_6f976.dir/link.txt --verbose=1
/usr/bin/c++  -DSUPPORT_MSSE2 CMakeFiles/cmTC_6f976.dir/src.cxx.o -o cmTC_6f976 
gmake[1]: Leaving directory '/home/avi/git/distributions/xgboost/build/CMakeFiles/CMakeTmp'


Source file was:
int main() { return 0; }
